game,publisher,min_rtp,max_rtp,
Blackjack Single Deck,Connective Games,99.5,99.5,
Book of 99,Relax Gaming,99.0,99.0,
Thrones of Persia,Tom Horn Gaming,98.8,98.8,
1429 Uncharted Seas,Thunderkick,98.6,98.6,
B-Boys Street,World Match,98.1,98.1,
Elite Commandos,World Match,98.1,98.1,
Farm Adventures,World Match,98.1,98.1,
Fruits Dimension,World Match,98.1,98.1,
Fruits Evolution,World Match,98.1,98.1,
Gentleman Thief,World Match,98.1,98.1,
Marching Legions,Relax Gaming,98.1,98.1,
Space Monsters,World Match,98.1,98.1,
Blood Suckers,Net Entertainment,98.0,98.0,
Money Cart,Relax Gaming,98.0,98.0,
Money Cart 2,Relax Gaming,98.0,98.0,
Rags to Riches,Cryptologic,98.0,98.0,
Starmania,NextGen Gaming,97.9,97.9,
Aquarium,World Match,97.8,97.8,
Diamond Croupier,World Match,97.8,97.8,
"Good Girl, Bad Girl",Betsoft,97.8,97.8,
Kings of Chicago,Net Entertainment,97.8,97.8,
Wolfpack Pays,NextGen Gaming,97.8,97.8,
Dico80,World Match,97.7,97.7,
Golden Tour,Playtech,97.7,97.7,
Horror Castle,World Match,97.7,97.7,
The Last Crusade,World Match,97.7,97.7,
Devil's Delight,Net Entertainment,97.6,97.6,
Diamonds Wild,Galewind Software,97.6,97.6,
Gypsy Rose,Betsoft,97.6,97.6,
Joker's Luck,Skywind Group,97.6,97.6,
Magicious,Thunderkick,97.6,97.6,
Suerte De La Oca,Skywind Group,97.6,97.6,
Sugar Pop,Betsoft,97.6,97.6,
The Red White & Blue,Galewind Software,97.6,97.6,
Vinci La Gallina,Skywind Group,97.6,97.6,
Whospunit?,Betsoft,97.6,97.6,
Bowl-a-Palooza,Galewind Software,97.5,97.5,
Brittonaire,Cozy Games,97.5,97.5,
Crazy 8 Line,Galewind Software,97.5,97.5,
Gems of Isis,Galewind Software,97.5,97.5,
Golden Goal,Galewind Software,97.5,97.5,
Hot Ink,Microgaming,97.5,97.5,
Hot Peppers,Galewind Software,97.5,97.5,
Lady Glamour,World Match,97.5,97.5,
Love Lab,World Match,97.5,97.5,
Lucky Lanterns,Galewind Software,97.5,97.5,
Retro Reels - Extreme Heat,Microgaming,97.5,97.5,
Safari Sam,Betsoft,97.5,97.5,
Simsalabim,Net Entertainment,97.5,97.5,
Sushi Bar,Betsoft,97.5,97.5,
Take it or Stake it,Galewind Software,97.5,97.5,
Wild Orient,Microgaming,97.5,97.5,
At the Copa,Betsoft,97.4,97.4,
Couch Potato,Microgaming,97.4,97.4,
High 5,Microgaming,97.4,97.4,
Texas Tea,IGT,97.4,97.4,
After Night Falls,Betsoft,97.3,97.3,
Big Bad Wolf,Quickspin,97.3,97.3,
Børk the Berserker Hack 'n' Slash Edition,Thunderkick,97.3,97.3,
Børk The Berzerker,Thunderkick,97.3,97.3,
Domintors Deluxe,BGaming,97.3,97.3,
Sizable Win,Tom Horn Gaming,97.3,97.3,
White Rabbit,Big Time Gaming,97.2,97.8,
Sultan's Fortune,Playtech,97.2,97.3,
Beowulf,Quickspin,97.2,97.2,
Greedy Goblins,Betsoft,97.2,97.2,
John Hunter Big Game Hunter,PlayPearls,97.2,97.2,
Machine Gun Unicorn,Genesis Gaming,97.2,97.2,
Zombies,Net Entertainment,97.2,97.2,
A Night Out,Playtech,97.1,97.1,
Captain's Treasure,Playtech,97.1,97.1,
Demolition Squad,Net Entertainment,97.1,97.1,
Desert Treasure,Playtech,97.1,97.1,
Easter Surprise,Playtech,97.1,97.1,
Football Rules,Playtech,97.1,97.1,
Freya Arrow of the North,PlayPearls,97.1,97.1,
Fruit Million,BGaming,97.1,97.1,
Halloween Fortune,Playtech,97.1,97.1,
Highway Kings,Playtech,97.1,97.1,
Jack Hammer 2,Net Entertainment,97.1,97.1,
Jackpot Diamonds,Mazooma,97.1,97.1,
Lotto Madness,Playtech,97.1,97.1,
Lucky Lady's Charm Deluxe,Novomatic,97.1,97.1,
Mad Dash,Microgaming,97.1,97.1,
Medusa II,NextGen Gaming,97.1,97.1,
Monster Wins,NextGen Gaming,97.1,97.1,
Rage to Riches,Play'n Go,97.1,97.1,
Santa Surprise,Playtech,97.1,97.1,
Secrets of Atlantis,Net Entertainment,97.1,97.1,
Sinbad,Quickspin,97.1,97.1,
Spud O'Reilly's Crops of Gold,Playtech,97.1,97.1,
Summer Holiday,Microgaming,97.1,97.1,
Supernova,Quickspin,97.1,97.1,
The Tipsy Tourist,Betsoft,97.1,97.1,
Toki Time,Thunderkick,97.1,97.1,
Treasure Island,Quickspin,97.1,97.1,
Tut's Twister,Yggdrasil Gaming,97.1,97.1,
Ocean Princess,Playtech,97.0,99.1,
Tropic Reels,Playtech,97.0,98.9,
5-Reel Drive,Microgaming,97.0,97.0,
7 Oceans,Microgaming,97.0,97.0,
9k Yeti,Yggdrasil Gaming,97.0,97.0,
All Lucky Clovers,BGaming,97.0,97.0,
Amazon Lady,Skywind Group,97.0,97.0,
Amun's Book,Zeus Play,97.0,97.0,
Barber Shop,Thunderkick,97.0,97.0,
Barber Shop Uncut,Thunderkick,97.0,97.0,
Baron Samedi,Yggdrasil Gaming,97.0,97.0,
Bells and Whistles,Galewind Software,97.0,97.0,
Butterfly Hot 10,Zeus Play,97.0,97.0,
Coins of Egypt,Net Entertainment,97.0,97.0,
Colt P.I.,PlayPearls,97.0,97.0,
Columbus Deluxe,Novomatic,97.0,97.0,
Dr Lovemore,Playtech,97.0,97.0,
Epic Joker,Relax Gaming,97.0,97.0,
Faming Fruit,Tom Horn Gaming,97.0,97.0,
Fortunes of Sparta,Blueprint Gaming,97.0,97.0,
Frogs 'n Flies,Amaya Gaming,97.0,97.0,
Fruit Warp,Thunderkick,97.0,97.0,
Hit the Route,BGaming,97.0,97.0,
Iron Sky The Coming Race,PlayPearls,97.0,97.0,
Jack Hammer,Net Entertainment,97.0,97.0,
Jin Qian Wa,Playtech,97.0,97.0,
Joker's Luck Deluxe,Skywind Group,97.0,97.0,
King of Slots,Net Entertainment,97.0,97.0,
Lady of the Forest,Zeus Play,97.0,97.0,
Long Pao,Net Entertainment,97.0,97.0,
Lost Temple,Amaya Gaming,97.0,97.0,
Lucky Lady Moon,BGaming,97.0,97.0,
Magic Charm,Zeus Play,97.0,97.0,
Magic of Oz,Skywind Group,97.0,97.0,
Magical Grove,Amaya Gaming,97.0,97.0,
Mexican Cook,World Match,97.0,97.0,
Monkey 27,Tom Horn Gaming,97.0,97.0,
Monopoly Electric Wins,WMS Gaming,97.0,97.0,
Motorhead,Net Entertainment,97.0,97.0,
Muse,Net Entertainment,97.0,97.0,
Nian Nian You Yu,Playtech,97.0,97.0,
Page of Fortune Deluxe,Zeus Play,97.0,97.0,
Pollen Party,Microgaming,97.0,97.0,
Queen of Wands,Playtech,97.0,97.0,
Reel Thunder,Microgaming,97.0,97.0,
Royal Jewels,Zeus Play,97.0,97.0,
Scoop the Cash,Microgaming,97.0,97.0,
Serengeti Diamonds,Amaya Gaming,97.0,97.0,
Silver Spurs,Galewind Software,97.0,97.0,
Sinbad's Golden Voyage,Ash Gaming,97.0,97.0,
Skazka,Playtech,97.0,97.0,
Space Hunters,PlayPearls,97.0,97.0,
Steam Tower,Net Entertainment,97.0,97.0,
Sun Quest,Microgaming,97.0,97.0,
SunTide,Microgaming,97.0,97.0,
The Great Casini,Amaya Gaming,97.0,97.0,
The True Sheriff,Betsoft,97.0,97.0,
Treasure Palace,Microgaming,97.0,97.0,
Triple Joker,Tom Horn Gaming,97.0,97.0,
Triple Monkey,Skywind Group,97.0,97.0,
True Illusions,Betsoft,97.0,97.0,
Vampire Killer,World Match,97.0,97.0,
When Pigs Fly,Net Entertainment,97.0,97.0,
Wild Chapo,Relax Gaming,97.0,97.0,
Wild Swarm,Push Gaming,97.0,97.0,
Wilhelm Tell,Yggdrasil Gaming,97.0,97.0,
Xmas Joker,Play'n Go,97.0,97.0,
Zhao Cai Tong Zi,Playtech,97.0,97.0,
Alibaba,Leander Games,96.9,96.9,
Aztec Slots,GamesOS,96.9,96.9,
Big Top,Microgaming,96.9,96.9,
Bloodsuckers II,Net Entertainment,96.9,96.9,
Carnaval,Microgaming,96.9,96.9,
Chilli Gold,Amaya Gaming,96.9,96.9,
Chinese Kitchen,Playtech,96.9,96.9,
Cinerama,Playtech,96.9,96.9,
Cosmic Fortune,Net Entertainment,96.9,96.9,
Crazy 80s,Microgaming,96.9,96.9,
Dazzle Me,Net Entertainment,96.9,96.9,
Dragon Slot,Leander Games,96.9,96.9,
Dragons' Awakening,Relax Gaming,96.9,96.9,
East Wind Battle,Skywind Group,96.9,96.9,
Erik the Red,Relax Gaming,96.9,96.9,
Fei Cui Gong Zhu,Playtech,96.9,96.9,
Fortune Rangers,Net Entertainment,96.9,96.9,
Genie's Touch,Quickspin,96.9,96.9,
Gold Trophy 2,Play'n Go,96.9,96.9,
Hearts and Dragons,Skywind Group,96.9,96.9,
Immortal Romance,Microgaming,96.9,96.9,
Imperial Riches,Net Entertainment,96.9,96.9,
Jimi Hendrix,Net Entertainment,96.9,96.9,
King of Three Kingdoms,Net Entertainment,96.9,96.9,
Myth,Play'n Go,96.9,96.9,
Ned and his Friends,Betsoft,96.9,96.9,
Neon Staxx,Net Entertainment,96.9,96.9,
Pearl Lagoon,Play'n Go,96.9,96.9,
Pearls of India,Play'n Go,96.9,96.9,
Queen of Riches,Big Time Gaming,96.9,96.9,
Queen of Wands,Skywind Group,96.9,96.9,
Silver Bullet,Playtech,96.9,96.9,
Slots Angels,Betsoft,96.9,96.9,
The Shadow Order,Push Gaming,96.9,96.9,
Victorious,Net Entertainment,96.9,96.9,
Warlords: Crystals of Power,Net Entertainment,96.9,96.9,
What a Hoot,Microgaming,96.9,96.9,
Wild Wheel,Push Gaming,96.9,96.9,
Zombie Circus,Relax Gaming,96.9,96.9,
Funky Monkey,Playtech,96.8,96.9,
Tres Amigos,Playtech,96.8,96.9,
Arcane: Reel Chaos,Net Entertainment,96.8,96.8,
Archer,Playtech,96.8,96.8,
Beach,Net Entertainment,96.8,96.8,
Bust the Bank,Microgaming,96.8,96.8,
Candy Dreams,Microgaming,96.8,96.8,
Chilli Festival,Skywind Group,96.8,96.8,
Dead or Alive,Net Entertainment,96.8,96.8,
Dead or Alive 2,Net Entertainment,96.8,96.8,
Dwarf Mine,Yggdrasil Gaming,96.8,96.8,
Easter Eggs,Play'n Go,96.8,96.8,
Football: Champions Cup,Net Entertainment,96.8,96.8,
Frankenslot's Monster,Betsoft,96.8,96.8,
Fruit Spin,Net Entertainment,96.8,96.8,
Gemix,Play'n Go,96.8,96.8,
Gladiator,Betsoft,96.8,96.8,
Goldilocks and the Wild Bears,Quickspin,96.8,96.8,
Great Griffin,Microgaming,96.8,96.8,
Heart 2 Heart,Skywind Group,96.8,96.8,
High Society,Microgaming,96.8,96.8,
Holmes & the Stolen Stones,Yggdrasil Gaming,96.8,96.8,
Hot as Hades,Microgaming,96.8,96.8,
Jammin' Jars,Push Gaming,96.8,96.8,
Joker Pro,Net Entertainment,96.8,96.8,
Kitchen Drama Sushi Mania,Nolimit City,96.8,96.8,
Leprechaun Goes Egypt,Play'n Go,96.8,96.8,
Lucky 8-Line,Net Entertainment,96.8,96.8,
Oktoberfest,Nolimit City,96.8,96.8,
Ortaköyün Yaramazi,Play'n Go,96.8,96.8,
Powerspin,Relax Gaming,96.8,96.8,
Robin Hood: Shifting Riches,Net Entertainment,96.8,96.8,
Scarface,Net Entertainment,96.8,96.8,
Space Wars,Net Entertainment,96.8,96.8,
Spartacus Super Colossal Reels,WMS Gaming,96.8,96.8,
Spiñata Grande,Net Entertainment,96.8,96.8,
Who's the Bride?,Net Entertainment,96.8,96.8,
Wild Gambler,Ash Gaming,96.8,96.8,
Winterberries,Yggdrasil Gaming,96.8,96.8,
8 Ball Slots,Playtech,96.7,96.9,
Attraction,Net Entertainment,96.7,96.7,
Aztec Idols,Play'n Go,96.7,96.7,
Bridesmaids,Microgaming,96.7,96.7,
Casino Win Spin,Nolimit City,96.7,96.7,
Chinese New Year,Play'n Go,96.7,96.7,
Crime Scene,Net Entertainment,96.7,96.7,
Dragon Island,Net Entertainment,96.7,96.7,
Drive: Multiplier Mayhem,Net Entertainment,96.7,96.7,
Egyptian Heroes,Net Entertainment,96.7,96.7,
Enchanted Crystals,Play'n Go,96.7,96.7,
Energoonz,Play'n Go,96.7,96.7,
Fairytale Legends: Hansel and Gretel,Net Entertainment,96.7,96.7,
Fisticuffs,Net Entertainment,96.7,96.7,
Fruit Shop: Christmas Edition,Net Entertainment,96.7,96.7,
Fruitoids,Yggdrasil Gaming,96.7,96.7,
Fun of the Fair,Gamesys,96.7,96.7,
Get Rocked,Microgaming,96.7,96.7,
Glow,Net Entertainment,96.7,96.7,
Golden Ticket,Play'n Go,96.7,96.7,
Iron Girl,Play'n Go,96.7,96.7,
It's Time!!,Relax Gaming,96.7,96.7,
Jurassic Park,Microgaming,96.7,96.7,
King of Cats,Big Time Gaming,96.7,96.7,
Kings of Cash,Microgaming,96.7,96.7,
Kitchen Drama BBQ Frenzy,Nolimit City,96.7,96.7,
Monkey Pays,Skywind Group,96.7,96.7,
Moonshine Riches,Net Entertainment,96.7,96.7,
Ninja Fruits,Play'n Go,96.7,96.7,
Opal Fruits,Big Time Gaming,96.7,96.7,
Ozwin's Jackpots,Yggdrasil Gaming,96.7,96.7,
Pinup Dolls,Mascot Gaming,96.7,96.7,
Puppy Love,Betsoft,96.7,96.7,
Razor Shark,Push Gaming,96.7,96.7,
Robotnik,Yggdrasil Gaming,96.7,96.7,
Ruby Pearl,Skywind Group,96.7,96.7,
Scrooge,Microgaming,96.7,96.7,
Secret of the Stones,Net Entertainment,96.7,96.7,
Secrets of Christmas,Net Entertainment,96.7,96.7,
Steinfest,Microgaming,96.7,96.7,
Stickers,Net Entertainment,96.7,96.7,
Sweet Honey Fruity,Net Entertainment,96.7,96.7,
The Wild Chase,Quickspin,96.7,96.7,
The Wolf's Bane,Net Entertainment,96.7,96.7,
Thief,Net Entertainment,96.7,96.7,
Thunderfist,Net Entertainment,96.7,96.7,
Titans of the Sun - Hyperion,Microgaming,96.7,96.7,
Titans of the Sun - Theia,Microgaming,96.7,96.7,
Troll Hunters,Play'n Go,96.7,96.7,
Viking Runecraft,Play'n Go,96.7,96.7,
Wicked Spins,Skywind Group,96.7,96.7,
Wild Rockets,Net Entertainment,96.7,96.7,
Wild Wild West: The Great Train Heist,Net Entertainment,96.7,96.7,
Wizard of Gems,Play'n Go,96.7,96.7,
Ace Round,Evoplay Entertainment,96.6,96.6,
Alaskan Fishing,Microgaming,96.6,96.6,
Alaxe In Zombieland,Genesis Gaming,96.6,96.6,
Alien Robots,Net Entertainment,96.6,96.6,
Arctic Fortune,Microgaming,96.6,96.6,
Battlestar Galactica,Microgaming,96.6,96.6,
BerryBurst,Net Entertainment,96.6,96.6,
Buffalo Lightning,Skywind Group,96.6,96.6,
Bush Telegraph,Microgaming,96.6,96.6,
Chocolates,Big Time Gaming,96.6,96.6,
Divine Fortune,Net Entertainment,96.6,96.6,
Double Jungle,Skywind Group,96.6,96.6,
Dracula,Net Entertainment,96.6,96.6,
Elemental Princess,Yggdrasil Gaming,96.6,96.6,
Emerald's Infinity Reels,Relax Gaming,96.6,96.6,
Fantasini: Master of Mystery,Net Entertainment,96.6,96.6,
Finn and the Swirly Spin,Net Entertainment,96.6,96.6,
Firestorm,Quickspin,96.6,96.6,
Frankenstein,Net Entertainment,96.6,96.6,
Full Moon Madness,Skywind Group,96.6,96.6,
Gift Rap,Microgaming,96.6,96.6,
Golden Era,Microgaming,96.6,96.6,
Happy Holidays,Microgaming,96.6,96.6,
Humpty Dumpty,Push Gaming,96.6,96.6,
Ice and Fire,Yggdrasil Gaming,96.6,96.6,
Illuminous,Quickspin,96.6,96.6,
Joker Troupe,Push Gaming,96.6,96.6,
King Colossus,Quickspin,96.6,96.6,
Kingmaker Megaways,Big Time Gaming,96.6,96.6,
Kung Fu Monkey,Microgaming,96.6,96.6,
Medusa- Fortune and Glory,Yggdrasil Gaming,96.6,96.6,
Mega Fortune,Net Entertainment,96.6,96.6,
Mercy of the Gods,Net Entertainment,96.6,96.6,
MultiFruit 81,Play'n Go,96.6,96.6,
Mythic Maiden,Net Entertainment,96.6,96.6,
NRVNA,Net Entertainment,96.6,96.6,
Peek-a-boo,Microgaming,96.6,96.6,
Planet Exotica,Microgaming,96.6,96.6,
Playboy,Microgaming,96.6,96.6,
Pollen Nation,Microgaming,96.6,96.6,
Prissy Princess,Play'n Go,96.6,96.6,
Rabbit in the Hat,Microgaming,96.6,96.6,
Razortooth,Quickspin,96.6,96.6,
Robin Hood Feathers of Fortune,Microgaming,96.6,96.6,
Royal Feast,Microgaming,96.6,96.6,
Sea Hunter,Play'n Go,96.6,96.6,
Serenity,Microgaming,96.6,96.6,
Star Fall,Push Gaming,96.6,96.6,
Stardust,Microgaming,96.6,96.6,
Terminator 2,Microgaming,96.6,96.6,
Tesla Jolt,Nolimit City,96.6,96.6,
The Final Countdown,Big Time Gaming,96.6,96.6,
The Legend of Shangri-La,Net Entertainment,96.6,96.6,
The Three Musketeers,Quickspin,96.6,96.6,
The Wish Master,Net Entertainment,96.6,96.6,
Tiger vs Bear,Genesis Gaming,96.6,96.6,
Tomb Raider,Microgaming,96.6,96.6,
Twin Fruits,Skywind Group,96.6,96.6,
Twin Happiness,Net Entertainment,96.6,96.6,
Viking Clash,Push Gaming,96.6,96.6,
Viva Fruit Vegas,Skywind Group,96.6,96.6,
Wasabi San,Microgaming,96.6,96.6,
Wealth Spa,Microgaming,96.6,96.6,
Weekend in Vegas,Betsoft,96.6,96.6,
Who Wants to Be a Millionaire Mystery Box,Big Time Gaming,96.6,96.6,
Wild North,Play'n Go,96.6,96.6,
Wild Turkey,Net Entertainment,96.6,96.6,
Wings of Riches,Net Entertainment,96.6,96.6,
Wixx,Nolimit City,96.6,96.6,
Wooly World,Microgaming,96.6,96.6,
Dark Vortex,Yggdrasil Gaming,96.5,97.0,
2 Gods Zeus vs Thor,Yggdrasil Gaming,96.5,96.5,
A Night in Paris,Betsoft,96.5,96.5,
Abra-Kebab-Ra,Microgaming,96.5,96.5,
Angel's Touch,Amaya Gaming,96.5,96.5,
Apocalypse Cow,Microgaming,96.5,96.5,
Atomic 8s,Microgaming,96.5,96.5,
Basketball Star,Microgaming,96.5,96.5,
Beautiful Bones,Microgaming,96.5,96.5,
Big Chef,Microgaming,96.5,96.5,
Bikini Party,Microgaming,96.5,96.5,
Bill & Ted's Excellent Adventure,Microgaming,96.5,96.5,
Bingo Bango Boom,Microgaming,96.5,96.5,
Birds,Betsoft,96.5,96.5,
Bob's Coffee Shop,BGaming,96.5,96.5,
Booty Time,Genesis Gaming,96.5,96.5,
Buffet Bonanza,Microgaming,96.5,96.5,
Cash n Curry,Microgaming,96.5,96.5,
Castle Builder,Rabcat,96.5,96.5,
Champion of the Track,Net Entertainment,96.5,96.5,
Cloud Quest,Play'n Go,96.5,96.5,
Coins of Fortune,Nolimit City,96.5,96.5,
Cool Wolf,Microgaming,96.5,96.5,
Cosmic Cat,Microgaming,96.5,96.5,
Creature from the Black Lagoon,Net Entertainment,96.5,96.5,
Cyberslot Megaclusters,Big Time Gaming,96.5,96.5,
Diamond Dogs,Net Entertainment,96.5,96.5,
Diamonds of Fortune,Mazooma,96.5,96.5,
Dolphin Coast,Microgaming,96.5,96.5,
Donuts,Big Time Gaming,96.5,96.5,
Dr Watts Up,Microgaming,96.5,96.5,
Dragon Dance,Microgaming,96.5,96.5,
Dragon Lady,Microgaming,96.5,96.5,
Dubya Money,Microgaming,96.5,96.5,
E.T. Lost Socks,Evoplay Entertainment,96.5,96.5,
Eagle's Wings,Microgaming,96.5,96.5,
EggOMatic,Net Entertainment,96.5,96.5,
El Dorado Infinity Reels,Yggdrasil Gaming,96.5,96.5,
Event Horizon,Betsoft,96.5,96.5,
Fairytale Legends: Mirror Mirror,Net Entertainment,96.5,96.5,
Fat Lady Sings,Microgaming,96.5,96.5,
Fish Party,Microgaming,96.5,96.5,
Flight Zone,Microgaming,96.5,96.5,
Fortune Finder,Microgaming,96.5,96.5,
Frozen Diamonds,Rabcat,96.5,96.5,
Game on,Microgaming,96.5,96.5,
Girls With Guns,Microgaming,96.5,96.5,
Gold Factory,Microgaming,96.5,96.5,
Golden Legend,Play'n Go,96.5,96.5,
Grim Muerto,Play'n Go,96.5,96.5,
Happy Halloween,Play'n Go,96.5,96.5,
Hellboy,Microgaming,96.5,96.5,
Hidden Valley,Quickspin,96.5,96.5,
HipHopOpotamus,Microgaming,96.5,96.5,
Holiday Season,Play'n Go,96.5,96.5,
Hugo 2,Play'n Go,96.5,96.5,
Immortal Guild,Push Gaming,96.5,96.5,
Jade Magician,Play'n Go,96.5,96.5,
Jason and the Golden Fleece,Microgaming,96.5,96.5,
Jewel Blast,Quickspin,96.5,96.5,
Jewels of the Orient,Microgaming,96.5,96.5,
Jingle Jackpot,Mazooma,96.5,96.5,
Jingle Spin,Net Entertainment,96.5,96.5,
Joker 8000,Microgaming,96.5,96.5,
Jungle Games,Net Entertainment,96.5,96.5,
Jungle Spirit: Call of the Wild,Net Entertainment,96.5,96.5,
Jurassic Island,Ash Gaming,96.5,96.5,
Jurassic Island,BGO Studios,96.5,96.5,
Jurassic Party,Relax Gaming,96.5,96.5,
Just Vegas,Cryptologic,96.5,96.5,
Karate Pig,Microgaming,96.5,96.5,
Kitty Cabana,Microgaming,96.5,96.5,
Leagues of Fortune,Microgaming,96.5,96.5,
Leprechaun Goes to Hell,Play'n Go,96.5,96.5,
Lost Island,Net Entertainment,96.5,96.5,
Lucky Koi,Microgaming,96.5,96.5,
Lucky Twins,Microgaming,96.5,96.5,
Magic Multiplier,Microgaming,96.5,96.5,
Magnificent 777's,Microgaming,96.5,96.5,
Mayan Princess,Microgaming,96.5,96.5,
Mermaid's Diamond,Play'n Go,96.5,96.5,
Midnight Rush,Sheriff Gaming,96.5,96.5,
Monkey King,Microgaming,96.5,96.5,
Monopoly Megaways,Big Time Gaming,96.5,96.5,
Monsters in the Closet,Microgaming,96.5,96.5,
Moon Princess,Play'n Go,96.5,96.5,
Mount Magmas,Push Gaming,96.5,96.5,
Multiplier Odyssey,Relax Gaming,96.5,96.5,
Murder Mystery,BGO Studios,96.5,96.5,
Mystery Museum,Push Gaming,96.5,96.5,
Nuclear 9s,Microgaming,96.5,96.5,
Pandamonium,Microgaming,96.5,96.5,
Pimped,Play'n Go,96.5,96.5,
Pinocchio,Betsoft,96.5,96.5,
Pop,Big Time Gaming,96.5,96.5,
Private Eye,Microgaming,96.5,96.5,
Pure Platinum,Microgaming,96.5,96.5,
Pyramid: Quest for Immortality,Net Entertainment,96.5,96.5,
Reactoonz,Play'n Go,96.5,96.5,
Red Hot Devil,Microgaming,96.5,96.5,
Reel Classic 5,Playtech,96.5,96.5,
Reel Gems,Microgaming,96.5,96.5,
Retro Reels,Microgaming,96.5,96.5,
Retro Reels - Diamond Glitz,Microgaming,96.5,96.5,
Rise of Olympus,Play'n Go,96.5,96.5,
Riviera Riches,Microgaming,96.5,96.5,
Robo Jack,Microgaming,96.5,96.5,
Robots: Energy Conflict,Evoplay Entertainment,96.5,96.5,
Royal Masquerade,Play'n Go,96.5,96.5,
Royal Mint Megaways,Big Time Gaming,96.5,96.5,
Ruby of the Nile,Microgaming,96.5,96.5,
Rugby Star,Microgaming,96.5,96.5,
Santa Paws,Microgaming,96.5,96.5,
Santas Wild Ride,Microgaming,96.5,96.5,
Sevens High,Quickspin,96.5,96.5,
Shark Wash,Relax Gaming,96.5,96.5,
Shoot!,Microgaming,96.5,96.5,
Slot Vegas Megaquads,Big Time Gaming,96.5,96.5,
So Many Monsters,Microgaming,96.5,96.5,
So Much Candy,Microgaming,96.5,96.5,
So Much Sushi,Microgaming,96.5,96.5,
Soccer Safari,Microgaming,96.5,96.5,
Space Arcade,Nolimit City,96.5,96.5,
Space Miners,Relax Gaming,96.5,96.5,
Spicy Meatballs Megaways,Big Time Gaming,96.5,96.5,
Spin Party,Play'n Go,96.5,96.5,
Spirit of the Beast,Relax Gaming,96.5,96.5,
Star Clusters Megaclusters,Big Time Gaming,96.5,96.5,
Starlight Kiss,Microgaming,96.5,96.5,
Sugar Mama,Microgaming,96.5,96.5,
Sugar Trail,Quickspin,96.5,96.5,
Super Flip,Play'n Go,96.5,96.5,
Tarzan,Microgaming,96.5,96.5,
The Epic Journey,Quickspin,96.5,96.5,
The Evil Bet,Mascot Gaming,96.5,96.5,
The Finer Reels of Life,Microgaming,96.5,96.5,
The Funky 70s,Net Entertainment,96.5,96.5,
The Gee Gees,Microgaming,96.5,96.5,
The Great Pigsby,Relax Gaming,96.5,96.5,
The Groovy 60s,Net Entertainment,96.5,96.5,
The Super 80s,Net Entertainment,96.5,96.5,
Throne of Egypt,Microgaming,96.5,96.5,
Titan Thunder,Quickspin,96.5,96.5,
Tornado: Farm Escape,Net Entertainment,96.5,96.5,
Track And FieldMouse,Microgaming,96.5,96.5,
Treasure Ireland,Microgaming,96.5,96.5,
Wheel of Wonders,Push Gaming,96.5,96.5,
Who wants to be a Stallionaire,Microgaming,96.5,96.5,
Wicked Circus,Yggdrasil Gaming,96.5,96.5,
Wild Flower,Big Time Gaming,96.5,96.5,
Wild Worlds,Net Entertainment,96.5,96.5,
Win Spinner,Microgaming,96.5,96.5,
Wonky Wabbits,Net Entertainment,96.5,96.5,
You Lucky Barstard,Microgaming,96.5,96.5,
Alchemist's Lab,Playtech,96.4,97.3,
Vacation Station,Playtech,96.4,96.9,
Holy Diver,Big Time Gaming,96.4,96.5,
Aloha! Cluster Pays,Net Entertainment,96.4,96.4,
Asian Beauty,Microgaming,96.4,96.4,
Attila The Hun,Relax Gaming,96.4,96.4,
Battle Maidens Cleopatra,1x2 Gaming,96.4,96.4,
Beef Lightning Megaways,Big Time Gaming,96.4,96.4,
Blaze of Ra,Push Gaming,96.4,96.4,
Bonanza Megapays,Big Time Gaming,96.4,96.4,
Boom Brothers,Net Entertainment,96.4,96.4,
Break Away,Microgaming,96.4,96.4,
Butterfly Staxx II,Net Entertainment,96.4,96.4,
Cashanova,Microgaming,96.4,96.4,
Caveman Bob,Relax Gaming,96.4,96.4,
Chain Mail,Microgaming,96.4,96.4,
Champions of Rome,Yggdrasil Gaming,96.4,96.4,
Chip Spin,Relax Gaming,96.4,96.4,
Cleopatra's Gold,Blueprint Gaming,96.4,96.4,
Cluster Tumble,Relax Gaming,96.4,96.4,
Cricket Star,Microgaming,96.4,96.4,
Dance of the Masai,Microgaming,96.4,96.4,
Dino Might,Microgaming,96.4,96.4,
Dinopolis,Push Gaming,96.4,96.4,
Disco Spins,Net Entertainment,96.4,96.4,
Draglings,Yggdrasil Gaming,96.4,96.4,
Dragon Egg,Tom Horn Gaming,96.4,96.4,
Enchanted Woods,Microgaming,96.4,96.4,
Eye of the Kraken,Play'n Go,96.4,96.4,
Fat Rabbit,Push Gaming,96.4,96.4,
Fat Santa,Push Gaming,96.4,96.4,
Football Star,Microgaming,96.4,96.4,
Fruit Case,Net Entertainment,96.4,96.4,
Game of Thrones - 15 lines,Microgaming,96.4,96.4,
Giza Infinity Reels,Yggdrasil Gaming,96.4,96.4,
Golden Fish Tank,Yggdrasil Gaming,96.4,96.4,
Golden Grimoire,Net Entertainment,96.4,96.4,
Golden Shamrock,Net Entertainment,96.4,96.4,
Hellcatraz,Relax Gaming,96.4,96.4,
Heroes' Gaming,Relax Gaming,96.4,96.4,
Hex,Relax Gaming,96.4,96.4,
Ho Ho Tower,Elk Studios,96.4,96.4,
Hugo,Play'n Go,96.4,96.4,
Jammin' Jars 2,Push Gaming,96.4,96.4,
Kluster Krystals Megaclusters,Relax Gaming,96.4,96.4,
Labyrinth of Knossos Multijump,Yggdrasil Gaming,96.4,96.4,
Lilith's Inferno,Yggdrasil Gaming,96.4,96.4,
Lucky Eggsplorer,Microgaming,96.4,96.4,
Lucky Neko- Gigablox,Yggdrasil Gaming,96.4,96.4,
Lucky Witch,Microgaming,96.4,96.4,
Lumber Cats,Microgaming,96.4,96.4,
Magic Mushrooms,Yggdrasil Gaming,96.4,96.4,
Mega Fortune Dreams,Net Entertainment,96.4,96.4,
Money Train 2,Relax Gaming,96.4,96.4,
Phantom Cash,Microgaming,96.4,96.4,
Pirate from the East,Net Entertainment,96.4,96.4,
Plunderland,Relax Gaming,96.4,96.4,
Poltava,Elk Studios,96.4,96.4,
PopRocks,Yggdrasil Gaming,96.4,96.4,
Queen of the Jungle,Microgaming,96.4,96.4,
Racing For Pinks,Microgaming,96.4,96.4,
Reef Run,Yggdrasil Gaming,96.4,96.4,
Reel Spinner,Microgaming,96.4,96.4,
Rhyming Reels - Jack and Jill,Microgaming,96.4,96.4,
Robot Butler,Microgaming,96.4,96.4,
Santa vs Rudolf,Net Entertainment,96.4,96.4,
Savannah King,Tom Horn Gaming,96.4,96.4,
Scruffy Duck,Net Entertainment,96.4,96.4,
Shaolin's Tiger,Tom Horn Gaming,96.4,96.4,
Sonic 7s,Microgaming,96.4,96.4,
Spectra,Thunderkick,96.4,96.4,
Super Diamond Deluxe,Blueprint Gaming,96.4,96.4,
Survivor Megaways,Big Time Gaming,96.4,96.4,
Taco Brothers Save Christmas,Electracade,96.4,96.4,
The Argyle Open,Microgaming,96.4,96.4,
The Dark Knight Rises,Microgaming,96.4,96.4,
The Grand Journey,Microgaming,96.4,96.4,
The Invisible Man,Net Entertainment,96.4,96.4,
Thunderstruck II,Microgaming,96.4,96.4,
Tiki Tumble,Push Gaming,96.4,96.4,
Tribal Treasure,Microgaming,96.4,96.4,
Troll's Gold,Relax Gaming,96.4,96.4,
Tropical Wilds,Rabcat,96.4,96.4,
Under the Bed,Betsoft,96.4,96.4,
Untamed - Giant Panda,Microgaming,96.4,96.4,
Voila!,Microgaming,96.4,96.4,
Wheel of Fortune Megaways,Big Time Gaming,96.4,96.4,
Wild Robo Factory,Yggdrasil Gaming,96.4,96.4,
Wild Toro,Elk Studios,96.4,96.4,
Wild Water,Net Entertainment,96.4,96.4,
Wings of Paradise,Gamesys,96.4,96.4,
Winstar,Blueprint Gaming,96.4,96.4,
Winter Gold,Microgaming,96.4,96.4,
Your Lucky Day,Microgaming,96.4,96.4,
Jungle Boogie,Playtech,96.3,97.4,
Beauty and the Beast,Yggdrasil Gaming,96.3,97.1,
Ozzy Osbourne,Net Entertainment,96.3,96.7,
Lil' Devil,Big Time Gaming,96.3,96.4,
7 Sins,Play'n Go,96.3,96.3,
Aladdin & the Wild Genie,BGO Studios,96.3,96.3,
Asgardian Stones,Net Entertainment,96.3,96.3,
Avatars- Gateway Guardians,Yggdrasil Gaming,96.3,96.3,
Beast Mode,Relax Gaming,96.3,96.3,
Bicicleta,Yggdrasil Gaming,96.3,96.3,
Birthday!,Elk Studios,96.3,96.3,
Blackbeard's Quest,Tom Horn Gaming,96.3,96.3,
Brazil Bomba,Yggdrasil Gaming,96.3,96.3,
Cash-O-Matic,Net Entertainment,96.3,96.3,
Charms & Clovers,Betsoft,96.3,96.3,
China MegaWild,GamesOS,96.3,96.3,
Classic Fruits,1x2 Gaming,96.3,96.3,
Crystal Drop,Cozy Games,96.3,96.3,
Cyrus the Virus,Yggdrasil Gaming,96.3,96.3,
Diablo Reels,Elk Studios,96.3,96.3,
DJ Wild,Elk Studios,96.3,96.3,
Dragonz,Microgaming,96.3,96.3,
Dungeon Quest,Nolimit City,96.3,96.3,
Evolution,Net Entertainment,96.3,96.3,
Fairytale Legends: Red Riding Hood,Net Entertainment,96.3,96.3,
Feathered Frenzy,Big Time Gaming,96.3,96.3,
Flowers,Net Entertainment,96.3,96.3,
Forsaken Kingdom,Rabcat,96.3,96.3,
Girls With Guns II - Frozen Dawn,Microgaming,96.3,96.3,
Gopher Gold,Microgaming,96.3,96.3,
Halloween Jack,Net Entertainment,96.3,96.3,
Happy Riches,Net Entertainment,96.3,96.3,
Hazakura Ways,Relax Gaming,96.3,96.3,
Helios' Fury,Relax Gaming,96.3,96.3,
Hidden,Elk Studios,96.3,96.3,
Hit it Hard,Elk Studios,96.3,96.3,
Hong Kong Tower,Elk Studios,96.3,96.3,
Hot Air,Microgaming,96.3,96.3,
Hot Nudge,Nolimit City,96.3,96.3,
Houdini,Gamesys,96.3,96.3,
Hound Hotel,Microgaming,96.3,96.3,
Ignite the Night,Relax Gaming,96.3,96.3,
Ivanhoe,Elk Studios,96.3,96.3,
Jack and the Beanstalk,Net Entertainment,96.3,96.3,
Jackpot Raiders,Yggdrasil Gaming,96.3,96.3,
Joker Gems,Elk Studios,96.3,96.3,
Jumanji,Net Entertainment,96.3,96.3,
Jungle Jim - El Dorado,Microgaming,96.3,96.3,
Kaiju,Elk Studios,96.3,96.3,
Kathmandu,Microgaming,96.3,96.3,
La Casa De Papel Clasico,Skywind Group,96.3,96.3,
Lady in Red,Microgaming,96.3,96.3,
Lake's Five,Elk Studios,96.3,96.3,
Legend of Kaan,Evoplay Entertainment,96.3,96.3,
Lightning Joker,Yggdrasil Gaming,96.3,96.3,
Loaded,Microgaming,96.3,96.3,
Lost Relics,Net Entertainment,96.3,96.3,
Lucky Leprechaun,Microgaming,96.3,96.3,
Multifly!,Yggdrasil Gaming,96.3,96.3,
Neon Life,Ash Gaming,96.3,96.3,
Pirates- Smugglers Paradise,Yggdrasil Gaming,96.3,96.3,
Platooners,Elk Studios,96.3,96.3,
Prosperity Palace,Play'n Go,96.3,96.3,
Queen of the Pharaohs,Skywind Group,96.3,96.3,
Queen of the Tree Folk,Gamesys,96.3,96.3,
Rainbow Ryan,Yggdrasil Gaming,96.3,96.3,
Respin Circus,Elk Studios,96.3,96.3,
Route 777,Elk Studios,96.3,96.3,
Sails of Gold,Play'n Go,96.3,96.3,
Same on the Beach,Elk Studios,96.3,96.3,
Santa's Stack,Relax Gaming,96.3,96.3,
Secret Code,Net Entertainment,96.3,96.3,
Secret Santa,Microgaming,96.3,96.3,
Silver Fang,Microgaming,96.3,96.3,
Smoking Hot Fruits,1x2 Gaming,96.3,96.3,
Spina Colada,Yggdrasil Gaming,96.3,96.3,
Spinsane,Net Entertainment,96.3,96.3,
Sterling Silver,Microgaming,96.3,96.3,
Sterling Silver 3D,Microgaming,96.3,96.3,
Sunset Delight,Thunderkick,96.3,96.3,
Sure Win,Microgaming,96.3,96.3,
Sweet Harvest,Microgaming,96.3,96.3,
Taco Brothers,Elk Studios,96.3,96.3,
The Cup,Tom Horn Gaming,96.3,96.3,
The Exterminator,Betsoft,96.3,96.3,
The Lab,Elk Studios,96.3,96.3,
The One Armed Bandit,Yggdrasil Gaming,96.3,96.3,
The Rift,Thunderkick,96.3,96.3,
The Twisted Circus,Microgaming,96.3,96.3,
Tiger's Eye,Microgaming,96.3,96.3,
Tiki Island,Gamesys,96.3,96.3,
Tiki Island Jackpot,Gamesys,96.3,96.3,
Time Travel Tigers,Yggdrasil Gaming,96.3,96.3,
Totem Treasure,Microgaming,96.3,96.3,
Untamed - Crowned Eagle,Microgaming,96.3,96.3,
Valkyrie,Elk Studios,96.3,96.3,
Vegas Dreams,Big Time Gaming,96.3,96.3,
Victoria Wild,Yggdrasil Gaming,96.3,96.3,
Viking Runes,Yggdrasil Gaming,96.3,96.3,
Vikings Go Wild,Yggdrasil Gaming,96.3,96.3,
Who Wants to be a Millionaire?,Big Time Gaming,96.3,96.3,
Wicked 777,Skywind Group,96.3,96.3,
Wicked Flamingo,Skywind Group,96.3,96.3,
Wild Seas,Elk Studios,96.3,96.3,
Win Sum Dim Dum,Microgaming,96.3,96.3,
Wolf Cub,Net Entertainment,96.3,96.3,
Wolf Hunters,Yggdrasil Gaming,96.3,96.3,
Yokozuna Clash,Yggdrasil Gaming,96.3,96.3,
Sheik Yer Money,Barcrest,96.2,98.2,
Diamond Valley,Playtech,96.2,97.2,
Extra Chilli,Big Time Gaming,96.2,96.8,
Ace Ventura,Ash Gaming,96.2,96.2,
Age of Asgard,Yggdrasil Gaming,96.2,96.2,
Age of Discovery,Microgaming,96.2,96.2,
Arthur's Fortune,Yggdrasil Gaming,96.2,96.2,
Aztec Adventure,Bee-Fee,96.2,96.2,
Big Blox,Yggdrasil Gaming,96.2,96.2,
Big Kahuna,Microgaming,96.2,96.2,
Big Kahuna Snakes and Ladders,Microgaming,96.2,96.2,
Blender Blitz,Relax Gaming,96.2,96.2,
Blood Moon Wilds,Yggdrasil Gaming,96.2,96.2,
Burning Desire,Microgaming,96.2,96.2,
Cabin Fever,Microgaming,96.2,96.2,
Carol of the Elves,Yggdrasil Gaming,96.2,96.2,
Chibeasties,Yggdrasil Gaming,96.2,96.2,
Chibeasties 2,Yggdrasil Gaming,96.2,96.2,
Chocolate Factory,Microgaming,96.2,96.2,
Crazy Cows,Play'n Go,96.2,96.2,
Crystal Queen,Quickspin,96.2,96.2,
Dead Man's Trail,Relax Gaming,96.2,96.2,
Desert Treasure II,Playtech,96.2,96.2,
Dolphin's Pearl Deluxe,Novomatic,96.2,96.2,
Double Wammy,Microgaming,96.2,96.2,
Dr Fortuno,Yggdrasil Gaming,96.2,96.2,
Dr Jekyll & Mr Hyde,Betsoft,96.2,96.2,
East Sea Dragon King,Net Entertainment,96.2,96.2,
Elementals,Microgaming,96.2,96.2,
Enchanted Meadow,Play'n Go,96.2,96.2,
Faeries Fortune,Big Time Gaming,96.2,96.2,
Fields of Fortune,Playtech,96.2,96.2,
Fire Joker,Play'n Go,96.2,96.2,
Flux,Thunderkick,96.2,96.2,
Fortune Year,Net Entertainment,96.2,96.2,
Fruits,Nolimit City,96.2,96.2,
Gem Rocks,Yggdrasil Gaming,96.2,96.2,
Giant's Gold,WMS Gaming,96.2,96.2,
Gods of Gold,Net Entertainment,96.2,96.2,
Golden Caravan,Play'n Go,96.2,96.2,
Grand Spinn,Net Entertainment,96.2,96.2,
Grand Spinn Superpot,Net Entertainment,96.2,96.2,
Gung Pow,Microgaming,96.2,96.2,
Horror Hotel,Relax Gaming,96.2,96.2,
Hot Habanero,Cozy Games,96.2,96.2,
Ice Ice Yeti,Nolimit City,96.2,96.2,
Iron Bank,Relax Gaming,96.2,96.2,
Jackpot Express,Yggdrasil Gaming,96.2,96.2,
Jekyll and Hyde,Ash Gaming,96.2,96.2,
Johnny Cash,BGaming,96.2,96.2,
Katmandu Gold,Elk Studios,96.2,96.2,
King of Kings,Relax Gaming,96.2,96.2,
Kings and Queens,Microgaming,96.2,96.2,
Land of Zenith,Push Gaming,96.2,96.2,
Luchadora,Thunderkick,96.2,96.2,
Lucky Rabbit's Loot,Genesis Gaming,96.2,96.2,
Magic Spell,Microgaming,96.2,96.2,
Manhattan Goes Wild,Nolimit City,96.2,96.2,
Matsuri,Play'n Go,96.2,96.2,
Mega Flip,Relax Gaming,96.2,96.2,
Mega Heist,Relax Gaming,96.2,96.2,
Mega Masks,Relax Gaming,96.2,96.2,
Mega Mine,Relax Gaming,96.2,96.2,
Money Train,Relax Gaming,96.2,96.2,
Monster Meteors,Microgaming,96.2,96.2,
Monte Carlo Jewels,World Match,96.2,96.2,
Mystery Reels Megaways,Red Tiger Gaming,96.2,96.2,
Narcos,Net Entertainment,96.2,96.2,
Niagara Falls,Yggdrasil Gaming,96.2,96.2,
Nikola Tesla's Incredible Machine,Yggdrasil Gaming,96.2,96.2,
Nirvana,Yggdrasil Gaming,96.2,96.2,
Octopays,Microgaming,96.2,96.2,
Owls,Nolimit City,96.2,96.2,
Party Box,Skywind Group,96.2,96.2,
Penguin City,Yggdrasil Gaming,96.2,96.2,
Phoenix Fire Power Reels,Red Tiger Gaming,96.2,96.2,
Pirates 2 Mutiny,Yggdrasil Gaming,96.2,96.2,
Pretty Kitty,Microgaming,96.2,96.2,
Pumpkin Smash,Yggdrasil Gaming,96.2,96.2,
Raccoon Tales,Evoplay Entertainment,96.2,96.2,
Raging Rhino Rampage,WMS Gaming,96.2,96.2,
Raging Rhino Ultra,WMS Gaming,96.2,96.2,
Rhyming Reels - Old King Cole,Microgaming,96.2,96.2,
Safari Heat,Playtech,96.2,96.2,
Sahara Nights,Yggdrasil Gaming,96.2,96.2,
Sea of Spins,Evoplay Entertainment,96.2,96.2,
Seasons,Yggdrasil Gaming,96.2,96.2,
Second Strike,Quickspin,96.2,96.2,
Serengeti Kings,Net Entertainment,96.2,96.2,
Snake Arena,Relax Gaming,96.2,96.2,
Spin the World,GamesOS,96.2,96.2,
Starquest,Big Time Gaming,96.2,96.2,
Starstruck,Nolimit City,96.2,96.2,
Sunny Shores,Yggdrasil Gaming,96.2,96.2,
Templar Tumble,Relax Gaming,96.2,96.2,
Temple Quest,Big Time Gaming,96.2,96.2,
Temple Tumble,Relax Gaming,96.2,96.2,
The Great Ming Empire,Playtech,96.2,96.2,
The Great Pigsby Megapays,Relax Gaming,96.2,96.2,
Tiger Kingdom,Relax Gaming,96.2,96.2,
Tomb of Nefertiti,Nolimit City,96.2,96.2,
Tombstone,Nolimit City,96.2,96.2,
Tower Quest,Play'n Go,96.2,96.2,
Trollpot 5000,Net Entertainment,96.2,96.2,
Turn Your Fortune,Net Entertainment,96.2,96.2,
Untamed - Bengal Tiger,Microgaming,96.2,96.2,
Untamed - Wolf Pack,Microgaming,96.2,96.2,
Valley of the Gods,Yggdrasil Gaming,96.2,96.2,
Volatile Vikings,Relax Gaming,96.2,96.2,
Wild Bazaar,Net Entertainment,96.2,96.2,
Wild Blood,Play'n Go,96.2,96.2,
Wild Pops,Yggdrasil Gaming,96.2,96.2,
Wilderland,Net Entertainment,96.2,96.2,
Zoom,Thunderkick,96.2,96.2,
Moon Shadow,Barcrest,96.1,98.1,
Hotline,Net Entertainment,96.1,97.0,
Rise of Maya,Net Entertainment,96.1,96.4,
Lucha Maniacs,Yggdrasil Gaming,96.1,96.2,
Adventure Palace,Microgaming,96.1,96.1,
Agent Jane Blonde,Microgaming,96.1,96.1,
Alchymedes,Yggdrasil Gaming,96.1,96.1,
Aldo's Journey,Yggdrasil Gaming,96.1,96.1,
All Fruits,World Match,96.1,96.1,
All Star Knockout,Yggdrasil Gaming,96.1,96.1,
All Star Knockout Ultra Gamble,Yggdrasil Gaming,96.1,96.1,
Animal Quest,Evoplay Entertainment,96.1,96.1,
Anna Van Helsping- Monster Huntress,Rabcat,96.1,96.1,
Arcader,Thunderkick,96.1,96.1,
Archangels: Salvation,Net Entertainment,96.1,96.1,
Atlantis Megaways,Yggdrasil Gaming,96.1,96.1,
Aztec Warrior Princess,Play'n Go,96.1,96.1,
Banana Town,Relax Gaming,96.1,96.1,
Bars and Stripes,Microgaming,96.1,96.1,
Batman and the Penguin Prize,Playtech,96.1,96.1,
Beat the Beast Cerberus' Inferno,Thunderkick,96.1,96.1,
Beat the Beast Griffin's Gold,Thunderkick,96.1,96.1,
Beat the Beast Kraken's Lair,Thunderkick,96.1,96.1,
Beat the Beast Mighty Sphinx,Thunderkick,96.1,96.1,
Beat the Beast Quetzalcoatl's Trial,Thunderkick,96.1,96.1,
Bejeweled Cascades,Blueprint Gaming,96.1,96.1,
Big Bucks Bandits Megaways,Yggdrasil Gaming,96.1,96.1,
Big Fin Bay,Thunderkick,96.1,96.1,
Black River Gold,Elk Studios,96.1,96.1,
Bloopers,Elk Studios,96.1,96.1,
Book of Power,Relax Gaming,96.1,96.1,
Book of Spells,Tom Horn Gaming,96.1,96.1,
Bruce Lee,WMS Gaming,96.1,96.1,
Captain's Treasure Pro,Playtech,96.1,96.1,
Cash Noire,Net Entertainment,96.1,96.1,
CashOccino,Microgaming,96.1,96.1,
CherryPOP,Yggdrasil Gaming,96.1,96.1,
Cheshire Wild,Skywind Group,96.1,96.1,
Cool Jewels,WMS Gaming,96.1,96.1,
Cosmic Voyager,Thunderkick,96.1,96.1,
Crazy Chameleons,Microgaming,96.1,96.1,
Crusader,Elk Studios,96.1,96.1,
Crystal Quest Arcane Tower,Yggdrasil Gaming,96.1,96.1,
Crystal Quest Deep Jungle,Thunderkick,96.1,96.1,
Crystal Quest Frostlands,Tom Horn Gaming,96.1,96.1,
Cygnus,Elk Studios,96.1,96.1,
Dolphin Quest,Microgaming,96.1,96.1,
Double Stacks,Net Entertainment,96.1,96.1,
Dragon Gems,Skywind Group,96.1,96.1,
Dragon Pearl,Red Tiger Gaming,96.1,96.1,
Easter Island,Yggdrasil Gaming,96.1,96.1,
Ecuador Gold,Elk Studios,96.1,96.1,
Elvis: The King Lives,WMS Gaming,96.1,96.1,
Emerald Diamond,Red Tiger Gaming,96.1,96.1,
Finn's Golden Tavern,Net Entertainment,96.1,96.1,
Flame Busters,Thunderkick,96.1,96.1,
Football Fans,Playtech,96.1,96.1,
Football Glory,Yggdrasil Gaming,96.1,96.1,
Frequent Flyer,Relax Gaming,96.1,96.1,
Frog Grog,Thunderkick,96.1,96.1,
Fruit Vegas,Mascot Gaming,96.1,96.1,
Full Moon Romance,Thunderkick,96.1,96.1,
Geisha's Fan,Tom Horn Gaming,96.1,96.1,
Gems of Adoria,Net Entertainment,96.1,96.1,
Gnome Wood,Rabcat,96.1,96.1,
Go Wild,World Match,96.1,96.1,
Gods of Giza,Genesis Gaming,96.1,96.1,
Gold Lab,Quickspin,96.1,96.1,
Gold Rush Showdown,Ash Gaming,96.1,96.1,
Golden Grizzly,Skywind Group,96.1,96.1,
Good to Go,Microgaming,96.1,96.1,
Hanzo's Dojo,Yggdrasil Gaming,96.1,96.1,
Happy Days,Blueprint Gaming,96.1,96.1,
Highway Gold,Skywind Group,96.1,96.1,
Hot 4 Cash,Nolimit City,96.1,96.1,
Hot Triple Sevens,Evoplay Entertainment,96.1,96.1,
Hungry Night,Evoplay Entertainment,96.1,96.1,
Ice Cave,Playtech,96.1,96.1,
Ice Wolf,Elk Studios,96.1,96.1,
Incinerator,Yggdrasil Gaming,96.1,96.1,
Irish Reels,Evoplay Entertainment,96.1,96.1,
Jack in a Pot,Red Tiger Gaming,96.1,96.1,
Jaguar Temple,Thunderkick,96.1,96.1,
Jelly Boom,Evoplay Entertainment,96.1,96.1,
Jewel Strike,Blueprint Gaming,96.1,96.1,
Jungle Books,Yggdrasil Gaming,96.1,96.1,
Jungle Trouble,Ash Gaming,96.1,96.1,
Jungle Trouble,BGO Studios,96.1,96.1,
Karaoke Party,Microgaming,96.1,96.1,
La Fiesta,Relax Gaming,96.1,96.1,
Ladies Nite,Microgaming,96.1,96.1,
Legacy of the Wild,Playtech,96.1,96.1,
Legend of the White Snake Lady,Yggdrasil Gaming,96.1,96.1,
Let's Get Ready to Rumble,Relax Gaming,96.1,96.1,
Life of Riches,Microgaming,96.1,96.1,
Lights,Net Entertainment,96.1,96.1,
Loose Cannon,Microgaming,96.1,96.1,
Love Potion,Microgaming,96.1,96.1,
Lucky Symbols,Bee-Fee,96.1,96.1,
Mad Hatters,Microgaming,96.1,96.1,
Midnight Show,Evoplay Entertainment,96.1,96.1,
Mining Fever,Rabcat,96.1,96.1,
Miss Wildfire,Elk Studios,96.1,96.1,
My Slot,Microgaming,96.1,96.1,
Mystic Dreams,Microgaming,96.1,96.1,
Net Gains,Relax Gaming,96.1,96.1,
Nitropolis,Elk Studios,96.1,96.1,
North Storm,Rabcat,96.1,96.1,
Not Enough Kittens,Thunderkick,96.1,96.1,
Olympic Slots,GamesOS,96.1,96.1,
Orient Express,Yggdrasil Gaming,96.1,96.1,
Oriental Fortune,Microgaming,96.1,96.1,
Party Island,Microgaming,96.1,96.1,
Pink Elephants,Thunderkick,96.1,96.1,
Pink Elephants 2,Thunderkick,96.1,96.1,
Power Plant,Yggdrasil Gaming,96.1,96.1,
Pyrons,Yggdrasil Gaming,96.1,96.1,
Ramses' Revenge,Relax Gaming,96.1,96.1,
Reptoids,Yggdrasil Gaming,96.1,96.1,
Respin Mania,Skywind Group,96.1,96.1,
Rhyming Reels - Hearts and Tarts,Microgaming,96.1,96.1,
Rock the Cash Bar,Yggdrasil Gaming,96.1,96.1,
Rome And Glory,Playtech,96.1,96.1,
Sails of Fortune,Relax Gaming,96.1,96.1,
Scudamore's Super Stakes,Net Entertainment,96.1,96.1,
Secret Admirer,Microgaming,96.1,96.1,
Shooting Stars,Mazooma,96.1,96.1,
Shooting Stars Supernova,Mazooma,96.1,96.1,
Silent Run,Net Entertainment,96.1,96.1,
Sloth Tumble,Relax Gaming,96.1,96.1,
Snowfall Queen,Skywind Group,96.1,96.1,
Space Invaders,Ash Gaming,96.1,96.1,
Spinions Beach Party,Quickspin,96.1,96.1,
Spring Break,Microgaming,96.1,96.1,
Street Fighter II,Net Entertainment,96.1,96.1,
Subtopia,Net Entertainment,96.1,96.1,
Summertime,Microgaming,96.1,96.1,
Super Elephant,Skywind Group,96.1,96.1,
Super Heroes,Yggdrasil Gaming,96.1,96.1,
Super Jackpot Block Party,WMS Gaming,96.1,96.1,
Super Lion,Skywind Group,96.1,96.1,
Super Stea,Skywind Group,96.1,96.1,
Superheroes,World Match,96.1,96.1,
Sweet 27,Play'n Go,96.1,96.1,
Tahiti Gold,Elk Studios,96.1,96.1,
Temple Stacks,Yggdrasil Gaming,96.1,96.1,
The Creepy Carnival,Nolimit City,96.1,96.1,
The Falcon Huntress,Thunderkick,96.1,96.1,
The Great Pigsby Megaways,Relax Gaming,96.1,96.1,
The Rat Pack,Microgaming,96.1,96.1,
The Royal Family,Yggdrasil Gaming,96.1,96.1,
The Wiz,Elk Studios,96.1,96.1,
Thunderstruck,Microgaming,96.1,96.1,
Tiger Moon,Microgaming,96.1,96.1,
TikiPop,Yggdrasil Gaming,96.1,96.1,
TNT Tumble,Relax Gaming,96.1,96.1,
Today's Weather,Genesis Gaming,96.1,96.1,
Top Dawg$,Relax Gaming,96.1,96.1,
Torii Tumble,Relax Gaming,96.1,96.1,
Tower Tumble,Relax Gaming,96.1,96.1,
Treasure Heroes,Rabcat,96.1,96.1,
Turning Totems,Thunderkick,96.1,96.1,
Vikings,Net Entertainment,96.1,96.1,
Vikings Go Berzerk,Yggdrasil Gaming,96.1,96.1,
Vikings Go To Hell,Yggdrasil Gaming,96.1,96.1,
Visitors,Elk Studios,96.1,96.1,
Voodoo Gold,Elk Studios,96.1,96.1,
Well of Wonders,Thunderkick,96.1,96.1,
Whisker Jones,1x2 Gaming,96.1,96.1,
Wild Chapo 2,Relax Gaming,96.1,96.1,
Wild Circus,Red Tiger Gaming,96.1,96.1,
Wild Heist at Peacock Manor,Thunderkick,96.1,96.1,
Wild Hike,Relax Gaming,96.1,96.1,
Wild Wishes,Ash Gaming,96.1,96.1,
Wild Yield,Relax Gaming,96.1,96.1,
Win Win,Elk Studios,96.1,96.1,
Yeti Battle of Greenhat Peak,Thunderkick,96.1,96.1,
Zeus III,WMS Gaming,96.1,96.1,
Ugga Bugga,Playtech,96.0,99.1,
Monopoly Big Event,Barcrest,96.0,99.0,
Ooh Aah Dracula,Barcrest,96.0,99.0,
Wall St Fever,Playtech,96.0,97.0,
Super Striker,Net Entertainment,96.0,96.9,
Conan,Net Entertainment,96.0,96.7,
Danger High Voltage,Big Time Gaming,96.0,96.2,
Koi Princess,Net Entertainment,96.0,96.2,
27 Hot Lines Deluxe Edition,Zeus Play,96.0,96.0,
3 Elements,Connective Games,96.0,96.0,
40 Flaming Lines,Zeus Play,96.0,96.0,
5G Turbo,Connective Games,96.0,96.0,
Abby and the Witch,Zeus Play,96.0,96.0,
Adventures Beyond Wonderland,Ash Gaming,96.0,96.0,
Arabian Dream and the Magic Lamps,Zeus Play,96.0,96.0,
Arctic Treasure,Playtech,96.0,96.0,
Asian Fantasy,Skywind Group,96.0,96.0,
Astro Fruit,OpenBet,96.0,96.0,
Avalon,Microgaming,96.0,96.0,
Aztec Treasure 3 Reel,Betsoft,96.0,96.0,
Batman and Mr Freeze Fortune,Playtech,96.0,96.0,
Battle Maidens,1x2 Gaming,96.0,96.0,
Big Bang,Net Entertainment,96.0,96.0,
Birds on a Wire,Thunderkick,96.0,96.0,
Black Mummy,Tom Horn Gaming,96.0,96.0,
Blood Lust,Elk Studios,96.0,96.0,
Bonanza,Big Time Gaming,96.0,96.0,
Book of Ming,Bee-Fee,96.0,96.0,
Book of Rest,Evoplay Entertainment,96.0,96.0,
BountyPop,Yggdrasil Gaming,96.0,96.0,
Brutal Santa,Evoplay Entertainment,96.0,96.0,
Buffalo Blitz,Playtech,96.0,96.0,
Bullseye,Microgaming,96.0,96.0,
Cashville,Microgaming,96.0,96.0,
Cazino Cosmos,Yggdrasil Gaming,96.0,96.0,
Cazino Zeppelin,Yggdrasil Gaming,96.0,96.0,
Chase the Cheese,Betsoft,96.0,96.0,
Chi,Elk Studios,96.0,96.0,
Classic 243,Rabcat,96.0,96.0,
Cluedo,IGT,96.0,96.0,
Cluster Slide,Elk Studios,96.0,96.0,
Combat Masters,Skywind Group,96.0,96.0,
Cool Buck 5 Reel,Microgaming,96.0,96.0,
Crazy Jewelry,Sheriff Gaming,96.0,96.0,
Crystal Forest,WMS Gaming,96.0,96.0,
Crystal Rift,Rabcat,96.0,96.0,
Diamond Hill,Tom Horn Gaming,96.0,96.0,
Diamond Jackpot,Betsoft,96.0,96.0,
Dino's Rhino,Sheriff Gaming,96.0,96.0,
Doctor Doctor,Microgaming,96.0,96.0,
Don Juan's Peppers,Tom Horn Gaming,96.0,96.0,
Double Bubble,Gamesys,96.0,96.0,
Double Bubble Jackpot,Gamesys,96.0,96.0,
Double Buffalo Spirit,WMS Gaming,96.0,96.0,
Double Dragons,Yggdrasil Gaming,96.0,96.0,
Double Scatter 7's,Skywind Group,96.0,96.0,
Doubles,Yggdrasil Gaming,96.0,96.0,
Dragon Riches,Tom Horn Gaming,96.0,96.0,
Dragon Riches Progressive,Tom Horn Gaming,96.0,96.0,
Dragon Tale,Viaden,96.0,96.0,
Dragon's Inferno,WMS Gaming,96.0,96.0,
Dragon's Myth,Rabcat,96.0,96.0,
Dream Zone,Elk Studios,96.0,96.0,
Drone Wars,Genesis Gaming,96.0,96.0,
Druids' Dream,Net Entertainment,96.0,96.0,
Egypt Cash,Skywind Group,96.0,96.0,
Electric Sam,Elk Studios,96.0,96.0,
Elements: The Awakening,Net Entertainment,96.0,96.0,
Elvis Frog in Vegas,BGaming,96.0,96.0,
EmotiCoins,Microgaming,96.0,96.0,
Epic Ape,Playtech,96.0,96.0,
Epic Monopoly 2,WMS Gaming,96.0,96.0,
Esqueleto Explosivo,Thunderkick,96.0,96.0,
Exploding Fruits,Evoplay Entertainment,96.0,96.0,
Extreme,Sheriff Gaming,96.0,96.0,
Faerie Nights,1x2 Gaming,96.0,96.0,
Fire Queen,WMS Gaming,96.0,96.0,
Fire Twenty Deluxe,Zeus Play,96.0,96.0,
Fluffy Rangers,Evoplay Entertainment,96.0,96.0,
Football Girls,Playtech,96.0,96.0,
Football Legends,Playtech,96.0,96.0,
Forest Dreams,Evoplay Entertainment,96.0,96.0,
Fortune Cookie,Microgaming,96.0,96.0,
Fortune Farm,Sheriff Gaming,96.0,96.0,
Forty Flaming Lines,Zeus Play,96.0,96.0,
Frankie Dettori's Magic Seven,Playtech,96.0,96.0,
Freaky Fruits,GamesOS,96.0,96.0,
Fruit O Matic,Connective Games,96.0,96.0,
Fruit Zen,Betsoft,96.0,96.0,
Gangster's Party,Connective Games,96.0,96.0,
Ghouls Gold,Betsoft,96.0,96.0,
Golden Dice 3,Zeus Play,96.0,96.0,
Golden Games,Playtech,96.0,96.0,
Golden Princess,Microgaming,96.0,96.0,
Gonzo's Quest,Net Entertainment,96.0,96.0,
Gorilla Kingdom,Net Entertainment,96.0,96.0,
Great Blue,Playtech,96.0,96.0,
Green Diamond,1x2 Gaming,96.0,96.0,
Hades,Yggdrasil Gaming,96.0,96.0,
Harveys,Microgaming,96.0,96.0,
Haul of Hades,Mazooma,96.0,96.0,
Here Comes Summer,1x2 Gaming,96.0,96.0,
Hit it Big,Elk Studios,96.0,96.0,
Hot 5 Deluxe,Zeus Play,96.0,96.0,
Hot Gems,Playtech,96.0,96.0,
Hot Rod Racers,Relax Gaming,96.0,96.0,
Hot'n'Fruity,Tom Horn Gaming,96.0,96.0,
Hunky Heroes,Microgaming,96.0,96.0,
Hyperburst,Yggdrasil Gaming,96.0,96.0,
I am the Law,1x2 Gaming,96.0,96.0,
Inca's Treasure,Tom Horn Gaming,96.0,96.0,
Invaders from the Planet Moolah,WMS Gaming,96.0,96.0,
Io,Elk Studios,96.0,96.0,
Jackpot Jamba,Betsoft,96.0,96.0,
Jaguar Gold,Skywind Group,96.0,96.0,
Joker Jester,NextGen Gaming,96.0,96.0,
Joker Reelz,Tom Horn Gaming,96.0,96.0,
Juicy Booty,Ash Gaming,96.0,96.0,
Juicy Ninja,1x2 Gaming,96.0,96.0,
Jungle Jim,Microgaming,96.0,96.0,
Just a Game,Connective Games,96.0,96.0,
Just Hot,World Match,96.0,96.0,
Knockout Diamonds,Elk Studios,96.0,96.0,
Kongo Bongo,Tom Horn Gaming,96.0,96.0,
Le Mystere du Prince,Zeus Play,96.0,96.0,
Legend of the Golden Monkey,Yggdrasil Gaming,96.0,96.0,
Lost Vegas,Microgaming,96.0,96.0,
Lucky Firecracker,Microgaming,96.0,96.0,
Lucky Zodiac,Microgaming,96.0,96.0,
Lunaris,WMS Gaming,96.0,96.0,
Mad Scientist,Betsoft,96.0,96.0,
Magic Maid Cafe,Net Entertainment,96.0,96.0,
Max Damage,Microgaming,96.0,96.0,
Mayan Magic Wildfire,Nolimit City,96.0,96.0,
Mechanical Orange,BGaming,96.0,96.0,
Micro Knights,Elk Studios,96.0,96.0,
Mighty Trio,Skywind Group,96.0,96.0,
Miss Candy,Skywind Group,96.0,96.0,
Moby Dick,Rabcat,96.0,96.0,
Money Cart 3,Relax Gaming,96.0,96.0,
Monster Madness,Tom Horn Gaming,96.0,96.0,
Monster Wheels,Microgaming,96.0,96.0,
Mount Olympus,Genesis Gaming,96.0,96.0,
Mr. Illusio,Connective Games,96.0,96.0,
Necromancer,Evoplay Entertainment,96.0,96.0,
Neon Fruit,1x2 Gaming,96.0,96.0,
Neon Fruit Cityscape,1x2 Gaming,96.0,96.0,
Night Vampire,World Match,96.0,96.0,
Noughty Crosses,Cryptologic,96.0,96.0,
Nuke World,Evoplay Entertainment,96.0,96.0,
Ocean's Treasure,Net Entertainment,96.0,96.0,
Osiris Temple,Connective Games,96.0,96.0,
Pharaoh King,Betsoft,96.0,96.0,
Pharaoh's Tomb,Sheriff Gaming,96.0,96.0,
Pots of Luck,1x2 Gaming,96.0,96.0,
Prime Property,Microgaming,96.0,96.0,
Prison Escape,1x2 Gaming,96.0,96.0,
Queen of Embers,1x2 Gaming,96.0,96.0,
Queen of Oceans,World Match,96.0,96.0,
Rain Balls,Skywind Group,96.0,96.0,
Red Flag Fleet,WMS Gaming,96.0,96.0,
Red Lights,Tom Horn Gaming,96.0,96.0,
Red Temple,Connective Games,96.0,96.0,
Reel Desire,Yggdrasil Gaming,96.0,96.0,
Reel Diamonds,1x2 Gaming,96.0,96.0,
Reel Fruits,1x2 Gaming,96.0,96.0,
Rhyming Reels - Georgie Porgie,Microgaming,96.0,96.0,
Rich Reels,Evoplay Entertainment,96.0,96.0,
Rise of Horus,Evoplay Entertainment,96.0,96.0,
River of Riches,Rabcat,96.0,96.0,
Rocket Stars,Evoplay Entertainment,96.0,96.0,
Roman Chariots,WMS Gaming,96.0,96.0,
Royal Gems,Red Tiger Gaming,96.0,96.0,
Season Sisters,Evoplay Entertainment,96.0,96.0,
Secret Romance,Microgaming,96.0,96.0,
Secrets of Horus,Net Entertainment,96.0,96.0,
Sherlock of London,Rabcat,96.0,96.0,
Sherlock's Casebook,1x2 Gaming,96.0,96.0,
Showers,Spigo,96.0,96.0,
Showers: Circus Edition,Spigo,96.0,96.0,
Si Xiang,Playtech,96.0,96.0,
Sinister Circus,1x2 Gaming,96.0,96.0,
Smile,Connective Games,96.0,96.0,
Snake Eyes,Zeus Play,96.0,96.0,
Space Christmas,1x2 Gaming,96.0,96.0,
Sprinkle,Evoplay Entertainment,96.0,96.0,
Star Frenzy,Zeus Play,96.0,96.0,
Starlight,Spigo,96.0,96.0,
Strolling Staxx,Net Entertainment,96.0,96.0,
Strolling Staxx: Cubic Fruits,Net Entertainment,96.0,96.0,
Stunning 27,Bee-Fee,96.0,96.0,
Sun Wukong,Playtech,96.0,96.0,
Sunny Scoops,Thunderkick,96.0,96.0,
Surf Zone,Evoplay Entertainment,96.0,96.0,
Sweet Crush,Tom Horn Gaming,96.0,96.0,
Syncronite,Yggdrasil Gaming,96.0,96.0,
Temple of Nudges,Net Entertainment,96.0,96.0,
Tex Co Co,Connective Games,96.0,96.0,
The Da Vinci Device,1x2 Gaming,96.0,96.0,
The Explorers' Quest,Zeus Play,96.0,96.0,
The Ghouls,Betsoft,96.0,96.0,
The Grand Galore,Elk Studios,96.0,96.0,
The Great Galaxy Grab,Microgaming,96.0,96.0,
The King's Cashtle,Sheriff Gaming,96.0,96.0,
The Lost Temple,Zeus Play,96.0,96.0,
The Phantom of the Opera,Microgaming,96.0,96.0,
The Secret of Ba,Tom Horn Gaming,96.0,96.0,
The Slavs,Evoplay Entertainment,96.0,96.0,
The Wizard of Oz Wicked Riches,WMS Gaming,96.0,96.0,
Theseus Rises,1x2 Gaming,96.0,96.0,
Thor: Hammer Time,Nolimit City,96.0,96.0,
Top Trumps Celebs,Playtech,96.0,96.0,
Tractor Beam,Nolimit City,96.0,96.0,
Trip to the Future,Evoplay Entertainment,96.0,96.0,
Trolls Bridge,Yggdrasil Gaming,96.0,96.0,
Under the Waves,1x2 Gaming,96.0,96.0,
Valley of Spirits,Skywind Group,96.0,96.0,
Valley of the Gods 2,Yggdrasil Gaming,96.0,96.0,
Vampire Hunters,1x2 Gaming,96.0,96.0,
Vault of Fortune,Yggdrasil Gaming,96.0,96.0,
Vegas Diamonds,Elk Studios,96.0,96.0,
Viking Quest,Big Time Gaming,96.0,96.0,
Western Reels,Evoplay Entertainment,96.0,96.0,
What on Earth,Microgaming,96.0,96.0,
Wild Beats,Playtech,96.0,96.0,
Wild Charger,Zeus Play,96.0,96.0,
Wild Five,Skywind Group,96.0,96.0,
Wild Gambler: Arctic Adventure,Ash Gaming,96.0,96.0,
Wild-O-Tron 3000,Net Entertainment,96.0,96.0,
Wildchemy,Relax Gaming,96.0,96.0,
Wishing You Fortune,WMS Gaming,96.0,96.0,
Zanzibar,WMS Gaming,96.0,96.0,
Zeus 1000,WMS Gaming,96.0,96.0,
Zhao Cai Jin Bao,Playtech,96.0,96.0,
Zoo Zillionaire,Sheriff Gaming,96.0,96.0,
Party Line,Playtech,95.9,96.7,
Buster Hammer Carnival,Yggdrasil Gaming,95.9,96.3,
Ace of Spades,Play'n Go,95.9,95.9,
Agatha Christie's Mystery Wilds,Gamesys,95.9,95.9,
Ali Baba's Luck,Red Tiger Gaming,95.9,95.9,
Amazon Queen,WMS Gaming,95.9,95.9,
Avalon II,Microgaming,95.9,95.9,
Black Knight II,WMS Gaming,95.9,95.9,
Blackbeard's Compass,1x2 Gaming,95.9,95.9,
Bonnie & Clyde,Bee-Fee,95.9,95.9,
Bruce Lee: Dargon's Tale,WMS Gaming,95.9,95.9,
Bubbling Falls,Gamesys,95.9,95.9,
Charming Queens,Evoplay Entertainment,95.9,95.9,
Cool as Ice,Genesis Gaming,95.9,95.9,
Crusade of Fortune,Net Entertainment,95.9,95.9,
Diamond Valley Pro,Playtech,95.9,95.9,
Easter Bunny,Cozy Games,95.9,95.9,
Fantastic 7s,Microgaming,95.9,95.9,
Forensic Fortune,Gamesys,95.9,95.9,
Fortune Girl,Microgaming,95.9,95.9,
Four Femme Fatales,Skywind Group,95.9,95.9,
Fruity Fiesta,Connective Games,95.9,95.9,
Fun on the Seafront,Gamesys,95.9,95.9,
Gas Money,Cozy Games,95.9,95.9,
Gem Temple,Skywind Group,95.9,95.9,
Gems Gems Gems,WMS Gaming,95.9,95.9,
Gladiators Gold,Microgaming,95.9,95.9,
Ho Ho Ho,Microgaming,95.9,95.9,
Jungle Jump,Gamesys,95.9,95.9,
Kiss,WMS Gaming,95.9,95.9,
Lion's Pride,Microgaming,95.9,95.9,
Lucky Diamonds,Play'n Go,95.9,95.9,
Maze: Desire for Power,Evoplay Entertainment,95.9,95.9,
Montezuma,WMS Gaming,95.9,95.9,
Munchkins,Microgaming,95.9,95.9,
Pharaoh's Fortune,Microgaming,95.9,95.9,
Pirates Paradise,Microgaming,95.9,95.9,
Pixies vs Pirates,Nolimit City,95.9,95.9,
Plushie Pleasure,Cozy Games,95.9,95.9,
Raging Rhino,WMS Gaming,95.9,95.9,
Reels Royce,Microgaming,95.9,95.9,
Rolling in the Dough,Cozy Games,95.9,95.9,
Sapphire Sorceress,Gamesys,95.9,95.9,
Sea of Tranquility,WMS Gaming,95.9,95.9,
Snow Honeys,Microgaming,95.9,95.9,
Spartacus,WMS Gaming,95.9,95.9,
Spinball,Tom Horn Gaming,95.9,95.9,
Starscape,Microgaming,95.9,95.9,
Steam Punk Heroes,Genesis Gaming,95.9,95.9,
Surf Safari,Genesis Gaming,95.9,95.9,
Tally Ho,Microgaming,95.9,95.9,
The Osbournes,Microgaming,95.9,95.9,
The Reel Steal,Net Entertainment,95.9,95.9,
Trick or Treat,Microgaming,95.9,95.9,
Twister,Microgaming,95.9,95.9,
Viking Vanguard,WMS Gaming,95.9,95.9,
Viking's Treasure,Net Entertainment,95.9,95.9,
Wheel of Wealth Special Edition,Microgaming,95.9,95.9,
Wild Vegas,Cozy Games,95.9,95.9,
Wolf Sierra,Tom Horn Gaming,95.9,95.9,
Fruit Mania,Playtech,95.8,96.8,
Piggy Riches,Net Entertainment,95.8,96.4,
The Spin Lab,NextGen Gaming,95.8,95.9,
Witch Pickings,NextGen Gaming,95.8,95.9,
Atlantis,Red Tiger Gaming,95.8,95.8,
Aurum Codex,Red Tiger Gaming,95.8,95.8,
Babushkas,Thunderkick,95.8,95.8,
Bompers,Elk Studios,95.8,95.8,
Book of Loki,1x2 Gaming,95.8,95.8,
Book of Merlin,1x2 Gaming,95.8,95.8,
Break da Bank,Microgaming,95.8,95.8,
Crystal Mirror,Red Tiger Gaming,95.8,95.8,
Dolphin Tale,Microgaming,95.8,95.8,
Era of Gods,1x2 Gaming,95.8,95.8,
Farm Slot,GamesOS,95.8,95.8,
Freaky Bandits,GamesOS,95.8,95.8,
Fruit vs Candy,Microgaming,95.8,95.8,
Golden Tsar,Red Tiger Gaming,95.8,95.8,
Gonzo's Quest Megaways,Red Tiger Gaming,95.8,95.8,
Happy New Year,Microgaming,95.8,95.8,
Hitman,Microgaming,95.8,95.8,
Hot Blizzard,Tom Horn Gaming,95.8,95.8,
It Came From Venus,Betsoft,95.8,95.8,
Jewel Box,Play'n Go,95.8,95.8,
Kitty Wild,Skywind Group,95.8,95.8,
Lady of Fortune,Play'n Go,95.8,95.8,
Lucky Fridays,Red Tiger Gaming,95.8,95.8,
Lucky Shot,Microgaming,95.8,95.8,
Merry Xmas,Play'n Go,95.8,95.8,
Mr. Monkey,Skywind Group,95.8,95.8,
No Worries,Microgaming,95.8,95.8,
Party Night,GamesOS,95.8,95.8,
Party Pop,Skywind Group,95.8,95.8,
Polar Bash,Microgaming,95.8,95.8,
Reel Baron,Microgaming,95.8,95.8,
Reign of Dragons,Evoplay Entertainment,95.8,95.8,
Robin of Sherwood,Rabcat,95.8,95.8,
Samba Carnival,Play'n Go,95.8,95.8,
Skull Duggery,Microgaming,95.8,95.8,
Sky Millions,OpenBet,95.8,95.8,
Spike's Nite Out,Microgaming,95.8,95.8,
The Wild Hatter,Red Tiger Gaming,95.8,95.8,
Van Helsing's Book of the Dead,1x2 Gaming,95.8,95.8,
Well of Wishes,Red Tiger Gaming,95.8,95.8,
Yucatan's Mystery,Red Tiger Gaming,95.8,95.8,
Goblins Cave,Playtech,95.7,99.3,
24 Hour Grand Prix,Red Tiger Gaming,95.7,95.7,
4Squad,Red Tiger Gaming,95.7,95.7,
5 Families,Red Tiger Gaming,95.7,95.7,
Aztec Spins,Red Tiger Gaming,95.7,95.7,
Bombuster,Red Tiger Gaming,95.7,95.7,
Boogie Monsters,Microgaming,95.7,95.7,
Boomerang Edge,Skywind Group,95.7,95.7,
Bounty Raid,Red Tiger Gaming,95.7,95.7,
Captain Rizk Megaways,Red Tiger Gaming,95.7,95.7,
Champion's Goal,Elk Studios,95.7,95.7,
Cirque De La Fortune,Red Tiger Gaming,95.7,95.7,
Clash of the Beasts,Red Tiger Gaming,95.7,95.7,
Cop the Lot,Blueprint Gaming,95.7,95.7,
Da Vinci's Mystery,Red Tiger Gaming,95.7,95.7,
Dog 'n' Roll,Cozy Games,95.7,95.7,
Dolphin Delight,Skywind Group,95.7,95.7,
Dragon's Fire Megaways,Red Tiger Gaming,95.7,95.7,
Dragon's Luck Megaways,Red Tiger Gaming,95.7,95.7,
Epic Gladiators,Evoplay Entertainment,95.7,95.7,
Fire'n'Hot,Tom Horn Gaming,95.7,95.7,
Franken Cash,Microgaming,95.7,95.7,
Gems Gone Wild Power Reels,Red Tiger Gaming,95.7,95.7,
Gold'Erado,Cayetano Gaming,95.7,95.7,
Golden Leprechaun Megaways,Red Tiger Gaming,95.7,95.7,
Haunted Night,Genesis Gaming,95.7,95.7,
Hoard of Poseidon,Red Tiger Gaming,95.7,95.7,
Irish Gold,Cozy Games,95.7,95.7,
Lord of the Wilds,Red Tiger Gaming,95.7,95.7,
Lost,Betsoft,95.7,95.7,
Lucky News Network,Microgaming,95.7,95.7,
Moley Moolah!,Yggdrasil Gaming,95.7,95.7,
Multiplier Riches,Red Tiger Gaming,95.7,95.7,
Mystery Reels Power Reels,Red Tiger Gaming,95.7,95.7,
Oil Mania,NextGen Gaming,95.7,95.7,
Panda's Run,Tom Horn Gaming,95.7,95.7,
Piggy Riches Megaways,Red Tiger Gaming,95.7,95.7,
Rainbow Jackpots Power Lines,Red Tiger Gaming,95.7,95.7,
Red Baron,Aristocrat,95.7,95.7,
Red Dragon,1x2 Gaming,95.7,95.7,
Reel Keeper,Red Tiger Gaming,95.7,95.7,
Regal Streak,Red Tiger Gaming,95.7,95.7,
Rio Stars,Red Tiger Gaming,95.7,95.7,
Robin Hood's Wild Forest,Red Tiger Gaming,95.7,95.7,
Silent Samurai,Playtech,95.7,95.7,
Sizzling Hot Deluxe,Novomatic,95.7,95.7,
The Slotfather,Betsoft,95.7,95.7,
Vault of Anubis,Red Tiger Gaming,95.7,95.7,
Victorian Villain,Genesis Gaming,95.7,95.7,
Wild O'clock,Red Tiger Gaming,95.7,95.7,
Wild Ride,Skywind Group,95.7,95.7,
Wings Of Ra,Red Tiger Gaming,95.7,95.7,
Winstones,Gamesys,95.7,95.7,
Zeus Lightning Power Reels,Red Tiger Gaming,95.7,95.7,
Zuma,Blueprint Gaming,95.7,95.7,
Neptune's Kingdom,Playtech,95.6,97.2,
Arabian Nights,Net Entertainment,95.6,95.6,
Atomic Fruit,OpenBet,95.6,95.6,
Bandit's Bounty,World Match,95.6,95.6,
Big Ben,Aristocrat,95.6,95.6,
Book of Pharaon,World Match,95.6,95.6,
Cash Crazy,Microgaming,95.6,95.6,
Cherry Red,Microgaming,95.6,95.6,
Double Magic,Microgaming,95.6,95.6,
Emperor of the Sea,Microgaming,95.6,95.6,
Fortune Temple,Gamesys,95.6,95.6,
Genie's Fortune,Betsoft,95.6,95.6,
Gingerbread Lane,Genesis Gaming,95.6,95.6,
Go Gold,Skywind Group,95.6,95.6,
Goddess of Life,Playtech,95.6,95.6,
Hot Shot,Microgaming,95.6,95.6,
Jin's Bouncing Wilds,Gamesys,95.6,95.6,
Jungle Jackpots,Blueprint Gaming,95.6,95.6,
Mermaids Millions,Microgaming,95.6,95.6,
Monster Mania,Microgaming,95.6,95.6,
Moonshine,Microgaming,95.6,95.6,
Phoenix and the Dragon,Genesis Gaming,95.6,95.6,
Pistoleras,Microgaming,95.6,95.6,
Plenty on Twenty,Novomatic,95.6,95.6,
Psycho,NextGen Gaming,95.6,95.6,
Queen of the Nile II,Aristocrat,95.6,95.6,
Rock the Boat,Microgaming,95.6,95.6,
Slingo Reel Extreme,Slingo Originals,95.6,95.6,
Tennis Stars,Playtech,95.6,95.6,
The Temple Of Shangri-La,Sheriff Gaming,95.6,95.6,
Truck Stop,Microgaming,95.6,95.6,
Vinyl Countdown,Microgaming,95.6,95.6,
Wacky Waters,Playtech,95.6,95.6,
White Buffalo,Genesis Gaming,95.6,95.6,
Triple Profits,Playtech,95.5,98.7,
Castle Builder II,Rabcat,95.5,97.7,
Haunted House,Playtech,95.5,96.7,
Reel Rush 2,Net Entertainment,95.5,96.6,
Rainforest Dream,WMS Gaming,95.5,96.5,
Ariana,Microgaming,95.5,95.5,
Austin Powers,Blueprint Gaming,95.5,95.5,
Big Buffalo,Skywind Group,95.5,95.5,
Centre Court,Microgaming,95.5,95.5,
Chain Reactors 100,OpenBet,95.5,95.5,
Dig Dig Digger,BGaming,95.5,95.5,
Dogfather,Microgaming,95.5,95.5,
Forest Of Wonders,Playtech,95.5,95.5,
Fortunate 5,Playtech,95.5,95.5,
Geisha Story,Playtech,95.5,95.5,
Giovanni's Cat,Connective Games,95.5,95.5,
Halloweenies,Microgaming,95.5,95.5,
Huangdi - The Yellow Emperor,Microgaming,95.5,95.5,
Imperial Dragon,Blueprint Gaming,95.5,95.5,
Jack's Beanstalk,NextGen Gaming,95.5,95.5,
Joker Goes Wild,Skywind Group,95.5,95.5,
Joker Multi-Win,Skywind Group,95.5,95.5,
Jolly Jester,Microgaming,95.5,95.5,
Jonny Specter,Microgaming,95.5,95.5,
Journey to the West,Evoplay Entertainment,95.5,95.5,
Jurassic Jackpot,Microgaming,95.5,95.5,
Jurassic Jackpot Big Reel,Microgaming,95.5,95.5,
Jurassic World,Microgaming,95.5,95.5,
K9 Capers,Microgaming,95.5,95.5,
Kong The 8th Wonder of the World,Playtech,95.5,95.5,
Little Pigs,Cayetano Gaming,95.5,95.5,
Lucky Panda,Playtech,95.5,95.5,
Macau Racing,Red Tiger Gaming,95.5,95.5,
Mighty Trident,Mazooma,95.5,95.5,
Miles Bellhouse and his Curious Machine,Betsoft,95.5,95.5,
Mr Cash Back,Playtech,95.5,95.5,
Murder on the Orient Express,Gamesys,95.5,95.5,
Pandamania,NextGen Gaming,95.5,95.5,
Reel'em In - Big Bass Bucks,WMS Gaming,95.5,95.5,
Samba Nights,Cryptologic,95.5,95.5,
Savannah Sunrise,NextGen Gaming,95.5,95.5,
Scary Friends,Rabcat,95.5,95.5,
Shaman's Luck,Cozy Games,95.5,95.5,
The Legend of Olympus,Rabcat,95.5,95.5,
The Lone Ranger,Blueprint Gaming,95.5,95.5,
Titan Storm,NextGen Gaming,95.5,95.5,
Triple Magic,Microgaming,95.5,95.5,
Twin Fruits of Olympus,Mascot Gaming,95.5,95.5,
Viz,Blueprint Gaming,95.5,95.5,
Wild Catch,Microgaming,95.5,95.5,
Winning Wizards,Microgaming,95.5,95.5,
Witches Wealth,Microgaming,95.5,95.5,
Royal Frog,Quickspin,95.4,96.8,
Book of Gods,Big Time Gaming,95.4,96.4,
Atlantis Dive,GamesOS,95.4,95.4,
Break da Bank Again,Microgaming,95.4,95.4,
Cherry Blossoms,NextGen Gaming,95.4,95.4,
Deck the Halls,Microgaming,95.4,95.4,
Doctor Love on Vacation,NextGen Gaming,95.4,95.4,
Double O' Cash,Microgaming,95.4,95.4,
Elven Princesses,Evoplay Entertainment,95.4,95.4,
Fearless Frederick,Microgaming,95.4,95.4,
Germinator,Microgaming,95.4,95.4,
Glory of Rome,Microgaming,95.4,95.4,
Gold Rush,Net Entertainment,95.4,95.4,
Honey Bees,Cozy Games,95.4,95.4,
James Dean,NextGen Gaming,95.4,95.4,
Jekyll and Hyde,Genesis Gaming,95.4,95.4,
Jellyfish Jaunt,Microgaming,95.4,95.4,
Just Jewels Deluxe,Novomatic,95.4,95.4,
Life's A Beach,Microgaming,95.4,95.4,
Liquid Gold,Microgaming,95.4,95.4,
Mad Mad Monkey,NextGen Gaming,95.4,95.4,
Maya Millions,Skywind Group,95.4,95.4,
Mechanical Clover,BGaming,95.4,95.4,
Medusa,NextGen Gaming,95.4,95.4,
Mega Spin Break da Bank Again,Microgaming,95.4,95.4,
Path of the Penguin,Microgaming,95.4,95.4,
Pink Panther,Playtech,95.4,95.4,
Pizza Prize,NextGen Gaming,95.4,95.4,
Pot Shot,Skywind Group,95.4,95.4,
Pub Fruity,Microgaming,95.4,95.4,
Ramesses Riches,NextGen Gaming,95.4,95.4,
"Ready, Set, Cash",Skywind Group,95.4,95.4,
Shiver Me Feathers,Microgaming,95.4,95.4,
Six Acrobats,Microgaming,95.4,95.4,
SnatchXCash,Skywind Group,95.4,95.4,
Stargate SG-1,OpenBet,95.4,95.4,
Summer Dream,GamesOS,95.4,95.4,
Superman,NextGen Gaming,95.4,95.4,
The Grand Circus,Microgaming,95.4,95.4,
Under the Sea,Betsoft,95.4,95.4,
Volcano Eruption,NextGen Gaming,95.4,95.4,
WBC Ring of Riches,BGaming,95.4,95.4,
Witch Dr.,Microgaming,95.4,95.4,
Ghost Pirates,Net Entertainment,95.3,96.9,
Wild West,NextGen Gaming,95.3,95.9,
Hall of Gods,Net Entertainment,95.3,95.7,
Miss Midas,NextGen Gaming,95.3,95.6,
300 Shields,NextGen Gaming,95.3,95.3,
4 Seasons,Betsoft,95.3,95.3,
7 Lucky Dwarfs,Leander Games,95.3,95.3,
Bearly Fishing,Microgaming,95.3,95.3,
Big Break,Microgaming,95.3,95.3,
Boomanji,Betsoft,95.3,95.3,
Call of the Colosseum,NextGen Gaming,95.3,95.3,
Cash Stampede,NextGen Gaming,95.3,95.3,
Celtic Crown,Microgaming,95.3,95.3,
Cleo Queen of Egypt,Cryptologic,95.3,95.3,
Cops n' Bandits,Playtech,95.3,95.3,
Curry in a Hurry,Microgaming,95.3,95.3,
Dragon Sword,Cryptologic,95.3,95.3,
Dragon's Fire,Red Tiger Gaming,95.3,95.3,
Emperor's Garden,NextGen Gaming,95.3,95.3,
Fairy's Fortune,WMS Gaming,95.3,95.3,
Fish Toons,Cozy Games,95.3,95.3,
Five Star,Red Tiger Gaming,95.3,95.3,
Fortune Fest,Red Tiger Gaming,95.3,95.3,
Fortune House,Red Tiger Gaming,95.3,95.3,
Fruit Blox,Red Tiger Gaming,95.3,95.3,
Fruit Burst,Evoplay Entertainment,95.3,95.3,
Genie Wild,NextGen Gaming,95.3,95.3,
Gothic,Genesis Gaming,95.3,95.3,
Ice Hockey,Playtech,95.3,95.3,
Jackpot Quest,Red Tiger Gaming,95.3,95.3,
Jade Charms,Red Tiger Gaming,95.3,95.3,
Jingle Bells,Red Tiger Gaming,95.3,95.3,
Justice League,Playtech,95.3,95.3,
Lucky Fortune Cat,Red Tiger Gaming,95.3,95.3,
Lucky Little Devil,Red Tiger Gaming,95.3,95.3,
Lucky Stars,Microgaming,95.3,95.3,
Mardi Gras Fever,Microgaming,95.3,95.3,
Muchos Grande,Microgaming,95.3,95.3,
Mystique Grove,Genesis Gaming,95.3,95.3,
New Honey Bees,Cozy Games,95.3,95.3,
Once Upon a Time,Betsoft,95.3,95.3,
Owl Eyes,NextGen Gaming,95.3,95.3,
Party Time,Microgaming,95.3,95.3,
Planet X,OpenBet,95.3,95.3,
Polar Pioneers,Microgaming,95.3,95.3,
Ra's Legend,Red Tiger Gaming,95.3,95.3,
Red Hot Slot,Red Tiger Gaming,95.3,95.3,
Robocop,Playtech,95.3,95.3,
Rocket Men,Red Tiger Gaming,95.3,95.3,
Secrets of the Amazon,Playtech,95.3,95.3,
Sir Winsalot,Microgaming,95.3,95.3,
Stunt Pilot,Microgaming,95.3,95.3,
Sun Fortune,Red Tiger Gaming,95.3,95.3,
The Adventures of Galactic Gopher,Microgaming,95.3,95.3,
The Forgotten Land of Lemuria,Genesis Gaming,95.3,95.3,
Three Musketeers,Red Tiger Gaming,95.3,95.3,
Thrill Seekers,Playtech,95.3,95.3,
Totem Lightning,Red Tiger Gaming,95.3,95.3,
Tutti Frutti,Cozy Games,95.3,95.3,
Tycoons,Betsoft,95.3,95.3,
Werewolf Wild,Aristocrat,95.3,95.3,
World Football Stars,Playtech,95.3,95.3,
Zeus the Thunderer,Mascot Gaming,95.3,95.3,
Foxin' Wins Again,NextGen Gaming,95.2,95.9,
A Dragon's Story,NextGen Gaming,95.2,95.6,
Easy Slider,NextGen Gaming,95.2,95.6,
Foxin' Wins,NextGen Gaming,95.2,95.6,
Judge Dredd,NextGen Gaming,95.2,95.6,
1 Can 2 Can,NextGen Gaming,95.2,95.2,
Asian Fortune,Red Tiger Gaming,95.2,95.2,
Beach Babes,Microgaming,95.2,95.2,
Bonus Bears,Playtech,95.2,95.2,
By the Rivers of Buffalo,Skywind Group,95.2,95.2,
Call of Fruity,Barcrest,95.2,95.2,
Cash Drop,OpenBet,95.2,95.2,
Casinomeister,Cryptologic,95.2,95.2,
Chinese Treasures,Red Tiger Gaming,95.2,95.2,
Cinderella's Ball,Red Tiger Gaming,95.2,95.2,
Cleopatra Last of the Pharaohs,Mazooma,95.2,95.2,
Cleopatra Queen of Slots,Mazooma,95.2,95.2,
Crazy Genie,Red Tiger Gaming,95.2,95.2,
Daring Dave & the Eye of Ra,Playtech,95.2,95.2,
Days of the Tsar,Microgaming,95.2,95.2,
Divine Ways,Red Tiger Gaming,95.2,95.2,
Dolphin Reef,Playtech,95.2,95.2,
Dragon Drop,NextGen Gaming,95.2,95.2,
Dragon Emperor,Aristocrat,95.2,95.2,
Dragon Gong,Skywind Group,95.2,95.2,
Dragon's Nest,Mascot Gaming,95.2,95.2,
Extra Cash!!,NextGen Gaming,95.2,95.2,
Feng Fu,Tom Horn Gaming,95.2,95.2,
Five Star Power Reels,Red Tiger Gaming,95.2,95.2,
Flying Circus,Microgaming,95.2,95.2,
Gems and the City,GamesOS,95.2,95.2,
Gems Gone Wild,Red Tiger Gaming,95.2,95.2,
God Of Wealth,Red Tiger Gaming,95.2,95.2,
Gold Star,Red Tiger Gaming,95.2,95.2,
Gold X,Tom Horn Gaming,95.2,95.2,
Golden Lotus,Red Tiger Gaming,95.2,95.2,
Golden Offer,Red Tiger Gaming,95.2,95.2,
Great Wild Elk,NextGen Gaming,95.2,95.2,
Inca Gold,Microgaming,95.2,95.2,
Isis,Microgaming,95.2,95.2,
Jester Spins,Red Tiger Gaming,95.2,95.2,
Jungle Cats,WMS Gaming,95.2,95.2,
Lady of the Orient,Microgaming,95.2,95.2,
Land of Gold,Playtech,95.2,95.2,
Lion Dance,Red Tiger Gaming,95.2,95.2,
Luck O' the Irish,Blueprint Gaming,95.2,95.2,
Lucky Carnival,Red Tiger Gaming,95.2,95.2,
Lucky Easter,Red Tiger Gaming,95.2,95.2,
Madder Scientist,Betsoft,95.2,95.2,
Magic Gate,Red Tiger Gaming,95.2,95.2,
Mark of Medusa,Microgaming,95.2,95.2,
Masquerade,Red Tiger Gaming,95.2,95.2,
Mega Dragon,Red Tiger Gaming,95.2,95.2,
Mega Gems,Betsoft,95.2,95.2,
Mega Rise,Red Tiger Gaming,95.2,95.2,
Midas Gold,Red Tiger Gaming,95.2,95.2,
Mystery Reels,Red Tiger Gaming,95.2,95.2,
Nutty Squirrel,Microgaming,95.2,95.2,
Ocean Fortune,Red Tiger Gaming,95.2,95.2,
Orion,Genesis Gaming,95.2,95.2,
Palace of Riches 2,WMS Gaming,95.2,95.2,
Panther Moon,Playtech,95.2,95.2,
Phoenix,Red Tiger Gaming,95.2,95.2,
Polar Tale,Skywind Group,95.2,95.2,
Puss'n Boots,Red Tiger Gaming,95.2,95.2,
Rainbow Jackpots,Red Tiger Gaming,95.2,95.2,
Rainbow's End,Microgaming,95.2,95.2,
Reel Heist,Red Tiger Gaming,95.2,95.2,
Riches of Rome,WMS Gaming,95.2,95.2,
Rocket Candies,Skywind Group,95.2,95.2,
Roller Derby,Genesis Gaming,95.2,95.2,
Samurai Master,WMS Gaming,95.2,95.2,
Snow Wild and the 7 Features,Red Tiger Gaming,95.2,95.2,
Spinderella,Mazooma,95.2,95.2,
Stage 888,Red Tiger Gaming,95.2,95.2,
Sunset Showdown,Microgaming,95.2,95.2,
Supe it Up,Microgaming,95.2,95.2,
Syndicate,Evoplay Entertainment,95.2,95.2,
Ten Elements,Red Tiger Gaming,95.2,95.2,
The 100K Drop,Red Tiger Gaming,95.2,95.2,
The Codfather,NextGen Gaming,95.2,95.2,
The Lost Princess Anastasia,Genesis Gaming,95.2,95.2,
Tomb Raider: Secret of the Sword,Microgaming,95.2,95.2,
Totem Quest,GamesOS,95.2,95.2,
Treasure Mine,Red Tiger Gaming,95.2,95.2,
Valley of the Kings,Gamesys,95.2,95.2,
Vampire Slayers,GamesOS,95.2,95.2,
Wild Cats Multiline,Red Tiger Gaming,95.2,95.2,
Wild Fight,Red Tiger Gaming,95.2,95.2,
Wild Games,Playtech,95.2,95.2,
Wild Nords,Red Tiger Gaming,95.2,95.2,
Worms,Blueprint Gaming,95.2,95.2,
Zeus,WMS Gaming,95.2,95.2,
"Jackpot Jester 50,000",NextGen Gaming,95.1,99.9,
King Tut's Chamber,World Gaming,95.1,98.2,
Polar Adventure,World Match,95.1,98.2,
Wild West,Mazooma,95.1,97.1,
Batman and the Riddler Riches,Playtech,95.1,96.1,
A While on the Nile,NextGen Gaming,95.1,95.6,
Merlin's Millions,NextGen Gaming,95.1,95.6,
8 Leprechauns,PlayPearls,95.1,95.1,
81 Frutas Grandes,Tom Horn Gaming,95.1,95.1,
Agent X,Virtue Fusion,95.1,95.1,
Alawin,Sheriff Gaming,95.1,95.1,
An Evening With Holly Madison,NextGen Gaming,95.1,95.1,
Ancient Script,Red Tiger Gaming,95.1,95.1,
Arcade Bomb,Red Tiger Gaming,95.1,95.1,
Archibald Oriental,World Match,95.1,95.1,
Aztecs,Cozy Games,95.1,95.1,
Batman and Catwoman Cash,Playtech,95.1,95.1,
Battleground Spins,GamesOS,95.1,95.1,
Blue Diamond,Red Tiger Gaming,95.1,95.1,
Blue Lagoon,WMS Gaming,95.1,95.1,
Bob's Bowling Bonanza,Microgaming,95.1,95.1,
Bonus Digger,Skywind Group,95.1,95.1,
Carnival Bonus,World Match,95.1,95.1,
Cashapillar,Microgaming,95.1,95.1,
Chasin' Rainbows,Gamesys,95.1,95.1,
Chavin it Large,Microgaming,95.1,95.1,
Chicken Fiesta,Skywind Group,95.1,95.1,
Clash of Pirates,Evoplay Entertainment,95.1,95.1,
Crown Gems,Barcrest,95.1,95.1,
CSI: Crime Scene Investigation,Skywind Group,95.1,95.1,
Cute and Fluffy,Playtech,95.1,95.1,
Dante's Purgatory,World Match,95.1,95.1,
Devil's Number,Red Tiger Gaming,95.1,95.1,
Dragon Champions,Playtech,95.1,95.1,
Dragon's Luck,Red Tiger Gaming,95.1,95.1,
Dragon's Luck Power Reels,Red Tiger Gaming,95.1,95.1,
Ed's Venture,Sheriff Gaming,95.1,95.1,
Emerald Eyes,WMS Gaming,95.1,95.1,
Epic Journey,Red Tiger Gaming,95.1,95.1,
Excalibur,Net Entertainment,95.1,95.1,
Explosion,Skywind Group,95.1,95.1,
Fighting Fish,Microgaming,95.1,95.1,
First Past the Post,Microgaming,95.1,95.1,
Fishing With Buddies,Playtech,95.1,95.1,
Flaming Fox,Red Tiger Gaming,95.1,95.1,
Fortune Charm,Red Tiger Gaming,95.1,95.1,
Fortune of the Pharaohs,Sheriff Gaming,95.1,95.1,
Foxy Fortunes,Playtech,95.1,95.1,
Freaky Cowboys,GamesOS,95.1,95.1,
Fruit Drops,Mazooma,95.1,95.1,
Gem Hunter,WMS Gaming,95.1,95.1,
Gemstone Jackpot,Mazooma,95.1,95.1,
Gemtastic,Red Tiger Gaming,95.1,95.1,
Genie's Gems,Microgaming,95.1,95.1,
Golden Goose Genie's Gems,Microgaming,95.1,95.1,
Grand Wheel,Red Tiger Gaming,95.1,95.1,
Griffin's Gate,WMS Gaming,95.1,95.1,
Gypsy Queen,Microgaming,95.1,95.1,
Hearts of Venice,WMS Gaming,95.1,95.1,
Heavy Metal Princess,PlayPearls,95.1,95.1,
Hells Grannies: Knit Happens,Genesis Gaming,95.1,95.1,
Hoffmeister,Novomatic,95.1,95.1,
Imperial Palace,Red Tiger Gaming,95.1,95.1,
Irish Eyes,Microgaming,95.1,95.1,
Irish Eyes,NextGen Gaming,95.1,95.1,
Jester's Jackpot,Microgaming,95.1,95.1,
Jewellery Store,Evoplay Entertainment,95.1,95.1,
Juego de la Oca,Playtech,95.1,95.1,
Jungle Giants,Playtech,95.1,95.1,
Jungle Wild,WMS Gaming,95.1,95.1,
King Arthur,Ash Gaming,95.1,95.1,
King Kong,NextGen Gaming,95.1,95.1,
King of Africa,WMS Gaming,95.1,95.1,
Kronos,WMS Gaming,95.1,95.1,
La Gallina D'oro,Skywind Group,95.1,95.1,
Laser Fruit,Red Tiger Gaming,95.1,95.1,
Leprechaun's Fortune,WMS Gaming,95.1,95.1,
Lions Share,Microgaming,95.1,95.1,
Little Chief Big Cash,Microgaming,95.1,95.1,
Lord of the Ocean,Novomatic,95.1,95.1,
Luau Loot,WMS Gaming,95.1,95.1,
Lucky Fisherman,Skywind Group,95.1,95.1,
Lucky Halloween,Red Tiger Gaming,95.1,95.1,
Lucky Mr Green,Red Tiger Gaming,95.1,95.1,
Lucky Valentine,Red Tiger Gaming,95.1,95.1,
Lucky Wizard,Red Tiger Gaming,95.1,95.1,
Magic Wand,WMS Gaming,95.1,95.1,
Man of Steel,Playtech,95.1,95.1,
Mega Jade,Red Tiger Gaming,95.1,95.1,
Mega Pyramid,Red Tiger Gaming,95.1,95.1,
Merry Money,Barcrest,95.1,95.1,
Money Mad Martians: Cosmic Cash,Barcrest,95.1,95.1,
Monkey's Money,Microgaming,95.1,95.1,
Monsters Party,Sheriff Gaming,95.1,95.1,
Mystic Wheel,Red Tiger Gaming,95.1,95.1,
Ninja Ways,Red Tiger Gaming,95.1,95.1,
Nuts & Bolts,Gamesys,95.1,95.1,
Pedal Power,Microgaming,95.1,95.1,
Pela El Reno,World Match,95.1,95.1,
Persian Fortune,Red Tiger Gaming,95.1,95.1,
Piggy Pirates,Red Tiger Gaming,95.1,95.1,
Pirates Plenty: The Sunken Treasure,Red Tiger Gaming,95.1,95.1,
Plataea,WMS Gaming,95.1,95.1,
Porky Payout,Microgaming,95.1,95.1,
Prince of Persia,Mascot Gaming,95.1,95.1,
Punta La Gallina,Skywind Group,95.1,95.1,
Quest for Beer,Microgaming,95.1,95.1,
Rainbow,World Match,95.1,95.1,
Reactor,Red Tiger Gaming,95.1,95.1,
Reel King Mega,Red Tiger Gaming,95.1,95.1,
Robin Hood,Evoplay Entertainment,95.1,95.1,
Royal Treasures,Cozy Games,95.1,95.1,
Samba Brazil,Playtech,95.1,95.1,
Santa in Town,Cozy Games,95.1,95.1,
Sheerluck Holmes,Virtue Fusion,95.1,95.1,
Spin Town,Red Tiger Gaming,95.1,95.1,
Star of India,WMS Gaming,95.1,95.1,
Star Trex,PlayPearls,95.1,95.1,
Stash of the Titans,Microgaming,95.1,95.1,
Sumo Spins,Red Tiger Gaming,95.1,95.1,
Sushi Express,Cryptologic,95.1,95.1,
Temple of Gold,Red Tiger Gaming,95.1,95.1,
The Amsterdam Master Plan,Sheriff Gaming,95.1,95.1,
The Equalizer,Red Tiger Gaming,95.1,95.1,
The Gold Mine,Virtue Fusion,95.1,95.1,
The High Life,Microgaming,95.1,95.1,
The Matrix,Playtech,95.1,95.1,
The Pharaoh's Chamber,Virtue Fusion,95.1,95.1,
The Robets,Sheriff Gaming,95.1,95.1,
The Wizard of Oz,WMS Gaming,95.1,95.1,
Thor's Lightning,Red Tiger Gaming,95.1,95.1,
Three Kingdoms,Red Tiger Gaming,95.1,95.1,
Tiki Fruits,Red Tiger Gaming,95.1,95.1,
Totem Lightning Power Reels,Red Tiger Gaming,95.1,95.1,
Turstugan,Nolimit City,95.1,95.1,
Twin Samurai,Microgaming,95.1,95.1,
Venetian Romance,WMS Gaming,95.1,95.1,
Vicky Ventura,Red Tiger Gaming,95.1,95.1,
Whipping Wild,WMS Gaming,95.1,95.1,
Wild Elements,Red Tiger Gaming,95.1,95.1,
Wild Spartans,Red Tiger Gaming,95.1,95.1,
Wild Wild Chest,Red Tiger Gaming,95.1,95.1,
Win Escalator,Red Tiger Gaming,95.1,95.1,
Winter Wonders,Red Tiger Gaming,95.1,95.1,
Nemo's Voyage,WMS Gaming,95.0,99.0,
Hercules the Invincible,World Match,95.0,97.6,
Xcalibur,World Match,95.0,97.6,
Age of the Gods,Playtech,95.0,97.0,
Atlantis Queen,Playtech,95.0,97.0,
Age of the Gods: King of Olympus,Playtech,95.0,96.0,
Batman and the Batgirl Bonanza,Playtech,95.0,96.0,
DoublePlay SuperBet,NextGen Gaming,95.0,95.9,
5x Magic,Play'n Go,95.0,95.4,
Irish Gold,Play'n Go,95.0,95.4,
Jackpot Jester Wild Nudge,NextGen Gaming,95.0,95.1,
Aladdin's Legacy,Amaya Gaming,95.0,95.0,
Alice and the Mad Tea Party,WMS Gaming,95.0,95.0,
Alkemor's Tower,Betsoft,95.0,95.0,
All That Glitters 2,WMS Gaming,95.0,95.0,
Alley Cats,Microgaming,95.0,95.0,
Arabian Charms,Barcrest,95.0,95.0,
Atlantis,Sheriff Gaming,95.0,95.0,
Avalon: The Lost Kingdom,BGaming,95.0,95.0,
Bang Hai,Gamesys,95.0,95.0,
Bar Bar Black Sheep,Microgaming,95.0,95.0,
Bar X Colossal,Slingo Originals,95.0,95.0,
Bars and Bells,Amaya Gaming,95.0,95.0,
Bastet and Cats,Mascot Gaming,95.0,95.0,
Batman and the Joker Jewels,Playtech,95.0,95.0,
Big Foot,NextGen Gaming,95.0,95.0,
Big Hitter,1x2 Gaming,95.0,95.0,
Bingo Billions,NextGen Gaming,95.0,95.0,
Blazing 777,1x2 Gaming,95.0,95.0,
Bloody Mary's Booty,PlayPearls,95.0,95.0,
Blue Moon,WMS Gaming,95.0,95.0,
Bomber Girls,Microgaming,95.0,95.0,
Book of Gems Megaways,Skywind Group,95.0,95.0,
Book of Slingo,Slingo Originals,95.0,95.0,
Buffalo Spirit,WMS Gaming,95.0,95.0,
Bugs,Sheriff Gaming,95.0,95.0,
Capt. Quid's Treasure Quest,IGT,95.0,95.0,
Captain Nelson Deluxe,Zeus Play,95.0,95.0,
Cash Clams,Microgaming,95.0,95.0,
Cash Hunter,Sheriff Gaming,95.0,95.0,
Cash Inferno,Amaya Gaming,95.0,95.0,
Cashino,Barcrest,95.0,95.0,
Casper's Mystery Mirror,Blueprint Gaming,95.0,95.0,
Castle Cashalot,Virtue Fusion,95.0,95.0,
Celebrity Zoo,PlayPearls,95.0,95.0,
Chain Reactors Super Trails,OpenBet,95.0,95.0,
Chieftains,WMS Gaming,95.0,95.0,
Chinese New Year,Sheriff Gaming,95.0,95.0,
Cleopatra,IGT,95.0,95.0,
Cleopatra's Chest,Virtue Fusion,95.0,95.0,
Clover Rollover,Virtue Fusion,95.0,95.0,
Cops 'n' Robbers,Mazooma,95.0,95.0,
Cops 'n' Robbers Millionaires Row,Mazooma,95.0,95.0,
Cracker Jack,Microgaming,95.0,95.0,
Crown Jewels,Barcrest,95.0,95.0,
Deal or No Deal Slot,Endemol Games,95.0,95.0,
Deep Descent,Relax Gaming,95.0,95.0,
Dice Tronic,Zeus Play,95.0,95.0,
Dice Tronic X,Zeus Play,95.0,95.0,
Dice Tronic XL,Zeus Play,95.0,95.0,
Disco Fever,Zeus Play,95.0,95.0,
Doctor Love,NextGen Gaming,95.0,95.0,
Dog Casher,Sheriff Gaming,95.0,95.0,
Dragon Born,Big Time Gaming,95.0,95.0,
Dragon's Wild Fire,Mazooma,95.0,95.0,
Dream Diver,Elk Studios,95.0,95.0,
Eastern Dragon,NextGen Gaming,95.0,95.0,
Egyptian Riches,WMS Gaming,95.0,95.0,
El Principe,Skywind Group,95.0,95.0,
Elven Magic,Red Tiger Gaming,95.0,95.0,
Enchanted Dragon,WMS Gaming,95.0,95.0,
Esqueleto Mariachi,Red Tiger Gaming,95.0,95.0,
Extra Super Hot Barbeque,Zeus Play,95.0,95.0,
Fate of Fortune,Elk Studios,95.0,95.0,
Firemen,Ash Gaming,95.0,95.0,
Flower Power,Microgaming,95.0,95.0,
Football 3x3,1x2 Gaming,95.0,95.0,
Fortunes of the Caribbean,WMS Gaming,95.0,95.0,
French Cuisine,Sheriff Gaming,95.0,95.0,
Frog Royale,Sheriff Gaming,95.0,95.0,
Fruits of Luxor,Mascot Gaming,95.0,95.0,
Game of Dragons 2,WMS Gaming,95.0,95.0,
George and the Dragon,Virtue Fusion,95.0,95.0,
Gladiator,Microgaming,95.0,95.0,
Gold,Big Time Gaming,95.0,95.0,
Gold Fish,WMS Gaming,95.0,95.0,
Golden Goose Crazy Chameleons,Microgaming,95.0,95.0,
Golden Goose Totem Treasure,Microgaming,95.0,95.0,
Golden Goose Winning Wizards,Microgaming,95.0,95.0,
Golden Knight,High 5 Games,95.0,95.0,
Golden Temple,Red Tiger Gaming,95.0,95.0,
Goooal!,Amaya Gaming,95.0,95.0,
Gorilla Chief 2,WMS Gaming,95.0,95.0,
Gorilla's Realm,Skywind Group,95.0,95.0,
Green Lantern,Playtech,95.0,95.0,
Halloween Fortune II,Playtech,95.0,95.0,
Happy Fruits,Mazooma,95.0,95.0,
Heart of the Jungle,Ash Gaming,95.0,95.0,
Highway Kings Pro,Playtech,95.0,95.0,
Hollywood Boulevard,Virtue Fusion,95.0,95.0,
Hot Slot,Barcrest,95.0,95.0,
House of Fun,Betsoft,95.0,95.0,
I Love Lucy,WMS Gaming,95.0,95.0,
In It For the Monet,Gamesys,95.0,95.0,
Infinium The Enchanted Reels,Zeus Play,95.0,95.0,
Irish Eyes 2,NextGen Gaming,95.0,95.0,
Italia 3x3,1x2 Gaming,95.0,95.0,
Jeopardy,IGT,95.0,95.0,
Jewels of the Sea,Mazooma,95.0,95.0,
Jogo Do Bicho,Skywind Group,95.0,95.0,
John Wayne,WMS Gaming,95.0,95.0,
Jolly Roger,Play'n Go,95.0,95.0,
Jungle Madness,Virtue Fusion,95.0,95.0,
King of the Aztecs,Barcrest,95.0,95.0,
Kingdom of the Titans,WMS Gaming,95.0,95.0,
Lancelot,WMS Gaming,95.0,95.0,
Las Vegas Fever,Sheriff Gaming,95.0,95.0,
Leprechaun's Magic,Red Tiger Gaming,95.0,95.0,
LepryBunny,Skywind Group,95.0,95.0,
Lil' Lady,IGT,95.0,95.0,
Little Red Riding Hood,Cayetano Gaming,95.0,95.0,
Lost Treasures,Sheriff Gaming,95.0,95.0,
Lucky Changer,Skywind Group,95.0,95.0,
Lucky Ladies 88,Virtue Fusion,95.0,95.0,
Lucky Streaks,1x2 Gaming,95.0,95.0,
Mad Cubes 25,Zeus Play,95.0,95.0,
Mad Cubes 50,Zeus Play,95.0,95.0,
Mafia Millions,Virtue Fusion,95.0,95.0,
Magical Stacks,Playtech,95.0,95.0,
Marine Mayhem,Virtue Fusion,95.0,95.0,
Mayan Gods,Red Tiger Gaming,95.0,95.0,
Mayan Mania,Virtue Fusion,95.0,95.0,
Mayan Sun,WMS Gaming,95.0,95.0,
Mermaid's Gold,WMS Gaming,95.0,95.0,
Miss Fortune,Playtech,95.0,95.0,
Mojo Rising,WMS Gaming,95.0,95.0,
Monkey's Millions,Mazooma,95.0,95.0,
Monty's Millions,Barcrest,95.0,95.0,
Mr Good,Sheriff Gaming,95.0,95.0,
Neptune's Fortune,WMS Gaming,95.0,95.0,
Night Trax,Elk Studios,95.0,95.0,
Nitropolis 2,Elk Studios,95.0,95.0,
Norse Warrior,WMS Gaming,95.0,95.0,
Odds of the Gods,OpenBet,95.0,95.0,
Paper Wins,Gamesys,95.0,95.0,
Penguin Splash,Rabcat,95.0,95.0,
Pet Luck,Virtue Fusion,95.0,95.0,
Phoenix Inferno,1x2 Gaming,95.0,95.0,
Piggy Bank,Sheriff Gaming,95.0,95.0,
Pirate Plunder,Virtue Fusion,95.0,95.0,
Potion Commotion,NextGen Gaming,95.0,95.0,
Potion Factory,Leander Games,95.0,95.0,
Rainbow 3x3,1x2 Gaming,95.0,95.0,
Rainbow King,Novomatic,95.0,95.0,
Rainbow Reels,Mazooma,95.0,95.0,
Rainbow Riches,Barcrest,95.0,95.0,
Rambo,Skywind Group,95.0,95.0,
Rawhide,WMS Gaming,95.0,95.0,
Red Diamond,Red Tiger Gaming,95.0,95.0,
Reel Strike,Microgaming,95.0,95.0,
Resident Evil 6,Skywind Group,95.0,95.0,
Robyn,Genesis Gaming,95.0,95.0,
Rocky,Playtech,95.0,95.0,
Rome & Egypt,WMS Gaming,95.0,95.0,
Royal Rings,Skywind Group,95.0,95.0,
Rubies and Sapphires,Cozy Games,95.0,95.0,
Rumble in the Jungle,OpenBet,95.0,95.0,
Run Chicken Run,GamesOS,95.0,95.0,
Secrets of the Phoenix,Gamesys,95.0,95.0,
Sky Barons,Tom Horn Gaming,95.0,95.0,
Slingo Wild Adventure,Slingo Originals,95.0,95.0,
Snow Queen's Magic,Virtue Fusion,95.0,95.0,
Spectacular,Microgaming,95.0,95.0,
Star Appeal,Microgaming,95.0,95.0,
Star Trek: A Piece of the Action,WMS Gaming,95.0,95.0,
Star Trek: Explore New Worlds,WMS Gaming,95.0,95.0,
Star Trek: Red Alert,WMS Gaming,95.0,95.0,
Star Trek: Trap a Tribble,WMS Gaming,95.0,95.0,
Star Trek: Trek Through Time,WMS Gaming,95.0,95.0,
Star Trek: Trouble With Tribbles,WMS Gaming,95.0,95.0,
Streak of Luck,Playtech,95.0,95.0,
Sultan's Gold,Playtech,95.0,95.0,
Sunset Beach,Playtech,95.0,95.0,
Super Hot Barbeque,Zeus Play,95.0,95.0,
Superman II,Playtech,95.0,95.0,
Superman the Movie,Playtech,95.0,95.0,
Talismans of Fortune,Evoplay Entertainment,95.0,95.0,
Tarot Fortune,Virtue Fusion,95.0,95.0,
Temptation Queen,WMS Gaming,95.0,95.0,
Thai Flower,Barcrest,95.0,95.0,
Thai Paradise,Playtech,95.0,95.0,
"The 50,000 Pyramid",IGT,95.0,95.0,
The Book of Amaterasu,Mascot Gaming,95.0,95.0,
The Greatest Train Robbery,Red Tiger Gaming,95.0,95.0,
The Riches of Don Quixote,Playtech,95.0,95.0,
The Three Stooges II,Realtime Gaming,95.0,95.0,
The Wizard of Oz Ruby Slippers,WMS Gaming,95.0,95.0,
Thor's Thunder,Virtue Fusion,95.0,95.0,
Tiger's Realm,WMS Gaming,95.0,95.0,
Tiki Totems,Gamesys,95.0,95.0,
Toys 'n Treasures,Cozy Games,95.0,95.0,
Treasure Island,Inspired Gaming,95.0,95.0,
Treasures of King Arthur,Cozy Games,95.0,95.0,
Trojan Horse Tiny Heroes,Zeus Play,95.0,95.0,
Tropicool,Elk Studios,95.0,95.0,
Twilight Forest,Gamesys,95.0,95.0,
Valley of the Scarab,Cryptologic,95.0,95.0,
Vegas Nights,Evoplay Entertainment,95.0,95.0,
Vikingmania,Playtech,95.0,95.0,
Volcano Island,Skywind Group,95.0,95.0,
Wintry Wonderland,Virtue Fusion,95.0,95.0,
Wipeout,Barcrest,95.0,95.0,
Wolf Run,IGT,95.0,95.0,
Wonders of the Deep,Gamesys,95.0,95.0,
World-Cup Soccer Spins,GamesOS,95.0,95.0,
Xmas 3x3,1x2 Gaming,95.0,95.0,
Zany Zebra,Microgaming,95.0,95.0,
Magic Quest,World Match,94.9,98.4,
Maximum,World Match,94.9,98.4,
Monkeys vs Sharks,World Match,94.9,98.4,
3D Farm,World Match,94.9,98.1,
NYC Real Estate,World Match,94.9,97.7,
Yahtzee,WMS Gaming,94.9,96.0,
A Night of Mystery,High 5 Games,94.9,94.9,
African Legends,Microgaming,94.9,94.9,
Archipelago,GamesOS,94.9,94.9,
Area 21,Cryptologic,94.9,94.9,
Aztec Treasures,Betsoft,94.9,94.9,
Black Gold,Betsoft,94.9,94.9,
Black Knight,WMS Gaming,94.9,94.9,
Chain Reactors,OpenBet,94.9,94.9,
Crazier Jewelry,Sheriff Gaming,94.9,94.9,
Da Vinci Diamonds,IGT,94.9,94.9,
Dangerous Beauty,High 5 Games,94.9,94.9,
Double Chilli,Skywind Group,94.9,94.9,
Dungeons & Dragons: Crystal Caverns,IGT,94.9,94.9,
Game of Thrones - 243 ways,Microgaming,94.9,94.9,
Glitz,WMS Gaming,94.9,94.9,
Gusher,WMS Gaming,94.9,94.9,
Gypsy,High 5 Games,94.9,94.9,
Indiana's Quest,Evoplay Entertainment,94.9,94.9,
Let's Go Fish'n,Aristocrat,94.9,94.9,
Michelangelo,High 5 Games,94.9,94.9,
Miss Kitty,Aristocrat,94.9,94.9,
New York Gangs,Skywind Group,94.9,94.9,
Oonga Boonga,Sheriff Gaming,94.9,94.9,
Paradise Treasures,Cayetano Gaming,94.9,94.9,
Party Night,Cozy Games,94.9,94.9,
Pay of the Dead,Slingo Originals,94.9,94.9,
Pimp My Slot,OpenBet,94.9,94.9,
Shadow of the Panther,High 5 Games,94.9,94.9,
Sirens,High 5 Games,94.9,94.9,
Snake Charmer,Cozy Games,94.9,94.9,
Super Jackpot Party,WMS Gaming,94.9,94.9,
The Jazz Club,Playtech,94.9,94.9,
The Lost Treasure,Cozy Games,94.9,94.9,
The Mighty Atlas,High 5 Games,94.9,94.9,
Tiki Luck,Skywind Group,94.9,94.9,
Top Gun,Playtech,94.9,94.9,
Valkyrie Queen,High 5 Games,94.9,94.9,
Vivaldi's Seasons,High 5 Games,94.9,94.9,
Where's the Gold,Aristocrat,94.9,94.9,
Wild Panda,Aristocrat,94.9,94.9,
Arena de Toros,World Match,94.8,97.5,
Scary Fruits,World Match,94.8,97.5,
Armadillo Artie,Cryptologic,94.8,94.8,
At the Movies,Betsoft,94.8,94.8,
Basketball,Evoplay Entertainment,94.8,94.8,
Battle for Olympus,Cryptologic,94.8,94.8,
Beretta's Vendetta,Sheriff Gaming,94.8,94.8,
Captain Cannon's Circus of Cash,Ash Gaming,94.8,94.8,
Cleopatra Treasure,GamesOS,94.8,94.8,
Dante's Paradise,World Match,94.8,94.8,
Dynamite Riches,Red Tiger Gaming,94.8,94.8,
Fire Flies,Cryptologic,94.8,94.8,
Fumi's Fortune,Cryptologic,94.8,94.8,
Golden Jaguar,Cryptologic,94.8,94.8,
Little Pigs Strike Back,Leander Games,94.8,94.8,
No Mercy,Sheriff Gaming,94.8,94.8,
Red Cliff,Evoplay Entertainment,94.8,94.8,
Reel Rich Devil,WMS Gaming,94.8,94.8,
Riches of the Amazon,WMS Gaming,94.8,94.8,
Rickety Cricket,Cryptologic,94.8,94.8,
Shark Bite,Cryptologic,94.8,94.8,
Temple Tumble 2 Dream Drop,Relax Gaming,94.8,94.8,
Thai Thai,Cayetano Gaming,94.8,94.8,
The McMurphys,Sheriff Gaming,94.8,94.8,
The Myth,Mascot Gaming,94.8,94.8,
USSR 70s,Evoplay Entertainment,94.8,94.8,
Vampires vs Werewolves,Amaya Gaming,94.8,94.8,
Volatile Vikings 2 Dream Drop,Relax Gaming,94.8,94.8,
The Pirates Tavern,World Match,94.7,97.0,
Viking Legend,World Match,94.7,97.0,
Gold Rally,Playtech,94.7,96.7,
243 Crystal Fruits Reversed,Tom Horn Gaming,94.7,96.0,
50 Dragons,Aristocrat,94.7,94.7,
Dam Rich,Cryptologic,94.7,94.7,
Diamond Blitz,Red Tiger Gaming,94.7,94.7,
Dice Dice Dice,Red Tiger Gaming,94.7,94.7,
Dr Magoo's Adventure,Sheriff Gaming,94.7,94.7,
Eagle Riches,Red Tiger Gaming,94.7,94.7,
Egypt Gods,Evoplay Entertainment,94.7,94.7,
Fruit Snap,Red Tiger Gaming,94.7,94.7,
Golden Cryptex,Red Tiger Gaming,94.7,94.7,
Jewel Scarabs,Red Tiger Gaming,94.7,94.7,
Legendary Excalibur,Red Tiger Gaming,94.7,94.7,
Lucky Heroes,Sheriff Gaming,94.7,94.7,
Lucky Oktoberfest,Red Tiger Gaming,94.7,94.7,
Pirates Plenty: Battle For Gold,Red Tiger Gaming,94.7,94.7,
Plants vs Zombies,Blueprint Gaming,94.7,94.7,
Pompeii,Aristocrat,94.7,94.7,
Queen of the Vikings,Skywind Group,94.7,94.7,
Silk Road,Aristocrat,94.7,94.7,
The Pig Wizard,Blueprint Gaming,94.7,94.7,
Spin Sorceress,NextGen Gaming,94.6,97.1,
Sizzling Summer,Arrow's Edge,94.6,95.7,
A Christmas Carol,Betsoft,94.6,94.6,
Captain Nemo,Cryptologic,94.6,94.6,
Cash 'n' Clovers,Cryptologic,94.6,94.6,
Chain Reactors All Sports,OpenBet,94.6,94.6,
Choy Sun Doa,Aristocrat,94.6,94.6,
Desert Dreams,Cryptologic,94.6,94.6,
Dolphin Cash,Playtech,94.6,94.6,
Feathered Frenzy Reactors,Big Time Gaming,94.6,94.6,
Millionaires Club III,Cryptologic,94.6,94.6,
Sugarush,World Match,94.6,94.6,
The Hunt,Cozy Games,94.6,94.6,
Ragnarok,Genesis Gaming,94.5,96.5,
Explosive Wins,Arrow's Edge,94.5,95.1,
"20,000 Leagues",Cryptologic,94.5,94.5,
Amazon Wild,Ash Gaming,94.5,94.5,
Atlantis,Evoplay Entertainment,94.5,94.5,
Barnyard Boogie,Cryptologic,94.5,94.5,
Chasin' Treasure,Cozy Games,94.5,94.5,
Cherry-Go-Round,Viaden,94.5,94.5,
Congo Bongo,Cryptologic,94.5,94.5,
Crazy Crocodile,Microgaming,94.5,94.5,
Dirty Dancing,Playtech,94.5,94.5,
Doctor Love,Cryptologic,94.5,94.5,
Dolphin King,Cryptologic,94.5,94.5,
Emerald Isle,Cryptologic,94.5,94.5,
Fat Cat,NextGen Gaming,94.5,94.5,
Jade Idol,Cryptologic,94.5,94.5,
Juju Jack,Cryptologic,94.5,94.5,
Kanga Cash,NextGen Gaming,94.5,94.5,
Maya Pyramid HD,Viaden,94.5,94.5,
Old MacDonald's Farm,Cozy Games,94.5,94.5,
Platinum Pyramid,Cryptologic,94.5,94.5,
Prohibition,Evoplay Entertainment,94.5,94.5,
Rags to Riches 20 Line,Cryptologic,94.5,94.5,
Rockstar,Betsoft,94.5,94.5,
Rook's Revenge,Betsoft,94.5,94.5,
The Amazing Spider-Man,Cryptologic,94.5,94.5,
The Flintstones,Playtech,94.5,94.5,
The Great Wall Treasures,Evoplay Entertainment,94.5,94.5,
The Hulk,Cryptologic,94.5,94.5,
The Treasure of Isis,Cryptologic,94.5,94.5,
Into the Woods,World Match,94.4,98.1,
Zen Blade,World Match,94.4,98.1,
Gaelic Gold,Nolimit City,94.4,96.2,96.2
Dragon Tribe,Nolimit City,94.4,96.1,96.1
Poison Eve,Nolimit City,94.4,96.1,96.1
Tiki Temple,Gamesys,94.4,94.9,
Angeli E Demoni 25,World Match,94.4,94.4,
Bomb the Jackpot,Cayetano Gaming,94.4,94.4,
Buccaneer's Bounty,Cryptologic,94.4,94.4,
Caesar Salad,Cryptologic,94.4,94.4,
Eastern Dragon,Cryptologic,94.4,94.4,
Farm Run,Cozy Games,94.4,94.4,
Frogs Fairy Tale,Mazooma,94.4,94.4,
Reel in the Cash,Cryptologic,94.4,94.4,
Thai Sunrise,Cryptologic,94.4,94.4,
True Love,Playtech,94.4,94.4,
Vegas Nights,OpenBet,94.4,94.4,
Wonderland,Gamesys,94.4,94.4,
Crazy 7,Playtech,94.3,97.2,
Harlequin Carnival,Nolimit City,94.3,96.1,96.1
Archibald Africa,World Match,94.3,94.3,
Aztec Reel,Skywind Group,94.3,94.3,
Banana Monkey,Playtech,94.3,94.3,
Book of Ra Deluxe,Novomatic,94.3,94.3,
Candy Dreams,Evoplay Entertainment,94.3,94.3,
Chief's Magic,Microgaming,94.3,94.3,
China Long,World Match,94.3,94.3,
Cubis,Cryptologic,94.3,94.3,
Dante's Hell,World Match,94.3,94.3,
Dragon's Reels,World Match,94.3,94.3,
Empire Fortune,Yggdrasil Gaming,94.3,94.3,
Fortuna the Dragon,Gamesys,94.3,94.3,
Freaky Gym,GamesOS,94.3,94.3,
Funky Chicken,Sheriff Gaming,94.3,94.3,
Genie Jackpots,Blueprint Gaming,94.3,94.3,
Goblins Gold,Microgaming,94.3,94.3,
Irish Luck,Playtech,94.3,94.3,
Joker Millions,Yggdrasil Gaming,94.3,94.3,
Lucky Pirate,Viaden,94.3,94.3,
Luxor Valley HD,Viaden,94.3,94.3,
Magic Pot,Viaden,94.3,94.3,
Monster Lab,Evoplay Entertainment,94.3,94.3,
New York Gangs,GamesOS,94.3,94.3,
Paco and the Popping Peppers,Betsoft,94.3,94.3,
Penguin Vacation,Playtech,94.3,94.3,
Persian Glory,Cayetano Gaming,94.3,94.3,
Viking Age,Betsoft,94.3,94.3,
Wild Cup,Skywind Group,94.3,94.3,
Wizard's Castle,Cozy Games,94.3,94.3,
Mystery Joker 6000,Play'n Go,94.2,97.0,
Barbarian Fury,Nolimit City,94.2,96.1,96.1
Bonus Bunnies,Nolimit City,94.2,96.1,96.1
Milky Ways,Nolimit City,94.2,96.1,96.1
Deadwood,Nolimit City,94.2,96.0,96.0
Aztec Princess,Play'n Go,94.2,94.2,
Beetle Mania Deluxe,Novomatic,94.2,94.2,
Cash Spin,Bally Technologies,94.2,94.2,
Fortune Teller,Play'n Go,94.2,94.2,
Fruitsland,Evoplay Entertainment,94.2,94.2,
Gladiator of Rome,1x2 Gaming,94.2,94.2,
Hoffmania,Novomatic,94.2,94.2,
Innocence or Temptation,Ash Gaming,94.2,94.2,
Jackpot Giant,Playtech,94.2,94.2,
Jin Chan's Pond of Riches,Thunderkick,94.2,94.2,
Land of Unicorn,Viaden,94.2,94.2,
Money Machine,Red Tiger Gaming,94.2,94.2,
Photo Safari,Play'n Go,94.2,94.2,
Riverboat Reel,Skywind Group,94.2,94.2,
Slot of Fortune,Sheriff Gaming,94.2,94.2,
Space Race,Play'n Go,94.2,94.2,
Top Chase,Skywind Group,94.2,94.2,
Wild Spirit,Playtech,94.2,94.2,
World Football Stars 2014,Playtech,94.2,94.2,
Ghosts Night,World Match,94.1,97.5,
Glamour Hills,World Match,94.1,97.5,
Book of Shadows,Nolimit City,94.1,96.2,96.0
Immortal Fruits,Nolimit City,94.1,96.1,96.1
Golden Genie,Nolimit City,94.1,96.0,96.0
Punk Rocker,Nolimit City,94.1,96.0,94.1
Bee Crazy,World Match,94.1,95.9,
Crime Records,World Match,94.1,95.9,
Mythos,World Match,94.1,95.9,
Big Vegas,Bally Technologies,94.1,94.1,
Cats and Cash,Play'n Go,94.1,94.1,
Cherry Love,Playtech,94.1,94.1,
Dolphins Treasure,Evoplay Entertainment,94.1,94.1,
Elizabeth,Cozy Games,94.1,94.1,
Enigma HD,Viaden,94.1,94.1,
Frankie Dettori's Magic Seven Jackpot,Playtech,94.1,94.1,
Gladiator,Playtech,94.1,94.1,
Gold Trophy,Play'n Go,94.1,94.1,
Greatest Odyssey,Playtech,94.1,94.1,
Havana Cubana,Bally Technologies,94.1,94.1,
Jewel of the Dragon,Bally Technologies,94.1,94.1,
Marilyn Monroe,Playtech,94.1,94.1,
Millionaires Club,Cryptologic,94.1,94.1,
Millionaires Club II,Cryptologic,94.1,94.1,
Non Stop Party HD,Viaden,94.1,94.1,
Nostradamus Prophecy,Ash Gaming,94.1,94.1,
Pirate on the Edge,Skywind Group,94.1,94.1,
Quick Hit Platinum,Bally Technologies,94.1,94.1,
Sherlock Mystery,Playtech,94.1,94.1,
Sparta,Playtech,94.1,94.1,
USSR Grocery,Evoplay Entertainment,94.1,94.1,
Vegas Hits,Bally Technologies,94.1,94.1,
Rainbow Riches Pick'n'Mix,Barcrest,94.0,98.0,
Wild Knights: King's Ransom,Barcrest,94.0,98.0,
Burlesque,World Match,94.0,97.8,
Cowboys Go West,World Match,94.0,97.8,
Rock N Roller,Playtech,94.0,96.8,
Jackpot Jewels,Barcrest,94.0,96.5,
243 Crystal Fruits,Tom Horn Gaming,94.0,96.0,
Barkin' Mad,Barcrest,94.0,96.0,
Fields of Clover,1x2 Gaming,94.0,96.0,
Frozen Queen,Tom Horn Gaming,94.0,96.0,
Jackpot Bells,Playtech,94.0,96.0,
Sherlock: A Scandal in Bohemia,Tom Horn Gaming,94.0,96.0,
Tiger King,Connective Games,94.0,96.0,
Wild Knights,Barcrest,94.0,96.0,
Wild Weather,Tom Horn Gaming,94.0,96.0,
Pharaoh's Secrets,Playtech,94.0,95.0,
Queen Of The Pyramids,Playtech,94.0,95.0,
Wings of Gold,Playtech,94.0,95.0,
4 Reel Kings,Novomatic,94.0,94.0,
Aloha Island,Bally Technologies,94.0,94.0,
Banana Town Dream Drop,Relax Gaming,94.0,94.0,
Battle of the Gods,Playtech,94.0,94.0,
Beellionaires Dream Drop,Relax Gaming,94.0,94.0,
Big Catch,Novomatic,94.0,94.0,
Block Bashers,Virtue Fusion,94.0,94.0,
Book of Cats,BGaming,94.0,94.0,
Bounty of the Beanstalk,Ash Gaming,94.0,94.0,
Bullion Bars,Novomatic,94.0,94.0,
Burning Cherry HD,Viaden,94.0,94.0,
Cash Wizard,Bally Technologies,94.0,94.0,
Chimney Stacks,Bally Technologies,94.0,94.0,
China River,Bally Technologies,94.0,94.0,
Cluster Tumble Dream Drop,Relax Gaming,94.0,94.0,
Cowboys and Aliens,Playtech,94.0,94.0,
Cupid: Wild at Heart,Blueprint Gaming,94.0,94.0,
Deep Sea,BGaming,94.0,94.0,
Diamond Rhino,Rival Gaming,94.0,94.0,
Dragon 8s,Amaya Gaming,94.0,94.0,
Dragon Ship,Play'n Go,94.0,94.0,
Dream Drop Diamonds,Relax Gaming,94.0,94.0,
Dungeon: Immortal Evil,Evoplay Entertainment,94.0,94.0,
Empire's Glory,Viaden,94.0,94.0,
Everybody's Jackpot,Playtech,94.0,94.0,
Fairest of Them All,Ash Gaming,94.0,94.0,
Fly Cats Dream Drop,Relax Gaming,94.0,94.0,
Football,Evoplay Entertainment,94.0,94.0,
Fortune Teller,Amaya Gaming,94.0,94.0,
Four Lucky Clover,BGaming,94.0,94.0,
Four Lucky Diamonds,BGaming,94.0,94.0,
From Russia With Love,Playtech,94.0,94.0,
Fruit Party,Amaya Gaming,94.0,94.0,
Full Moon Fortunes,Ash Gaming,94.0,94.0,
Funky Fruits,Playtech,94.0,94.0,
Genie Mega Reels,Skywind Group,94.0,94.0,
Golazo,World Match,94.0,94.0,
Grim the Splitter Dream Drop,Relax Gaming,94.0,94.0,
Gumball 3000,Play'n Go,94.0,94.0,
Hawaiian Treasure,Ash Gaming,94.0,94.0,
Hellcatraz 2 Dream Drop,Relax Gaming,94.0,94.0,
Hot Shot,Bally Technologies,94.0,94.0,
Inca Jackpot,Skywind Group,94.0,94.0,
Irish Love,1x2 Gaming,94.0,94.0,
Jenga,Cryptologic,94.0,94.0,
John Wayne,Playtech,94.0,94.0,
Karate Kid,Skywind Group,94.0,94.0,
Lady Robin Hood,Bally Technologies,94.0,94.0,
Lady's Charms,Amaya Gaming,94.0,94.0,
Life of Brian,Ash Gaming,94.0,94.0,
Little Britain,Playtech,94.0,94.0,
Lucky Girls,Evoplay Entertainment,94.0,94.0,
Mayan Treasures,Bally Technologies,94.0,94.0,
Megaquarium,Realtime Gaming,94.0,94.0,
Midas Millions,Ash Gaming,94.0,94.0,
Midnight Marauder Dream Drop,Relax Gaming,94.0,94.0,
Money Train Origins Dream Drop,Relax Gaming,94.0,94.0,
Monkey Love,Amaya Gaming,94.0,94.0,
Monty Python's Spamalot,Playtech,94.0,94.0,
Native Treasure,Cryptologic,94.0,94.0,
Oktoberfest,Amaya Gaming,94.0,94.0,
Party Games Slotto,Novomatic,94.0,94.0,
Pharaoh's Dream,Bally Technologies,94.0,94.0,
Pints and Pounds,Cryptologic,94.0,94.0,
Quest of Kings,Cryptologic,94.0,94.0,
Quick Hit Black Gold,Bally Technologies,94.0,94.0,
Reel King,Novomatic,94.0,94.0,
Riches of Ra,Play'n Go,94.0,94.0,
Roamin' Gnome,Cryptologic,94.0,94.0,
Santa's Stack Dream Drop,Relax Gaming,94.0,94.0,
Scandinavian Babes,Play'n Go,94.0,94.0,
Scandinavian Hunks,Play'n Go,94.0,94.0,
Snake Arena Dream Drop,Relax Gaming,94.0,94.0,
Sweet Party,Playtech,94.0,94.0,
Templar Tumble 2 Dream Drop,Relax Gaming,94.0,94.0,
The Love Boat,Playtech,94.0,94.0,
The Magnificent Seven,Skywind Group,94.0,94.0,
The Six Million Dollar Man,Playtech,94.0,94.0,
The Sopranos,Playtech,94.0,94.0,
The Winnings of Oz,Ash Gaming,94.0,94.0,
Thunderhorn,Bally Technologies,94.0,94.0,
TNT Tumble Dream Drop,Relax Gaming,94.0,94.0,
Treasure Room,Betsoft,94.0,94.0,
Viking Conquest,Viaden,94.0,94.0,
Wheel of Luck: Hold & Win,Tom Horn Gaming,94.0,94.0,
Wild Chapo Dream Drop,Relax Gaming,94.0,94.0,
Wild Huskies,Bally Technologies,94.0,94.0,
Win Wizard,Novomatic,94.0,94.0,
Safe Cracker,Playtech,93.9,95.9,
Wu Long,Playtech,93.9,94.1,
Age of the Gods: Goddess of Wisdom,Playtech,93.9,94.0,
Aeronauts,Evoplay Entertainment,93.9,93.9,
Age of the Gods: Furious 4,Playtech,93.9,93.9,
Battle Tanks,Evoplay Entertainment,93.9,93.9,
Cash Wave,Bally Technologies,93.9,93.9,
Cupid & Psyche,Bally Technologies,93.9,93.9,
Derby Shot,Skywind Group,93.9,93.9,
Enchanted Beans,Cryptologic,93.9,93.9,
Fairy Magic,Playtech,93.9,93.9,
Fantasy Realm,Cryptologic,93.9,93.9,
Fire Lightning,BGaming,93.9,93.9,
Genie Shot EU,Skywind Group,93.9,93.9,
Honey Shot,Skywind Group,93.9,93.9,
Lothar Matthaus. Be a Winner,Skywind Group,93.9,93.9,
Morocco,Bally Technologies,93.9,93.9,
Mystic Slots,GamesOS,93.9,93.9,
Naughty Girls Cabaret,Evoplay Entertainment,93.9,93.9,
Neko Night Dream Drop,Relax Gaming,93.9,93.9,
Outta Space Adventure,Cryptologic,93.9,93.9,
Silent Screen,Cryptologic,93.9,93.9,
Sunday Afternoon Classics,Cryptologic,93.9,93.9,
Tiger Treasures,Bally Technologies,93.9,93.9,
Title Shot,Skywind Group,93.9,93.9,
Age of the Gods: Prince of Olympus,Playtech,93.8,94.8,
Arabian Nights,Cozy Games,93.8,93.8,
Big Ben,Cozy Games,93.8,93.8,
Cupid's Arrow,Cozy Games,93.8,93.8,
Heist,Betsoft,93.8,93.8,
Ice Run,Playtech,93.8,93.8,
Kung Fu Cash,OpenBet,93.8,93.8,
Ray Gunn vs Calex E. Greed,Gamesys,93.8,93.8,
Sign of Luck,Viaden,93.8,93.8,
Street Fighter II,Cryptologic,93.8,93.8,
Toony Jack,Cozy Games,93.8,93.8,
"Vegas, Baby!",IGT,93.7,96.5,
Magic Slots,Playtech,93.7,95.7,
Azteca,Playtech,93.7,93.7,
Baywatch,Playtech,93.7,93.7,
Coffee House,Cozy Games,93.7,93.7,
Happy Bugs,Playtech,93.7,93.7,
More Gold Diggin',Betsoft,93.7,93.7,
The Emperor's Tomb,Evoplay Entertainment,93.7,93.7,
Bargainista,Cozy Games,93.6,93.6,
Blockbusters Drop,OpenBet,93.6,93.6,
Deep Blue HD,Viaden,93.6,93.6,
Mystery Planet,Evoplay Entertainment,93.6,93.6,
Roaring Wilds,Playtech,93.6,93.6,
Golden Goddess,IGT,93.5,96.0,
Kitty Glitter,IGT,93.5,94.9,
Water Dragons,IGT,93.5,94.9,
Book of Atem WowPot,Microgaming,93.5,93.5,
Lucky Lady,NextGen Gaming,93.5,93.5,
Mamma Mia,Betsoft,93.5,93.5,
Penguins in Paradise,Cryptologic,93.5,93.5,
Picnic Panic,Cryptologic,93.5,93.5,
The Last Kingdom,Skywind Group,93.5,93.5,
Robin Hood Prince of Tweets,NextGen Gaming,93.4,97.0,
Samba de Frutas,IGT,93.4,96.1,
Wolf Rising,IGT,93.4,96.1,
Da Vinci Diamonds: Dual Play,IGT,93.4,95.3,
Masques of San Marco,IGT,93.4,95.3,
Chinese New Year,Evoplay Entertainment,93.4,93.4,
Little Master,Cryptologic,93.4,93.4,
9 Blazing Diamonds WowPot,Microgaming,93.3,93.3,
Beach Life,Playtech,93.3,93.3,
Painted Elephant,Cozy Games,93.3,93.3,
The Discovery,Playtech,93.3,93.3,
Wheel of Wishes,Microgaming,93.3,93.3,
Wizard of Odds,Mazooma,93.3,93.3,
Sumatran Storm,IGT,93.2,96.6,
Sherlock Holmes: The Hunt for Blackwood,IGT,93.2,96.4,
Belissimo,Microgaming,93.2,93.2,
Egyptian Wilds,Cayetano Gaming,93.2,93.2,
Golden Dragon,Microgaming,93.2,93.2,
Jack's T-Rex,Sheriff Gaming,93.2,93.2,
Jackpot Express,Microgaming,93.2,93.2,
Roman Riches,Microgaming,93.2,93.2,
The Great Conflict,Evoplay Entertainment,93.2,93.2,
Dungeons & Dragons: Treasures of Icewind Dale,IGT,93.1,96.5,
Aladin's Lamp,Cayetano Gaming,93.1,93.1,
Barbary Coast,Betsoft,93.1,93.1,
Chests of Plenty,Ash Gaming,93.1,93.1,
Double Happiness,Aristocrat,93.1,93.1,
Reel Gems,Ash Gaming,93.1,93.1,
Sinbad,Evoplay Entertainment,93.1,93.1,
Sinbad's Gold,Cayetano Gaming,93.1,93.1,
Top Speed,Cozy Games,93.1,93.1,
Fountain Of Youth,Playtech,93.0,96.8,
100 Ladies,IGT,93.0,96.5,
100 Pandas,IGT,93.0,96.5,
Hexbreaker 2,IGT,93.0,96.5,
Nouveau Riche,IGT,93.0,96.4,
Nordic Heroes,IGT,93.0,96.3,
Diamond Queen,IGT,93.0,96.1,
Jewel of the Arts,IGT,93.0,96.1,
Dragon Kingdom,Playtech,93.0,95.0,
Grand Monarch,IGT,93.0,95.0,
Wild Wolf,IGT,93.0,95.0,
Cats,IGT,93.0,94.9,
Fire Opals,IGT,93.0,94.9,
Noah's Ark,IGT,93.0,94.9,
Pixies of the Forest,IGT,93.0,94.9,
Age of the Gods: Fate Sisters,Playtech,93.0,93.0,
Big Top Tombola,Virtue Fusion,93.0,93.0,
Bouncy Balls,Virtue Fusion,93.0,93.0,
Castle Mania,Sheriff Gaming,93.0,93.0,
Lucky Cherry,Amaya Gaming,93.0,93.0,
Lucky Lager,Cryptologic,93.0,93.0,
Mr Vegas,Betsoft,93.0,93.0,
Sensible Soccer Euro Cup,Ash Gaming,93.0,93.0,
Totem Island,Evoplay Entertainment,93.0,93.0,
Cleopatra Plus,IGT,92.9,96.5,
Balloonies Farm,IGT,92.9,96.4,
Pamplona,IGT,92.9,96.3,
Western Belles,IGT,92.9,96.3,
Garden Party,IGT,92.9,96.0,
Crown of Egypt,IGT,92.9,95.0,
Red Mansions,IGT,92.9,95.0,
Beauty's Beast,Cayetano Gaming,92.9,92.9,
Notre Dame,OpenBet,92.9,92.9,
Pyramid Gold,Cayetano Gaming,92.9,92.9,
Royal Reels,Betsoft,92.9,92.9,
What's Cooking,Playtech,92.9,92.9,
Champion Raceway,IGT,92.8,96.7,
Lucky Larry's Lobstermania 2,IGT,92.8,96.5,
Tutan's Treasure,Slingo Originals,92.8,96.4,
50s Pin-Up,World Match,92.8,96.1,
Country Life,World Match,92.8,96.1,
"The 100,000 Pyramid",IGT,92.8,95.0,
Treasures of Troy,IGT,92.8,94.9,
White Orchid,IGT,92.8,94.9,
Reel Classic 3,Playtech,92.8,94.8,
Beehive Bedlam Reactors,OpenBet,92.8,94.4,
Ali Baba's Treasure,Cayetano Gaming,92.8,92.8,
Fruit Reel,Skywind Group,92.8,92.8,
Fruits 4 Jackpot,World Match,92.8,92.8,
Gladiator Reel,Skywind Group,92.8,92.8,
Norse Reel,Skywind Group,92.8,92.8,
Polka Reel,Skywind Group,92.8,92.8,
Wonder Woman,NextGen Gaming,92.8,92.8,
Silent Movie,IGT,92.7,96.5,
Bubble Craze,IGT,92.7,96.2,
Lucky Clover,Cozy Games,92.7,92.7,
The Legend of Shaolin,Evoplay Entertainment,92.7,92.7,
Treasures of Egypt,Cozy Games,92.7,92.7,
Natural Powers,IGT,92.6,96.5,
Transformers Battle for Cybertron,IGT,92.6,96.5,
Apollo Rising,IGT,92.6,96.3,
Tokidoki Lucky Town,IGT,92.6,96.2,
Gold Diggers,Betsoft,92.6,92.6,
Sphinx Gold,Cayetano Gaming,92.6,92.6,
Rapunzel's Tower,Quickspin,92.5,97.1,
Wheel of Fortune: On Tour,IGT,92.5,96.6,
Pharaoh's Fortune,IGT,92.5,96.5,
She's a Rich Girl,IGT,92.5,96.2,
Siberian Storm Dual Play,IGT,92.5,96.2,
Stinkin' Rich,IGT,92.5,96.2,
Family Guy,IGT,92.5,96.1,
Fire Horse,IGT,92.5,96.0,
Siberian Storm,IGT,92.5,96.0,
The Flash,NextGen Gaming,92.5,95.5,
Merlin's Magic Respins,NextGen Gaming,92.5,95.3,
Coyote Moon,IGT,92.5,95.0,
Mayan Riches,IGT,92.5,95.0,
Ghostbusters,IGT,92.5,94.5,
Nags to Riches,Ash Gaming,92.5,92.7,
Britain's Got Talent,Ash Gaming,92.5,92.5,
Freaky Wild West,GamesOS,92.5,92.5,
Queen of Alexandria WowPot,Microgaming,92.5,92.5,
Slots O' Gold,Blueprint Gaming,92.5,92.5,
Super Spinner,Blueprint Gaming,92.5,92.5,
Top Cat,Blueprint Gaming,92.5,92.5,
Pacific Paradise,IGT,92.4,96.4,
Medieval Money,IGT,92.4,96.3,
Balloonies,IGT,92.4,96.2,
Gong Xi Fa Cai,IGT,92.4,96.2,
Green Lantern,NextGen Gaming,92.4,95.3,
Day of the Dead,IGT,92.4,94.9,
Fortune Hill,Playtech,92.4,92.4,
Lucky Devil,Cozy Games,92.4,92.4,
Robinson,Evoplay Entertainment,92.4,92.4,
The X-Factor Jackpot,Ash Gaming,92.4,92.4,
Bermuda Triangle,Playtech,92.3,96.7,
Gold Money Frog,Net Entertainment,92.3,93.0,
Arrival,Betsoft,92.3,92.3,
Big 5,Microgaming,92.3,92.3,
Ghosts of Christmas,Playtech,92.3,92.3,
Japanese Mystery,Cayetano Gaming,92.3,92.3,
Dragon's Temple,IGT,92.2,96.2,
Goldify,IGT,92.2,96.2,
Shamrockers,IGT,92.2,96.2,
Treasures of the Pyramids,IGT,92.2,96.2,
Egyptian Wild,World Match,92.2,96.1,
Magic Castle,IGT,92.2,96.1,
Batman,NextGen Gaming,92.2,95.7,
Enchanted,Betsoft,92.2,92.2,
Legends of Ra,Evoplay Entertainment,92.2,92.2,
Gorilla Go Wild,NextGen Gaming,92.1,96.5,
Pharaoh's Treasure,Ash Gaming,92.1,96.3,
Prowling Panther,IGT,92.1,96.1,
1421: Voyages of Zheng He,IGT,92.1,96.0,
In Bloom,IGT,92.1,96.0,
Da Vinci's Vault,Playtech,92.1,94.0,
Book of Ra Classic,Novomatic,92.1,92.1,
Cash Volt,Red Tiger Gaming,92.1,92.1,
Funky Fruits Farm,Playtech,92.1,92.1,
Gem Heat,Playtech,92.1,92.1,
Piggies and the Wolf,Playtech,92.1,92.1,
Respin King,Skywind Group,92.1,92.1,
Sherlock and Moriarty WowPot,Microgaming,92.1,92.1,
Stars Luck,Red Tiger Gaming,92.1,92.1,
The Three Musketeers,Playtech,92.1,92.1,
Treasure Nile,Microgaming,92.1,92.1,
Wild West,Amaya Gaming,92.0,96.7,
Gypsy Moon,IGT,92.0,96.2,
Miss Red,IGT,92.0,96.2,
Miss White,IGT,92.0,96.2,
7s Wild,IGT,92.0,96.1,
Cash Coaster,IGT,92.0,96.1,
Firehouse Hounds,IGT,92.0,96.1,
Ghostbusters Triple Slime,IGT,92.0,96.1,
Wheel of Fortune: Triple Extreme Spin,IGT,92.0,96.1,
Black Widow,IGT,92.0,96.0,
Wheel of Fortune: Ultra 5 Reels,IGT,92.0,96.0,
Candy Bars,IGT,92.0,94.9,
Haunted House,Big Time Gaming,92.0,94.9,
Temple of Fortune,Big Time Gaming,92.0,94.9,
Monopoly Once Around Deluxe,WMS Gaming,92.0,94.0,
Space Invasion,Amaya Gaming,92.0,93.8,
Bier Haus,WMS Gaming,92.0,92.0,
Cat in Vegas,Playtech,92.0,92.0,
Catwalk,Ash Gaming,92.0,92.0,
Chippendales,Playtech,92.0,92.0,
Disco Dance,Spigo,92.0,92.0,
Farmer's Market,Playtech,92.0,92.0,
Fruits,Spigo,92.0,92.0,
Hat Trick,Spigo,92.0,92.0,
La Chatte Rouge,Playtech,92.0,92.0,
Lucky Mahjong Box,Evoplay Entertainment,92.0,92.0,
Mega Glam Life,Betsoft,92.0,92.0,
Plenty O' Fortune,Playtech,92.0,92.0,
Sisters of Oz WowPot,Microgaming,92.0,92.0,
Super Parrot,Spigo,92.0,92.0,
The Mummy,Playtech,92.0,92.0,
Tivoli,Spigo,92.0,92.0,
Tropicana,Spigo,92.0,92.0,
Wanted Dead Or Alive,Playtech,92.0,92.0,
Zoo,Spigo,92.0,92.0,
Fantasy Island,World Match,91.9,97.4,
The Forbidden City,World Match,91.9,97.4,
2 Million BC,Betsoft,91.9,91.9,
The Glam Life,Betsoft,91.9,91.9,
Tropical Holiday,Play'n Go,91.9,91.9,
Fight Night,World Match,91.8,96.5,
Striking Viking,World Match,91.8,96.5,
Banana King,World Match,91.8,96.2,
Wild Melon,Play'n Go,91.8,93.7,
Uga Age,World Match,91.6,95.9,
Wish Upon a Jackpot,Blueprint Gaming,91.6,94.5,
Cash Splash 3-Reel,Microgaming,91.5,91.5,
Cash Splash 5-Reel,Microgaming,91.5,91.5,
Gladiator Jackpot,Playtech,91.5,91.5,
King Kong,Cryptologic,91.4,91.4,
Football Carnival,Playtech,91.3,91.3,
Leprechaun's Luck,Ash Gaming,91.3,91.3,
Twin Spin,Net Entertainment,91.1,99.1,96.6
Jumpin' Jalapenos,WMS Gaming,91.1,91.1,
Achilles,Realtime Gaming,91.0,97.5,95.0
Aladdins Wishes,Realtime Gaming,91.0,97.5,95.0
Ancient Gods,Realtime Gaming,91.0,97.5,95.0
Asgard,Realtime Gaming,91.0,97.5,95.0
Bubble Bubble,Realtime Gaming,91.0,97.5,95.0
Bubble Bubble 2,Realtime Gaming,91.0,97.5,95.0
Builder Beaver,Realtime Gaming,91.0,97.5,95.0
Caesar's Empire,Realtime Gaming,91.0,97.5,95.0
Cai Hong,Realtime Gaming,91.0,97.5,95.0
Cash Bandits,Realtime Gaming,91.0,97.5,95.0
Cash Bandits 2,Realtime Gaming,91.0,97.5,95.0
Cleopatra's Gold,Realtime Gaming,91.0,97.5,95.0
Count Spectacular,Realtime Gaming,91.0,97.5,95.0
Coyote Cash,Realtime Gaming,91.0,97.5,95.0
Crystal Waters,Realtime Gaming,91.0,97.5,95.0
Cubee,Realtime Gaming,91.0,97.5,95.0
Double Ya Luck,Realtime Gaming,91.0,97.5,95.0
Dragon Orb,Realtime Gaming,91.0,97.5,95.0
Eagle Shadow Fist,Realtime Gaming,91.0,97.5,95.0
Enchanted Garden,Realtime Gaming,91.0,97.5,95.0
Enchanted Garden 2,Realtime Gaming,91.0,97.5,95.0
Eternal Love,Realtime Gaming,91.0,97.5,95.0
Fantasy Mission Force,Realtime Gaming,91.0,97.5,95.0
Fat Cat Cafe,Realtime Gaming,91.0,97.5,95.0
Fire Dragon,Realtime Gaming,91.0,97.5,95.0
Football Fortunes,Realtime Gaming,91.0,97.5,95.0
Football Frenzy,Realtime Gaming,91.0,97.5,95.0
Fortune Frog,Realtime Gaming,91.0,97.5,95.0
Fu Chi,Realtime Gaming,91.0,97.5,95.0
Fucanglong,Realtime Gaming,91.0,97.5,95.0
Gemtopia,Realtime Gaming,91.0,97.5,95.0
Ghost Ship,Realtime Gaming,91.0,97.5,95.0
God of Wealth,Realtime Gaming,91.0,97.5,95.0
Gods of Nature,Realtime Gaming,91.0,97.5,95.0
Goldbeard,Realtime Gaming,91.0,97.5,95.0
Heavenly Treasure,Realtime Gaming,91.0,97.5,95.0
Henhouse,Realtime Gaming,91.0,97.5,95.0
High Fashion,Realtime Gaming,91.0,97.5,95.0
Hillbillies,Realtime Gaming,91.0,97.5,95.0
"I, Zombie",Realtime Gaming,91.0,97.5,95.0
Kung Fu Rooster,Realtime Gaming,91.0,97.5,95.0
Loch Ness Loot,Realtime Gaming,91.0,97.5,95.0
Lucha Libre 2,Realtime Gaming,91.0,97.5,95.0
Lucky 6,Realtime Gaming,91.0,97.5,95.0
Lucky 8,Realtime Gaming,91.0,97.5,95.0
Lucky Rat,Realtime Gaming,91.0,97.5,95.0
Mermaid Queen,Realtime Gaming,91.0,97.5,95.0
Naughty Or Nice,Realtime Gaming,91.0,97.5,95.0
Naughty or Nice Spring Break,Realtime Gaming,91.0,97.5,95.0
Nova 7s,Realtime Gaming,91.0,97.5,95.0
Ocean Oddities,Realtime Gaming,91.0,97.5,95.0
Panda Magic,Realtime Gaming,91.0,97.5,95.0
Panda's Gold,Realtime Gaming,91.0,97.5,95.0
Paydirt,Realtime Gaming,91.0,97.5,95.0
Penguin Power,Realtime Gaming,91.0,97.5,95.0
Pig Winner,Realtime Gaming,91.0,97.5,95.0
Plentiful Treasure,Realtime Gaming,91.0,97.5,95.0
Popinata,Realtime Gaming,91.0,97.5,95.0
Purrfect Pets,Realtime Gaming,91.0,97.5,95.0
Regal Riches,Realtime Gaming,91.0,97.5,95.0
Return Of The Rudolph,Realtime Gaming,91.0,97.5,95.0
Ritchie Valens La Bamba,Realtime Gaming,91.0,97.5,95.0
Rudolph's Revenge,Realtime Gaming,91.0,97.5,95.0
Samba Sunset,Realtime Gaming,91.0,97.5,95.0
Santastic,Realtime Gaming,91.0,97.5,95.0
Scuba Fishing,Realtime Gaming,91.0,97.5,95.0
Secret Jungle,Realtime Gaming,91.0,97.5,95.0
Secret Symbol,Realtime Gaming,91.0,97.5,95.0
Shanghai Lights,Realtime Gaming,91.0,97.5,95.0
Small Fortune,Realtime Gaming,91.0,97.5,95.0
Snowmania,Realtime Gaming,91.0,97.5,95.0
Stardust,Realtime Gaming,91.0,97.5,95.0
Storm Lords,Realtime Gaming,91.0,97.5,95.0
Super 6,Realtime Gaming,91.0,97.5,95.0
Sweet 16,Realtime Gaming,91.0,97.5,95.0
Swindle All The Way,Realtime Gaming,91.0,97.5,95.0
T-Rex,Realtime Gaming,91.0,97.5,95.0
T-Rex 2,Realtime Gaming,91.0,97.5,95.0
Texan Tycoon,Realtime Gaming,91.0,97.5,95.0
The Big Bopper,Realtime Gaming,91.0,97.5,95.0
The Mariachi 5,Realtime Gaming,91.0,97.5,95.0
The Naughty List,Realtime Gaming,91.0,97.5,95.0
The Three Stooges Brideless Groom,Realtime Gaming,91.0,97.5,95.0
Three Kingdom Wars,Realtime Gaming,91.0,97.5,95.0
Trigger Happy,Realtime Gaming,91.0,97.5,95.0
Triple Twister,Realtime Gaming,91.0,97.5,95.0
Voodoo Magic,Realtime Gaming,91.0,97.5,95.0
Witch's Brew,Realtime Gaming,91.0,97.5,95.0
Wu Zetian,Realtime Gaming,91.0,97.5,95.0
Zhanshi,Realtime Gaming,91.0,97.5,95.0
RTG 777,Realtime Gaming,91.0,97.0,95.0
Ninja Star,Realtime Gaming,91.0,95.0,95.0
Who Wants to be a Millionaire?,Ash Gaming,91.0,91.0,
Alien Hunter,Playtech,90.9,97.7,
Jour de l'Amour,Viaden,90.6,90.6,
King Cashalot,Microgaming,90.5,90.5,
Cubana Tropicana,Viaden,90.4,90.4,
Maverick Saloon,Viaden,90.4,90.4,
Pirates,Cayetano Gaming,90.3,90.3,
Deal or No Deal,Gamesys,90.2,90.2,
Jingle Bells Ride,Viaden,90.2,90.2,
Fruit Shop,Net Entertainment,90.1,99.1,96.7
Guns n' Roses,Net Entertainment,90.1,99.1,97.0
Reel Rush,Net Entertainment,90.1,99.1,97.0
Starburst,Net Entertainment,90.1,99.1,96.1
Fruit Fiesta 3-Reel,Microgaming,90.1,90.1,
Lotsaloot 5-Reel,Microgaming,90.1,90.1,
White King,Playtech,90.1,90.1,
Butterfly Staxx,Net Entertainment,90.0,99.1,96.8
Downton Abbey,Skywind Group,90.0,90.0,
Football Cup,Viaden,90.0,90.0,
Fruit Fiesta 5-Reel,Microgaming,90.0,90.0,
Hollywood Reels,Amaya Gaming,90.0,90.0,
Lotsaloot 3-Reel,Microgaming,90.0,90.0,
Relic Raiders,Net Entertainment,90.0,90.0,
Tunzamuni,Microgaming,90.0,90.0,
Dice Express HD,Viaden,89.9,89.9,
Lucky 88,Aristocrat,89.8,95.6,
House of Scare,Viaden,89.7,89.7,
Zorro,Aristocrat,89.4,95.5,
Major Millions 3-Reel,Microgaming,89.4,89.4,
Major Millions 5-Reel,Microgaming,89.4,89.4,
Fortune Jump,Playtech,89.2,96.1,
Jokerizer,Yggdrasil Gaming,88.8,94.22,
Diamond Bonanza,Gamesys,88.4,95.4,
Mega Moolah,Microgaming,88.1,88.1,
Mega Moolah Summertime,Microgaming,88.1,88.1,
The Dark Knight,Microgaming,88.1,88.1,
Ocean's Secret,Connective Games,88.0,98.0,
Mega Moolah 5 Reel Drive,Microgaming,88.0,88.0,
Mega Moolah Isis,Microgaming,88.0,88.0,
Bell of Fortune,Play'n Go,87.9,94.1,
Gift Shop,Play'n Go,87.9,94.1,
Golden Goal,Play'n Go,87.9,94.1,
Speed Cash,Play'n Go,87.9,94.1,
Lucky 5 Reeler,Barcrest,87.8,94.7,
Adventures in Wonderland,Ash Gaming,86.4,93.6,
Fruit Bonanza,Play'n Go,86.1,93.1,
Kiss of Luck,Connective Games,86.0,98.0,
Polar Picnic,Connective Games,86.0,98.0,
Diamonds,Spigo,86.0,91.0,
Riches of Robin,Play'n Go,85.6,96.7,96.7
Cash Pump,Play'n Go,84.7,96.9,96.9
Gunslinger Reloaded,Play'n Go,84.7,96.7,96.7
Sticky Joker,Play'n Go,84.7,96.7,96.7
Contact,Play'n Go,84.7,96.6,96.6
Charlie Chance in Hell to Pay,Play'n Go,84.7,96.2,96.2
Mission Cash,Play'n Go,84.6,96.7,96.7
Banana Rock,Play'n Go,84.6,96.6,96.6
Crystal Sun,Play'n Go,84.6,96.6,96.6
Firefly Frenzy,Play'n Go,84.6,96.6,96.6
Golden Colts,Play'n Go,84.6,96.6,96.6
Legacy of Dead,Play'n Go,84.6,96.6,96.6
Mahjong 88,Play'n Go,84.6,96.6,96.6
Rise of Merlin,Play'n Go,84.6,96.6,96.6
Starblast,Play'n Go,84.6,96.6,96.6
Tome of Madness,Play'n Go,84.6,96.6,96.6
Dragon Maiden,Play'n Go,84.6,96.5,96.5
Hugo's Adventure,Play'n Go,84.6,96.5,96.5
Rainforest Magic,Play'n Go,84.6,96.5,96.5
The Sword and the Grail,Play'n Go,84.6,96.5,96.5
Wild Rails,Play'n Go,84.6,96.5,96.5
Xmas Magic,Play'n Go,84.6,96.5,96.5
Wildhound Derby,Play'n Go,84.5,96.9,96.9
Battle Royal,Play'n Go,84.5,96.6,96.6
Big Win 777,Play'n Go,84.5,96.5,96.5
Black Mamba,Play'n Go,84.5,96.5,96.5
Chronos Joker,Play'n Go,84.5,96.5,96.5
Cops 'n Robbers,Play'n Go,84.5,96.5,96.5
Demon,Play'n Go,84.5,96.5,96.5
Divine Showdown,Play'n Go,84.5,96.5,96.5
Fu Er Dai,Play'n Go,84.5,96.5,96.5
Gold King,Play'n Go,84.5,96.5,96.5
Honey Rush,Play'n Go,84.5,96.5,96.5
Hugo Goal,Play'n Go,84.5,96.5,96.5
Imperial Opera,Play'n Go,84.5,96.5,96.5
Legacy of Egypt,Play'n Go,84.5,96.5,96.5
Perfect Gems,Play'n Go,84.5,96.5,96.5
Phoenix Reborn,Play'n Go,84.5,96.5,96.5
Planet Fortune,Play'n Go,84.5,96.5,96.5
Rise of Dead,Play'n Go,84.5,96.5,96.5
Sabaton,Play'n Go,84.5,96.5,96.5
Sizzling Spins,Play'n Go,84.5,96.5,96.5
Street Magic,Play'n Go,84.5,96.5,96.5
Sweet Alchemy,Play'n Go,84.5,96.5,96.5
Troll Hunters 2,Play'n Go,84.5,96.5,96.5
Wild Falls,Play'n Go,84.5,96.5,96.5
Wild Frames,Play'n Go,84.5,96.5,96.5
Rally 4 Riches,Play'n Go,84.5,96.3,96.3
Cash Vandal,Play'n Go,84.4,96.5,96.5
Game of Gladiators,Play'n Go,84.4,96.4,96.4
Inferno Joker,Play'n Go,84.4,96.4,96.4
Inferno Star,Play'n Go,84.4,96.4,96.4
Raging Rex,Play'n Go,84.4,96.3,96.3
Fortunes of Ali Baba,Play'n Go,84.3,96.9,96.9
Queen's Day Tilt,Play'n Go,84.3,96.4,96.4
Agent Destiny,Play'n Go,84.3,96.3,96.3
Coywolf Cash,Play'n Go,84.3,96.3,96.3
Shield of Athena,Play'n Go,84.3,96.3,96.3
That's Rich,Play'n Go,84.3,96.3,96.3
Big Win Cat,Play'n Go,84.3,96.2,96.2
Dawn of Egypt,Play'n Go,84.3,96.2,96.2
Ankh of Anubis,Play'n Go,84.2,96.2,96.2
Annihilator,Play'n Go,84.2,96.2,96.2
Book of Dead,Play'n Go,84.2,96.2,96.2
Doom of Egypt,Play'n Go,84.2,96.2,96.2
Leprechaun Goes Wild,Play'n Go,84.2,96.2,96.2
Ring of Odin,Play'n Go,84.2,96.2,96.2
Testament,Play'n Go,84.2,96.2,96.2
Wild Blood 2,Play'n Go,84.2,96.2,96.2
Baker's Treat,Play'n Go,84.2,96.0,96.0
Star Joker,Play'n Go,84.1,96.3,96.3
House of Doom,Play'n Go,84.1,96.1,96.1
Mermaid's Pearls,Realtime Gaming,80.0,97.8,95.0
The Dark Joker Rizes,Yggdrasil Gaming,79.7,96.3,
Mega Joker,Net Entertainment,76.9,99.0,
Jackpot 6000,Net Entertainment,74.9,98.8,
Super Nudge 6000,Net Entertainment,74.9,96.8,
