game,publisher,min_rtp,max_rtp,default_rtp
"Jackpot Jester 50,000",NextGen,95.08,99.902,95.08
"Jackpot Jester 50,000",NextGen Gaming,95.1,99.9,
Magical Dice,Relax Gaming,99.875,99.875,
Craps,Rival Gaming,99.7,99.7,
Match Times Pay Jacks or Better,IGT,99.6,99.6,
Punto Banco,Red Tiger,99.55,99.55,
Blackjack Single Deck,Connective Games,99.5,99.5,
Goblins Cave,Playtech,95.7,99.3,
Aces and Faces,Rival Gaming,99.26,99.26,
Ocean Princess,Playtech,97.0,99.1,
Ugga Bugga,Playtech,96.0,99.1,
Twin Spin,Net Entertainment,91.1,99.1,
Fruit Shop,Net Entertainment,90.1,99.1,
Guns n' Roses,Net Entertainment,90.1,99.1,
Reel Rush,Net Entertainment,90.1,99.1,
Starburst,Net Entertainment,90.1,99.1,
Butterfly Staxx,Net Entertainment,90.0,99.1,
Deuces and Joker MH,Rival Gaming,99.07,99.07,
Book of 99,Relax Gaming,99.0,99.0,
Nemo's Voyage,WMS Gaming,95.0,99.0,
Mega Joker,Net Entertainment,76.9,99.0,
Mega Joker,NetEnt,99.0,99.0,
Cosmic Quest: Mystery Planets,Rival Gaming,98.95,98.95,
Tropic Reels,Playtech,97.0,98.9,
Jackpot 6000,NetEnt,98.9,98.9,
Thrones of Persia,Tom Horn Gaming,98.8,98.8,
Jackpot 6000,Net Entertainment,74.9,98.8,
Triple Profits,Playtech,95.5,98.7,
1429 Uncharted Seas,Thunderkick,98.5,98.5,
Touch Down HD,Play Labs,98.48,98.48,
Magic Quest,World Match,94.9,98.4,
Maximum,World Match,94.9,98.4,
Monkeys vs Sharks,World Match,94.9,98.4,
Read our Minesweeper and play for free,BGAMING,98.4,98.4,
Golden Legacy,MultiSlot,98.25,98.25,
The Mad Hatter HD,Play Labs,98.21,98.21,
Sheik Yer Money,Barcrest,96.2,98.2,
King Tut's Chamber,World Gaming,95.1,98.2,
Polar Adventure,World Match,95.1,98.2,
Lucky Pets,MultiSlot,98.19,98.19,
Portals & Dragons,Capecod Gaming,98.12,98.12,
100 Hand All American,NetEnt,98.11,98.11,
Farm Adventures HD,Play Labs,98.11,98.11,
Fire Rescue HD,Play Labs,98.11,98.11,
B-boy's Street HD,Play Labs,98.11,98.11,
Space Monsters HD,Play Labs,98.11,98.11,
Elite Commandos HD,Play Labs,98.11,98.11,
B-Boys Street,World Match,98.1,98.1,
Elite Commandos,World Match,98.1,98.1,
Farm Adventures,World Match,98.1,98.1,
Fruits Dimension,World Match,98.1,98.1,
Fruits Evolution,World Match,98.1,98.1,
Gentleman Thief,World Match,98.1,98.1,
Marching Legions,Relax Gaming,98.1,98.1,
Space Monsters,World Match,98.1,98.1,
3D Farm,World Match,94.9,98.1,
Into the Woods,World Match,94.4,98.1,
Zen Blade,World Match,94.4,98.1,
Double Joker,Rival Gaming,98.1,98.1,
Legend of the Pharaohs,Barcrest,96.1,98.1,96.1
Fruits Evolution HD,Play Labs,98.1,98.1,
Tequila Fiesta,BF games,98.08,98.08,
Fresh Fortune,BF games,98.05,98.05,
Jazz Spin,BF games,98.05,98.05,
Moon Shadow,Barcrest,96.07,98.01,96.07
Er Colosseo,Capecod Gaming,98.01,98.01,
Star Fortune,BF games,98.01,98.01,
Blood Suckers,Net Entertainment,98.0,98.0,
Money Cart,Relax Gaming,98.0,98.0,
Money Cart 2,Relax Gaming,98.0,98.0,
Rags to Riches,Cryptologic,98.0,98.0,
Crown Jewels,Barcrest,94.0,98.0,96.0
Rainbow Riches Pick'n'Mix,Barcrest,94.0,98.0,
Wild Knights: King's Ransom,Barcrest,94.0,98.0,
Ocean's Secret,Connective Games,88.0,98.0,
Kiss of Luck,Connective Games,86.0,98.0,
Polar Picnic,Connective Games,86.0,98.0,
Blood Suckers,NetEnt,98.0,98.0,
Böb: The Epic Viking Quest for the Sword of Tullemutt,NetEnt,98.0,98.0,
Rock On!,Rival Gaming,98.0,98.0,
Neon Strike,Capecod Gaming,98.0,98.0,
Vampires vs Werewolves,Amaya,98.0,98.0,
Cash Garden,MultiSlot,97.94,97.94,
Starmania,NextGen Gaming,97.9,97.9,
Starmania,NextGen,97.867,97.867,
Kitty Cash,1X2gaming,97.86,97.86,
Cowboys Go West HD,Play Labs,97.84,97.84,
Aquarium,World Match,97.8,97.8,
Diamond Croupier,World Match,97.8,97.8,
"Good Girl, Bad Girl",Betsoft,97.8,97.8,
Kings of Chicago,Net Entertainment,97.8,97.8,
Wolfpack Pays,NextGen Gaming,97.8,97.8,
White Rabbit,Big Time Gaming,97.2,97.8,
Burlesque,World Match,94.0,97.8,
Cowboys Go West,World Match,94.0,97.8,
Mermaid's Pearls,Realtime Gaming,80.0,97.8,
Kings of Chicago,NetEnt,97.8,97.8,
Twin Joker,StakeLogic,97.79,97.79,
Wolfpack Pays,NextGen,97.76,97.76,
Hero's War HD,Play Labs,97.76,97.76,
Dico80,World Match,97.7,97.7,
Golden Tour,Playtech,97.7,97.7,
Horror Castle,World Match,97.7,97.7,
The Last Crusade,World Match,97.7,97.7,
NYC Real Estate,World Match,94.9,97.7,
Alien Hunter,Playtech,90.9,97.7,
Celebrity in the Jungle,1X2gaming,97.7,97.7,
Downtown,1X2gaming,97.7,97.7,
Professor Bubbles,SkillOnNet,97.7,97.7,
Bank Robbery,MultiSlot,97.66,97.66,
Who Spun It?,Betsoft,97.64,97.64,
Gypsy Rose,Betsoft,97.63,97.63,
Xcalibur,Games Global,97.62,97.62,
Devil's Delight,Net Entertainment,97.6,97.6,
Diamonds Wild,Galewind Software,97.6,97.6,
Joker's Luck,Skywind Group,97.6,97.6,
Suerte De La Oca,Skywind Group,97.6,97.6,
Sugar Pop,Betsoft,97.6,97.6,
The Red White & Blue,Galewind Software,97.6,97.6,
Vinci La Gallina,Skywind Group,97.6,97.6,
Whospunit?,Betsoft,97.6,97.6,
Gold Rush Showdown,Ash Gaming,97.6,97.6,
Hercules the Invincible,World Match,95.0,97.6,
Xcalibur,World Match,95.0,97.6,
Devil's Delight,NetEnt,97.6,97.6,
SugarPop,Betsoft,97.6,97.6,
Totem's Wild,Cayetano Gaming,97.57,97.57,
Lucky Dragon Boat,Genesis,97.56,97.56,
Lady Glamour HD,Play Labs,97.55,97.55,
Hollywood Film HD,Play Labs,97.55,97.55,
888 Gold,Pragmatic Play,97.52,97.52,
Amigos Fiesta,Spinomenal,97.51,97.51,
Code Name: Jackpot,Spinomenal,97.51,97.51,
Bowl-a-Palooza,Galewind Software,97.5,97.5,
Brittonaire,Cozy Games,97.5,97.5,
Crazy 8 Line,Galewind Software,97.5,97.5,
Gems of Isis,Galewind Software,97.5,97.5,
Golden Goal,Galewind Software,97.5,97.5,
Hot Ink,Microgaming,97.5,97.5,
Hot Peppers,Galewind Software,97.5,97.5,
Lady Glamour,World Match,97.5,97.5,
Love Lab,World Match,97.5,97.5,
Lucky Lanterns,Galewind Software,97.5,97.5,
Retro Reels - Extreme Heat,Microgaming,97.5,97.5,
Safari Sam,Betsoft,97.5,97.5,
Simsalabim,Net Entertainment,97.5,97.5,
Take it or Stake it,Galewind Software,97.5,97.5,
Wild Orient,Microgaming,97.5,97.5,
Arena de Toros,World Match,94.8,97.5,
Scary Fruits,World Match,94.8,97.5,
Ghosts Night,World Match,94.1,97.5,
Glamour Hills,World Match,94.1,97.5,
Achilles,Realtime Gaming,91.0,97.5,
Aladdins Wishes,Realtime Gaming,91.0,97.5,
Ancient Gods,Realtime Gaming,91.0,97.5,
Asgard,Realtime Gaming,91.0,97.5,
Bubble Bubble,Realtime Gaming,91.0,97.5,
Bubble Bubble 2,Realtime Gaming,91.0,97.5,
Builder Beaver,Realtime Gaming,91.0,97.5,
Caesar's Empire,Realtime Gaming,91.0,97.5,
Cai Hong,Realtime Gaming,91.0,97.5,
Cash Bandits,Realtime Gaming,91.0,97.5,
Cash Bandits 2,Realtime Gaming,91.0,97.5,
Cleopatra's Gold,Realtime Gaming,91.0,97.5,
Count Spectacular,Realtime Gaming,91.0,97.5,
Coyote Cash,Realtime Gaming,91.0,97.5,
Crystal Waters,Realtime Gaming,91.0,97.5,
Cubee,Realtime Gaming,91.0,97.5,
Double Ya Luck,Realtime Gaming,91.0,97.5,
Dragon Orb,Realtime Gaming,91.0,97.5,
Eagle Shadow Fist,Realtime Gaming,91.0,97.5,
Enchanted Garden,Realtime Gaming,91.0,97.5,
Enchanted Garden 2,Realtime Gaming,91.0,97.5,
Eternal Love,Realtime Gaming,91.0,97.5,
Fantasy Mission Force,Realtime Gaming,91.0,97.5,
Fat Cat Cafe,Realtime Gaming,91.0,97.5,
Fire Dragon,Realtime Gaming,91.0,97.5,
Football Fortunes,Realtime Gaming,91.0,97.5,
Football Frenzy,Realtime Gaming,91.0,97.5,
Fortune Frog,Realtime Gaming,91.0,97.5,
Fu Chi,Realtime Gaming,91.0,97.5,
Fucanglong,Realtime Gaming,91.0,97.5,
Gemtopia,Realtime Gaming,91.0,97.5,
Ghost Ship,Realtime Gaming,91.0,97.5,
God of Wealth,Realtime Gaming,91.0,97.5,
Gods of Nature,Realtime Gaming,91.0,97.5,
Goldbeard,Realtime Gaming,91.0,97.5,
Heavenly Treasure,Realtime Gaming,91.0,97.5,
Henhouse,Realtime Gaming,91.0,97.5,
High Fashion,Realtime Gaming,91.0,97.5,
Hillbillies,Realtime Gaming,91.0,97.5,
"I, Zombie",Realtime Gaming,91.0,97.5,
Kung Fu Rooster,Realtime Gaming,91.0,97.5,
Loch Ness Loot,Realtime Gaming,91.0,97.5,
Lucha Libre 2,Realtime Gaming,91.0,97.5,
Lucky 6,Realtime Gaming,91.0,97.5,
Lucky 8,Realtime Gaming,91.0,97.5,
Lucky Rat,Realtime Gaming,91.0,97.5,
Mermaid Queen,Realtime Gaming,91.0,97.5,
Naughty Or Nice,Realtime Gaming,91.0,97.5,
Naughty or Nice Spring Break,Realtime Gaming,91.0,97.5,
Nova 7s,Realtime Gaming,91.0,97.5,
Ocean Oddities,Realtime Gaming,91.0,97.5,
Panda Magic,Realtime Gaming,91.0,97.5,
Panda's Gold,Realtime Gaming,91.0,97.5,
Paydirt,Realtime Gaming,91.0,97.5,
Penguin Power,Realtime Gaming,91.0,97.5,
Pig Winner,Realtime Gaming,91.0,97.5,
Plentiful Treasure,Realtime Gaming,91.0,97.5,
Popinata,Realtime Gaming,91.0,97.5,
Purrfect Pets,Realtime Gaming,91.0,97.5,
Regal Riches,Realtime Gaming,91.0,97.5,
Return Of The Rudolph,Realtime Gaming,91.0,97.5,
Ritchie Valens La Bamba,Realtime Gaming,91.0,97.5,
Rudolph's Revenge,Realtime Gaming,91.0,97.5,
Samba Sunset,Realtime Gaming,91.0,97.5,
Santastic,Realtime Gaming,91.0,97.5,
Scuba Fishing,Realtime Gaming,91.0,97.5,
Secret Jungle,Realtime Gaming,91.0,97.5,
Secret Symbol,Realtime Gaming,91.0,97.5,
Shanghai Lights,Realtime Gaming,91.0,97.5,
Small Fortune,Realtime Gaming,91.0,97.5,
Snowmania,Realtime Gaming,91.0,97.5,
Stardust,Realtime Gaming,91.0,97.5,
Storm Lords,Realtime Gaming,91.0,97.5,
Super 6,Realtime Gaming,91.0,97.5,
Sweet 16,Realtime Gaming,91.0,97.5,
Swindle All The Way,Realtime Gaming,91.0,97.5,
T-Rex,Realtime Gaming,91.0,97.5,
T-Rex 2,Realtime Gaming,91.0,97.5,
Texan Tycoon,Realtime Gaming,91.0,97.5,
The Big Bopper,Realtime Gaming,91.0,97.5,
The Mariachi 5,Realtime Gaming,91.0,97.5,
The Naughty List,Realtime Gaming,91.0,97.5,
The Three Stooges Brideless Groom,Realtime Gaming,91.0,97.5,
Three Kingdom Wars,Realtime Gaming,91.0,97.5,
Trigger Happy,Realtime Gaming,91.0,97.5,
Triple Twister,Realtime Gaming,91.0,97.5,
Voodoo Magic,Realtime Gaming,91.0,97.5,
Witch's Brew,Realtime Gaming,91.0,97.5,
Wu Zetian,Realtime Gaming,91.0,97.5,
Zhanshi,Realtime Gaming,91.0,97.5,
Simsalabim,NetEnt,97.5,97.5,
Retro Reels: Extreme Heat,Games Global,97.5,97.5,
Wild Orient,Games Global,97.5,97.5,
Aztec Secrets,1X2gaming,97.5,97.5,
Gods of Olympus,1X2gaming,97.5,97.5,
Super Caribbean Cashpot,1X2gaming,97.5,97.5,
Thor: Stormlord,1X2gaming,97.5,97.5,
Brittonaire,Cozy,97.5,97.5,
Diamond Monkey,Amatic Industries,97.49,97.49,
Air Force HD,Play Labs,97.49,97.49,
Freaky Fortune HD,Play Labs,97.49,97.49,
Sushi Bar,Betsoft,94.75,97.48,97.48
Wild Play SuperBet,NextGen,97.46,97.46,
Couch Potato,Games Global,97.43,97.43,
At the Copa,Betsoft,97.42,97.42,
Couch Potato,Microgaming,97.4,97.4,
High 5,Microgaming,97.4,97.4,
Jungle Boogie,Playtech,96.3,97.4,
Fantasy Island,World Match,91.9,97.4,
The Forbidden City,World Match,91.9,97.4,
Mystery 7s,iSoftBet,97.4,97.4,
8 Lucky Charms,Spinomenal,97.4,97.4,
Demi Gods,Spinomenal,97.4,97.4,
Forest Harmony,Spinomenal,97.4,97.4,
Power Pups Heroes,Spinomenal,97.4,97.4,
Stinky socks,Spinomenal,97.4,97.4,
Fire & Ice,Spinomenal,97.4,97.4,
Classic Fruit,1X2gaming,97.37,97.37,
Soccer Slots,1X2gaming,97.37,97.37,
Texas Tea,IGT,97.35,97.35,
Big Bad Wolf,Quickspin,97.34,97.34,
Mirror Magic,Genesis,97.34,97.34,
Lust & Fortune,Genesis,97.33,97.33,
Blood Bank,1X2gaming,97.32,97.32,
Charming Lady Luck,1X2gaming,97.32,97.32,
Dark Thirst,1X2gaming,97.32,97.32,
Gladiator of Rome,1X2gaming,97.32,97.32,
Red Dragon,1X2gaming,97.32,97.32,
Børk the Berserker Hack 'n' Slash Edition,Thunderkick,97.3,97.3,
Børk The Berzerker,Thunderkick,97.3,97.3,
Domintors Deluxe,BGaming,97.3,97.3,
Sizable Win,Tom Horn Gaming,97.3,97.3,
Alchemist's Lab,Playtech,96.4,97.3,
Fruit Zen,Betsoft,97.3,97.3,
Pirates Gold,NetEnt,97.3,97.3,
Ski Jump,Genesis,97.3,97.3,
Aquatica,Playson,97.3,97.3,
Black Gold Texas Riches,Capecod Gaming,97.3,97.3,
Wacky monsters,Spinomenal,97.3,97.3,
8 Bit Intruders,Genesis,97.28,97.28,
After Night Falls,Betsoft,97.27,97.27,
Fortune Keepers,Spinomenal,97.27,97.27,
Sultan's Fortune,Playtech,97.26,97.26,
Live Jazz,Genesis,97.26,97.26,
Night of Sevens,Genesis,97.26,97.26,
Dinosaur Adventure,Genesis,97.25,97.25,
Strip to win,Spinomenal,97.248,97.248,
Puppy Love,Betsoft,97.23,97.23,
The Great Escape Artist,Genesis,97.23,97.23,
Puppy Payday,1X2gaming,97.23,97.23,
Spartania,StakeLogic,97.22,97.22,
Golden,NextGen,97.22,97.22,
Beowulf,Quickspin,97.21,97.21,
Cai Shen's Fortune,Genesis,97.21,97.21,
Greedy Goblins,Betsoft,97.2,97.2,
John Hunter Big Game Hunter,PlayPearls,97.2,97.2,
Machine Gun Unicorn,Genesis Gaming,97.2,97.2,
Zombies,Net Entertainment,97.2,97.2,
Diamond Valley,Playtech,96.2,97.2,
Neptune's Kingdom,Playtech,95.6,97.2,
Crazy 7,Playtech,94.3,97.2,
Super Nudge 6000,NetEnt,97.2,97.2,
Zombies,NetEnt,97.2,97.2,
Red White Blue 7s,Betsoft,97.2,97.2,
Red Dog,Rival Gaming,97.2,97.2,
Penalty Shoot Out,Playtech,97.2,97.2,
Sahara Queen,Genesis,97.2,97.2,
Diner of Fortune,Spinomenal,97.2,97.2,
Greedy Servants,Spinomenal,97.2,97.2,
Iron Assassins,Spinomenal,97.2,97.2,
Piñata Bandidos,Genesis,97.19,97.19,
Man in Mask,Capecod Gaming,97.19,97.19,
Pond Of Koi,Spinomenal,97.19,97.19,
Machine Gun Unicorn,Genesis,97.18,97.18,
Shaolin Spin,iSoftBet,97.15,97.15,
Dragons Rock,Genesis,97.13,97.13,
Monster Wins,NextGen,97.122,97.122,
Golden Profits,Booming Games,2.89,97.11,97.11
A Night Out,Playtech,97.1,97.1,
Captain's Treasure,Playtech,97.1,97.1,
Demolition Squad,Net Entertainment,97.1,97.1,
Easter Surprise,Playtech,97.1,97.1,
Football Rules,Playtech,97.1,97.1,
Freya Arrow of the North,PlayPearls,97.1,97.1,
Fruit Million,BGaming,97.1,97.1,
Halloween Fortune,Playtech,97.1,97.1,
Highway Kings,Playtech,97.1,97.1,
Jack Hammer 2,Net Entertainment,97.1,97.1,
Jackpot Diamonds,Mazooma,97.1,97.1,
Lotto Madness,Playtech,97.1,97.1,
Lucky Lady's Charm Deluxe,Novomatic,97.1,97.1,
Mad Dash,Microgaming,97.1,97.1,
Medusa II,NextGen Gaming,97.1,97.1,
Monster Wins,NextGen Gaming,97.1,97.1,
Santa Surprise,Playtech,97.1,97.1,
Secrets of Atlantis,Net Entertainment,97.1,97.1,
Spud O'Reilly's Crops of Gold,Playtech,97.1,97.1,
Summer Holiday,Microgaming,97.1,97.1,
The Tipsy Tourist,Betsoft,97.1,97.1,
Toki Time,Thunderkick,97.1,97.1,
Tut's Twister,Yggdrasil Gaming,97.1,97.1,
Beauty and the Beast,Yggdrasil Gaming,96.3,97.1,
Wild West,Mazooma,95.1,97.1,
Spin Sorceress,NextGen Gaming,94.6,97.1,
Demolition Squad,NetEnt,97.1,97.1,
Temple of Luxor,Genesis,97.1,97.1,
Fruit Boxes,iSoftBet,97.1,97.1,
Wisps,iSoftBet,97.1,97.1,
The Angler,Betsoft,97.1,97.1,
Slot bound,Spinomenal,97.1,97.1,
Osiris,GamesLab,97.094,97.094,
The Great Cashby,Genesis,97.09,97.09,
Beverley Hills 90210,iSoftBet,97.09,97.09,
Gold Bars Nudge,Cayetano Gaming,97.08,97.08,
Rebets Splendour,Eyecon,97.0,97.073,97.073
Treasure Island,Quickspin,97.07,97.07,
Jack Hammer 2,NetEnt,97.07,97.07,
Secrets of Atlantis,NetEnt,97.07,97.07,
Medusa 2,NextGen,97.07,97.07,
Jackpot Diamonds,Novomatic,97.07,97.07,
Easter Egg Hunt,MultiSlot,97.07,97.07,
Jukepot,NYX Gaming Group,97.07,97.07,
Medusa 2 HQ,NextGen,97.07,97.07,
Year of Luck,Spinomenal,97.063,97.063,
Empires Warlords,Spinomenal,97.063,97.063,
Mystic Monkeys,Genesis,97.06,97.06,
Wild West,Novomatic,97.06,97.06,
Desert Treasure,Playtech,97.05,97.05,
Supernova,Quickspin,97.05,97.05,
Antique Riches,Genesis,97.05,97.05,
Spud OReillys Crops of Gold,Playtech,97.05,97.05,
Vikings,Capecod Gaming,97.05,97.05,
Steam Tower,NetEnt,97.04,97.04,
Fortunes of Sparta,Blueprint,97.04,97.04,
Arctic Bear,MultiSlot,97.04,97.04,
Ring the Bells,Games Inc,97.03,97.03,
True Sheriff,Betsoft,97.03,97.03,
Reel Crime: Art Heist,Rival Gaming,97.03,97.03,
Rambo,iSoftBet,97.02,97.02,
Moon Temple,Lightning Box,97.02,97.02,
Mamma Mia 2D,1X2gaming,97.02,97.02,
Sinbad's Golden Voyage,Playtech,97.01,97.01,
Xing Guardian,NextGen,97.01,97.01,
Stellar Jackpots with Serengeti Lions,Lightning Box,97.01,97.01,
Samurai Sushi,GamePlay,97.01,97.01,
Vampire Killer HD,Play Labs,97.01,97.01,
Insect World HD,Play Labs,97.01,97.01,
Mexican Cook HD,Play Labs,97.01,97.01,
5-Reel Drive,Microgaming,97.0,97.0,
7 Oceans,Microgaming,97.0,97.0,
9k Yeti,Yggdrasil Gaming,97.0,97.0,
All Lucky Clovers,BGaming,97.0,97.0,
Amazon Lady,Skywind Group,97.0,97.0,
Amun's Book,Zeus Play,97.0,97.0,
Barber Shop,Thunderkick,97.0,97.0,
Barber Shop Uncut,Thunderkick,97.0,97.0,
Baron Samedi,Yggdrasil Gaming,97.0,97.0,
Bells and Whistles,Galewind Software,97.0,97.0,
Butterfly Hot 10,Zeus Play,97.0,97.0,
Coins of Egypt,Net Entertainment,97.0,97.0,
Colt P.I.,PlayPearls,97.0,97.0,
Columbus Deluxe,Novomatic,97.0,97.0,
Dr Lovemore,Playtech,97.0,97.0,
Epic Joker,Relax Gaming,97.0,97.0,
Faming Fruit,Tom Horn Gaming,97.0,97.0,
Fortunes of Sparta,Blueprint Gaming,97.0,97.0,
Frogs 'n Flies,Amaya Gaming,97.0,97.0,
Fruit Warp,Thunderkick,97.0,97.0,
Hit the Route,BGaming,97.0,97.0,
Iron Sky The Coming Race,PlayPearls,97.0,97.0,
Jack Hammer,Net Entertainment,97.0,97.0,
Joker's Luck Deluxe,Skywind Group,97.0,97.0,
King of Slots,Net Entertainment,97.0,97.0,
Lady of the Forest,Zeus Play,97.0,97.0,
Long Pao,Net Entertainment,97.0,97.0,
Lost Temple,Amaya Gaming,97.0,97.0,
Lucky Lady Moon,BGaming,97.0,97.0,
Magic Charm,Zeus Play,97.0,97.0,
Magic of Oz,Skywind Group,97.0,97.0,
Magical Grove,Amaya Gaming,97.0,97.0,
Mexican Cook,World Match,97.0,97.0,
Monkey 27,Tom Horn Gaming,97.0,97.0,
Monopoly Electric Wins,WMS Gaming,97.0,97.0,
Motorhead,Net Entertainment,97.0,97.0,
Muse,Net Entertainment,97.0,97.0,
Nian Nian You Yu,Playtech,97.0,97.0,
Page of Fortune Deluxe,Zeus Play,97.0,97.0,
Pollen Party,Microgaming,97.0,97.0,
Queen of Wands,Playtech,97.0,97.0,
Reel Thunder,Microgaming,97.0,97.0,
Royal Jewels,Zeus Play,97.0,97.0,
Scoop the Cash,Microgaming,97.0,97.0,
Serengeti Diamonds,Amaya Gaming,97.0,97.0,
Silver Spurs,Galewind Software,97.0,97.0,
Sinbad's Golden Voyage,Ash Gaming,97.0,97.0,
Skazka,Playtech,97.0,97.0,
Space Hunters,PlayPearls,97.0,97.0,
Steam Tower,Net Entertainment,97.0,97.0,
Sun Quest,Microgaming,97.0,97.0,
SunTide,Microgaming,97.0,97.0,
The Great Casini,Amaya Gaming,97.0,97.0,
The True Sheriff,Betsoft,97.0,97.0,
Treasure Palace,Microgaming,97.0,97.0,
Triple Joker,Tom Horn Gaming,97.0,97.0,
Triple Monkey,Skywind Group,97.0,97.0,
Vampire Killer,World Match,97.0,97.0,
When Pigs Fly,Net Entertainment,97.0,97.0,
Wild Chapo,Relax Gaming,97.0,97.0,
Wild Swarm,Push Gaming,97.0,97.0,
Wilhelm Tell,Yggdrasil Gaming,97.0,97.0,
Zhao Cai Tong Zi,Playtech,97.0,97.0,
Dark Vortex,Yggdrasil Gaming,96.5,97.0,
Frozen Diamonds,Rabcat,97.0,97.0,
Hotline,Net Entertainment,96.1,97.0,
Wall St Fever,Playtech,96.0,97.0,
Classic 243,Rabcat,97.0,97.0,
Age of the Gods,Playtech,95.0,97.0,
Atlantis Queen,Playtech,95.0,97.0,
The Pirates Tavern,World Match,94.7,97.0,
Viking Legend,World Match,94.7,97.0,
Mystery Joker 6000,Play'n Go,94.2,97.0,
Robin Hood Prince of Tweets,NextGen Gaming,93.4,97.0,
RTG 777,Realtime Gaming,91.0,97.0,
Lucky 88,Aristocrat,97.0,97.0,
Muse: Wild Inspiration,NetEnt,97.0,97.0,
Cricket Star,Games Global,97.0,97.0,
When Pigs Fly,NetEnt,97.0,97.0,
Mr. Green's Old Jolly Grand Tour,NetEnt,97.0,97.0,
Back In Time,Betsoft,97.0,97.0,
Diamond Dreams,Betsoft,97.0,97.0,
Hidden Loot,Betsoft,97.0,97.0,
Lucky 7,Betsoft,97.0,97.0,
Path of the Wizard,Games Global,97.0,97.0,
Deep Sea Diver,Genesis,97.0,97.0,
Skulls of Legend,iSoftBet,96.0,97.0,96.0
Platoon Wild,iSoftBet,96.0,97.0,96.0
Feathered Frenzy Slot,Big Time Gaming,97.0,97.0,
Cherry Blossoms,NextGen,96.0,97.0,96.0
Wild Gambler,Playtech,97.0,97.0,
Diamond Tower,Lightning Box,97.0,97.0,
Frogs 'n Flies,Lightning Box,97.0,97.0,
Lost Temple,Lightning Box,97.0,97.0,
Serengeti Diamonds,Lightning Box,97.0,97.0,
The Dark Knight,Games Global,97.0,97.0,
Mega Money Rush,Skillzzgaming,97.0,97.0,
Taxi!,Amaya,97.0,97.0,
Hunt for Gold,Others,97.0,97.0,
Mr Toad,Play'n Go,97.0,97.0,
221b Baker Street HD,Merkur,97.0,97.0,
Thundering Zeus,Amaya,97.0,97.0,
Joker 10000,Betdigital,92.0,97.0,96.5
Dungeons and Dragons: Treasures of Icewind Dale,IGT,97.0,97.0,
7 Oceans,Games Global,97.0,97.0,
Viking's Glory,Spinomenal,97.0,97.0,
Zombie slot mania,Spinomenal,97.0,97.0,
Gods Of Slots,Spinomenal,97.0,97.0,
Bugs´n Bees,Novomatic,96.99,96.99,
Win And Replay,Wazdan,96.99,96.99,
Bohemia Joker,Casimi,96.98,96.98,
Motörhead,NetEnt,96.98,96.98,
Zeus,Spadegaming,96.98,96.98,
Bon Bon Bonanza,OpenBet,96.98,96.98,
Megadeth,Leander Games,96.97,96.97,
Roller Coaster Dice,Playtech,96.97,96.97,
Robin Hood - The Prince of Tweets,NextGen,93.383,96.965,96.965
Jin Qian Wa,Playtech,96.96,96.96,
Queen of Wands,Skywind Group,96.96,96.96,
Jack Hammer,NetEnt,96.96,96.96,
King of Slots,NetEnt,96.96,96.96,
Reel Rush,NetEnt,96.96,96.96,
Platoon,iSoftBet,96.96,96.96,
Charmorama,Relax Gaming,96.96,96.96,
Irish Charms,Pragmatic Play,96.96,96.96,
Golden Mane,NextGen,96.96,96.96,
Fruitz,Foxium,96.96,96.96,
Disco Fruits,Cayetano Gaming,96.96,96.96,
Adventures In Wonderland,Playtech,96.95,96.95,
Reel Thunder,Games Global,96.95,96.95,
Treasure Palace,Games Global,96.95,96.95,
Castle Blood,GameArt,96.95,96.95,
Carnaval,Games Global,96.94,96.94,
What a Hoot,Games Global,96.94,96.94,
Big Top,Games Global,96.94,96.94,
Crazy 80s,Games Global,96.94,96.94,
Blood Suckers 2,NetEnt,96.94,96.94,
Action Money,Amusnet,96.94,96.94,
7th Heaven,Betsoft,96.92,96.92,
A Night in Paris JP,Betsoft,96.92,96.92,
Go Bananas,NetEnt,96.91,96.91,
Samurai Princess,Lightning Box,96.91,96.91,
Alibaba,Leander Games,96.9,96.9,
Aztec Slots,GamesOS,96.9,96.9,
Big Top,Microgaming,96.9,96.9,
Bloodsuckers II,Net Entertainment,96.9,96.9,
Carnaval,Microgaming,96.9,96.9,
Chilli Gold,Amaya Gaming,96.9,96.9,
Chinese Kitchen,Playtech,96.9,96.9,
Cinerama,Playtech,96.9,96.9,
Cosmic Fortune,Net Entertainment,96.9,96.9,
Crazy 80s,Microgaming,96.9,96.9,
Dazzle Me,Net Entertainment,96.9,96.9,
Dragons' Awakening,Relax Gaming,96.9,96.9,
East Wind Battle,Skywind Group,96.9,96.9,
Erik the Red,Relax Gaming,96.9,96.9,
Fei Cui Gong Zhu,Playtech,96.9,96.9,
Fortune Rangers,Net Entertainment,96.9,96.9,
Genie's Touch,Quickspin,96.9,96.9,
Gold Trophy 2,Play'n Go,96.9,96.9,
Hearts and Dragons,Skywind Group,96.9,96.9,
Immortal Romance,Microgaming,96.9,96.9,
Imperial Riches,Net Entertainment,96.9,96.9,
Jimi Hendrix,Net Entertainment,96.9,96.9,
King of Three Kingdoms,Net Entertainment,96.9,96.9,
Neon Staxx,Net Entertainment,96.9,96.9,
Queen of Riches,Big Time Gaming,96.9,96.9,
Silver Bullet,Playtech,96.9,96.9,
The Shadow Order,Push Gaming,96.9,96.9,
Victorious,Net Entertainment,96.9,96.9,
Warlords: Crystals of Power,Net Entertainment,96.9,96.9,
What a Hoot,Microgaming,96.9,96.9,
Wild Wheel,Push Gaming,96.9,96.9,
Zombie Circus,Relax Gaming,96.9,96.9,
Funky Monkey,Playtech,96.8,96.9,
Tres Amigos,Playtech,96.8,96.9,
8 Ball Slots,Playtech,96.7,96.9,
Vacation Station,Playtech,96.4,96.9,
StarQuest,Big Time Gaming,96.9,96.9,
Super Striker,Net Entertainment,96.0,96.9,
Ghost Pirates,Net Entertainment,95.3,96.9,
Cash Pump,Play'n Go,84.7,96.9,
Wildhound Derby,Play'n Go,84.5,96.9,
Fortunes of Ali Baba,Play'n Go,84.3,96.9,
Cosmic Fortune,NetEnt,96.9,96.9,
Dazzle Me,NetEnt,96.9,96.9,
Neon Staxx,NetEnt,96.9,96.9,
Jimi Hendrix,NetEnt,96.9,96.9,
Genies Touch,Quickspin,96.9,96.9,
Kick Ass,1X2gaming,96.9,96.9,
Casino Island,PAF,96.9,96.9,
Casino Island II,PAF,96.9,96.9,
Slots Angels,Betsoft,96.89,96.89,
Warlords: Crystals of Power,NetEnt,96.89,96.89,
Ghost Pirates,NetEnt,96.88,96.88,
Victorious,NetEnt,96.88,96.88,
Big Top Circus,MultiSlot,96.88,96.88,
Star Crystals,Genesis,96.87,96.87,
Four By Four,Games Global,96.87,96.87,
Immortal Romance Slot,Games Global,96.86,96.86,
Wild Dragon,Amatic Industries,96.85,96.85,
Spinata Grande,NetEnt,96.84,96.84,
Goldilocks,Quickspin,96.84,96.84,
Goldilocks with Achievements Engine,Quickspin,96.84,96.84,
Fruit Spin,NetEnt,96.84,96.84,
Hook's Heroes,NetEnt,96.82,96.82,
Football: Champions Cup,NetEnt,96.82,96.82,
Candy Dreams,Games Global,96.82,96.82,
Candylicious,GamePlay,96.82,96.82,
Arcane: Reel Chaos,Net Entertainment,96.8,96.8,
Archer,Playtech,96.8,96.8,
Beach,Net Entertainment,96.8,96.8,
Bust the Bank,Microgaming,96.8,96.8,
Candy Dreams,Microgaming,96.8,96.8,
Chilli Festival,Skywind Group,96.8,96.8,
Dead or Alive,Net Entertainment,96.8,96.8,
Dead or Alive 2,Net Entertainment,96.8,96.8,
Dwarf Mine,Yggdrasil Gaming,96.8,96.8,
Easter Eggs,Play'n Go,96.8,96.8,
Football: Champions Cup,Net Entertainment,96.8,96.8,
Frankenslot's Monster,Betsoft,96.8,96.8,
Fruit Spin,Net Entertainment,96.8,96.8,
Gemix,Play'n Go,96.8,96.8,
Goldilocks and the Wild Bears,Quickspin,96.8,96.8,
Great Griffin,Microgaming,96.8,96.8,
Heart 2 Heart,Skywind Group,96.8,96.8,
High Society,Microgaming,96.8,96.8,
Holmes & the Stolen Stones,Yggdrasil Gaming,96.8,96.8,
Hot as Hades,Microgaming,96.8,96.8,
Jammin' Jars,Push Gaming,96.8,96.8,
Joker Pro,Net Entertainment,96.8,96.8,
Lucky 8-Line,Net Entertainment,96.8,96.8,
Powerspin,Relax Gaming,96.8,96.8,
Robin Hood: Shifting Riches,Net Entertainment,96.8,96.8,
Scarface,Net Entertainment,96.8,96.8,
Space Wars,Net Entertainment,96.8,96.8,
Spartacus Super Colossal Reels,WMS Gaming,96.8,96.8,
Spiñata Grande,Net Entertainment,96.8,96.8,
Who's the Bride?,Net Entertainment,96.8,96.8,
Wild Gambler,Ash Gaming,96.8,96.8,
Winterberries,Yggdrasil Gaming,96.8,96.8,
Extra Chilli,Big Time Gaming,96.2,96.8,
Fruit Mania,Playtech,95.8,96.8,
Rock N Roller,Playtech,94.0,96.8,
Fountain Of Youth,Playtech,93.0,96.8,
Super Nudge 6000,Net Entertainment,74.9,96.8,
Beach,NetEnt,96.8,96.8,
Lucky 8 Line,NetEnt,96.8,96.8,
Scarface,NetEnt,96.8,96.8,
South Park: Reel Chaos,NetEnt,96.8,96.8,
High Society,Games Global,96.8,96.8,
Holmes and the Stolen Stones,Yggdrasil,96.8,96.8,
Joker Pro,NetEnt,96.8,96.8,
Chilli Gold,Lightning Box,96.8,96.8,
Penguin Party,CT Gaming,96.8,96.8,
Under The Sea 1x2,1X2gaming,96.8,96.8,
Fortune Dice,GamePlay,96.8,96.8,
Tattoo Mania,SkillOnNet,96.8,96.8,
Exploding Pirates,Spinomenal,96.8,96.8,
Secret Potion,Spinomenal,96.8,96.8,
Great Griffin,Games Global,96.79,96.79,
Mystery Jack,Wazdan,96.79,96.79,
King Stones,Relax Gaming,96.78,96.78,
Kitchen drama Sushi Mania,Nolimit City,96.77,96.77,
The Wild Chase,Quickspin,96.77,96.77,
Royal Frog,Quickspin,95.43,96.77,96.77
The Munchies,Genesis,96.77,96.77,
Copy Cats,NetEnt,96.76,96.76,
Oktoberfest,Nolimit City,96.75,96.75,
Ortaköyün Yaramazi,Play'n Go,96.75,96.75,
Robin Hood: Shifting Riches,NetEnt,96.75,96.75,
Space Wars,NetEnt,96.75,96.75,
Bust The Bank,Games Global,96.75,96.75,
Hot as Hades,Games Global,96.75,96.75,
Paranormal Activity,iSoftBet,96.75,96.75,
Bye Bye Spy Guy,CT Gaming,96.75,96.75,
Western Frontier,Games Global,96.75,96.75,
Scrooge,Games Global,96.74,96.74,
Wild Wild West,NetEnt,96.74,96.74,
Dragon Sisters,Push Gaming,96.73,96.73,
Wild Jack 81,Wazdan,96.73,96.73,
Secret of the Stones,NetEnt,96.72,96.72,
Secrets of Christmas,NetEnt,96.72,96.72,
Sea Raider,Bunfox,96.72,96.72,
Fun of the Fair,Gamesys,96.71,96.71,
Haunted House,Playtech,96.71,96.71,
Fruit Shop Christmas Edition,NetEnt,96.71,96.71,
Bridesmaids,Games Global,96.71,96.71,
Titans of the Sun Hyperion,Games Global,96.71,96.71,
Max Damage and the Alien Attack,Games Global,96.71,96.71,
Fairytale Legends: Hansel and Gretel,NetEnt,96.71,96.71,
Ant and Dec's Saturday Night Takeaway,Games Global,96.71,96.71,
Attraction,Net Entertainment,96.7,96.7,
Bridesmaids,Microgaming,96.7,96.7,
Casino Win Spin,Nolimit City,96.7,96.7,
Crime Scene,Net Entertainment,96.7,96.7,
Dragon Island,Net Entertainment,96.7,96.7,
Drive: Multiplier Mayhem,Net Entertainment,96.7,96.7,
Egyptian Heroes,Net Entertainment,96.7,96.7,
Enchanted Crystals,Play'n Go,96.7,96.7,
Energoonz,Play'n Go,96.7,96.7,
Fairytale Legends: Hansel and Gretel,Net Entertainment,96.7,96.7,
Fisticuffs,Net Entertainment,96.7,96.7,
Fruit Shop: Christmas Edition,Net Entertainment,96.7,96.7,
Fruitoids,Yggdrasil Gaming,96.7,96.7,
Get Rocked,Microgaming,96.7,96.7,
Glow,Net Entertainment,96.7,96.7,
Golden Ticket,Play'n Go,96.7,96.7,
Iron Girl,Play'n Go,96.7,96.7,
It's Time!!,Relax Gaming,96.7,96.7,
Jurassic Park,Microgaming,96.7,96.7,
King of Cats,Big Time Gaming,96.7,96.7,
Kings of Cash,Microgaming,96.7,96.7,
Kitchen Drama BBQ Frenzy,Nolimit City,96.7,96.7,
Monkey Pays,Skywind Group,96.7,96.7,
Moonshine Riches,Net Entertainment,96.7,96.7,
Opal Fruits,Big Time Gaming,96.7,96.7,
Ozwin's Jackpots,Yggdrasil Gaming,96.7,96.7,
Pinup Dolls,Mascot Gaming,96.7,96.7,
Razor Shark,Push Gaming,96.7,96.7,
Robotnik,Yggdrasil Gaming,96.7,96.7,
Ruby Pearl,Skywind Group,96.7,96.7,
Scrooge,Microgaming,96.7,96.7,
Secret of the Stones,Net Entertainment,96.7,96.7,
Secrets of Christmas,Net Entertainment,96.7,96.7,
Steinfest,Microgaming,96.7,96.7,
Stickers,Net Entertainment,96.7,96.7,
Sweet Honey Fruity,Net Entertainment,96.7,96.7,
The Wolf's Bane,Net Entertainment,96.7,96.7,
Thief,Net Entertainment,96.7,96.7,
Thunderfist,Net Entertainment,96.7,96.7,
Titans of the Sun - Hyperion,Microgaming,96.7,96.7,
Titans of the Sun - Theia,Microgaming,96.7,96.7,
Wicked Spins,Skywind Group,96.7,96.7,
Wild Rockets,Net Entertainment,96.7,96.7,
Wild Wild West: The Great Train Heist,Net Entertainment,96.7,96.7,
Ozzy Osbourne,Net Entertainment,96.3,96.7,
Conan,Net Entertainment,96.0,96.7,
Party Line,Playtech,95.9,96.7,
Gold Rally,Playtech,94.7,96.7,
Bermuda Triangle,Playtech,92.3,96.7,
Wild West,Amaya Gaming,92.0,96.7,
Riches of Robin,Play'n Go,85.6,96.7,
Gunslinger Reloaded,Play'n Go,84.7,96.7,
Sticky Joker,Play'n Go,84.7,96.7,
Mission Cash,Play'n Go,84.6,96.7,
Attraction,NetEnt,96.7,96.7,
Crime Scene,NetEnt,96.7,96.7,
Drive: Multiplier Mayhem,NetEnt,96.7,96.7,
Egyptian Heroes,NetEnt,96.7,96.7,
Fisticuffs,NetEnt,96.7,96.7,
Mr Green: Moonlight,NetEnt,96.7,96.7,
Safari Madness,NetEnt,96.7,96.7,
South Park,NetEnt,96.7,96.7,
Thief,NetEnt,96.7,96.7,
Thunderfist,NetEnt,96.7,96.7,
Fruitoids,Yggdrasil,96.7,96.7,
Robotnik,Yggdrasil,96.7,96.7,
Winter Berries,Yggdrasil,96.7,96.7,
The Book,StakeLogic,96.7,96.7,
American Gigolo,CT Gaming,96.7,96.7,
Beetle Star,CT Gaming,96.7,96.7,
Gifts of Ostara,Iron Dog Studio,96.7,96.7,
Fortune Cat,GamePlay,96.7,96.7,
Tropical Juice,SkillOnNet,96.7,96.7,
Aztec Warrior Princess,Play'n Go,96.69,96.69,
Stickers,NetEnt,96.69,96.69,
Musketeer Slot,iSoftBet,96.69,96.69,
The Hidden Temple,Push Gaming,96.69,96.69,
Kings of Cash,Games Global,96.68,96.68,
Atlantic Treasures,Spinomenal,96.68,96.68,
Titans of the Sun Theia,Games Global,96.67,96.67,
Jurassic Park Slot + Review | Microgaming,Games Global,96.67,96.67,
Champion Raceway,IGT,96.66,96.66,
Wild Rockets,NetEnt,96.66,96.66,
Fairy Gate,Quickspin,96.66,96.66,
Rooster,Spinmatic,96.66,96.66,
The Wish Master,NetEnt,96.65,96.65,
Thunderstruck 2,Games Global,96.65,96.65,
Magic Portals,NetEnt,96.64,96.64,
The Three Musketeers,Quickspin,96.63,96.63,
The Amsterdam Masterplan,StakeLogic,96.63,96.63,
Shangri La,NextGen,96.63,96.63,
Midnight Rush,StakeLogic,96.63,96.63,
Bullseye Bucks,Amaya,96.63,96.63,
Noughty Crosses,Amaya,96.63,96.63,
Burning Reels,Wazdan,96.63,96.63,
Mayana,Quickspin,96.63,96.63,
Big 7,Cayetano Gaming,96.63,96.63,
In The Forest,Wazdan,96.63,96.63,
Magic Target,Wazdan,96.63,96.63,
True Illusions,Betsoft,96.62,96.62,
Gift Rap,Games Global,96.62,96.62,
Happy Holidays,Games Global,96.62,96.62,
Pollen Nation,Games Global,96.62,96.62,
Terminator 2,Games Global,96.62,96.62,
Arcade,Wazdan,96.62,96.62,
Good Luck 40,Wazdan,96.62,96.62,
Rabbit In The Hat,Games Global,96.61,96.61,
Spartus,StakeLogic,96.61,96.61,
Dr Watts Up,Games Global,96.61,96.61,
Ace Round,Evoplay Entertainment,96.6,96.6,
Alaskan Fishing,Microgaming,96.6,96.6,
Alaxe In Zombieland,Genesis Gaming,96.6,96.6,
Alien Robots,Net Entertainment,96.6,96.6,
Arctic Fortune,Microgaming,96.6,96.6,
Battlestar Galactica,Microgaming,96.6,96.6,
BerryBurst,Net Entertainment,96.6,96.6,
Buffalo Lightning,Skywind Group,96.6,96.6,
Bush Telegraph,Microgaming,96.6,96.6,
Chocolates,Big Time Gaming,96.6,96.6,
Divine Fortune,Net Entertainment,96.6,96.6,
Double Jungle,Skywind Group,96.6,96.6,
Dracula,Net Entertainment,96.6,96.6,
Elemental Princess,Yggdrasil Gaming,96.6,96.6,
Emerald's Infinity Reels,Relax Gaming,96.6,96.6,
Fantasini: Master of Mystery,Net Entertainment,96.6,96.6,
Finn and the Swirly Spin,Net Entertainment,96.6,96.6,
Frankenstein,Net Entertainment,96.6,96.6,
Full Moon Madness,Skywind Group,96.6,96.6,
Gift Rap,Microgaming,96.6,96.6,
Golden Era,Microgaming,96.6,96.6,
Happy Holidays,Microgaming,96.6,96.6,
Ice and Fire,Yggdrasil Gaming,96.6,96.6,
Joker Troupe,Push Gaming,96.6,96.6,
King Colossus,Quickspin,96.6,96.6,
Kingmaker Megaways,Big Time Gaming,96.6,96.6,
Kung Fu Monkey,Microgaming,96.6,96.6,
Medusa- Fortune and Glory,Yggdrasil Gaming,96.6,96.6,
Mega Fortune,Net Entertainment,96.6,96.6,
Mercy of the Gods,Net Entertainment,96.6,96.6,
Mythic Maiden,Net Entertainment,96.6,96.6,
NRVNA,Net Entertainment,96.6,96.6,
Peek-a-boo,Microgaming,96.6,96.6,
Planet Exotica,Microgaming,96.6,96.6,
Playboy,Microgaming,96.6,96.6,
Pollen Nation,Microgaming,96.6,96.6,
Rabbit in the Hat,Microgaming,96.6,96.6,
Razortooth,Quickspin,96.6,96.6,
Robin Hood Feathers of Fortune,Microgaming,96.6,96.6,
Royal Feast,Microgaming,96.6,96.6,
Sea Hunter,Play'n Go,96.6,96.6,
Serenity,Microgaming,96.6,96.6,
Star Fall,Push Gaming,96.6,96.6,
Stardust,Microgaming,96.6,96.6,
Terminator 2,Microgaming,96.6,96.6,
Tesla Jolt,Nolimit City,96.6,96.6,
The Final Countdown,Big Time Gaming,96.6,96.6,
The Legend of Shangri-La,Net Entertainment,96.6,96.6,
The Wish Master,Net Entertainment,96.6,96.6,
Tiger vs Bear,Genesis Gaming,96.6,96.6,
Tomb Raider,Microgaming,96.6,96.6,
Twin Fruits,Skywind Group,96.6,96.6,
Twin Happiness,Net Entertainment,96.6,96.6,
Viking Clash,Push Gaming,96.6,96.6,
Viva Fruit Vegas,Skywind Group,96.6,96.6,
Wasabi San,Microgaming,96.6,96.6,
Wealth Spa,Microgaming,96.6,96.6,
Weekend In Vegas,Betsoft,96.6,96.6,
Who Wants to Be a Millionaire Mystery Box,Big Time Gaming,96.6,96.6,
Wild Turkey,Net Entertainment,96.6,96.6,
Wings of Riches,Net Entertainment,96.6,96.6,
Wixx,Nolimit City,96.6,96.6,
Wooly World,Microgaming,96.6,96.6,
The Epic Journey,Quickspin,96.6,96.6,
Reel Rush 2,Net Entertainment,95.5,96.6,
Wheel of Fortune: On Tour,IGT,92.5,96.6,
Contact,Play'n Go,84.7,96.6,
Banana Rock,Play'n Go,84.6,96.6,
Crystal Sun,Play'n Go,84.6,96.6,
Firefly Frenzy,Play'n Go,84.6,96.6,
Golden Colts,Play'n Go,84.6,96.6,
Legacy of Dead,Play'n Go,84.6,96.6,
Mahjong 88,Play'n Go,84.6,96.6,
Rise of Merlin,Play'n Go,84.6,96.6,
Starblast,Play'n Go,84.6,96.6,
Tome of Madness,Play'n Go,84.6,96.6,
Battle Royal,Play'n Go,84.5,96.6,
Alien Robots,NetEnt,96.3,96.6,96.6
Dragon Island,NetEnt,96.6,96.6,
Frankenstein,NetEnt,96.6,96.6,
Jungle Games,NetEnt,96.6,96.6,
Magic Love,NetEnt,96.6,96.6,
Wild Turkey,NetEnt,96.6,96.6,
Battlestar Galactica,Games Global,96.6,96.6,
Fantasini: Master of Mystery,NetEnt,96.6,96.6,
Vegas Party,NetEnt,96.6,96.6,
NRVNA,NetEnt,96.6,96.6,
Family Fortunes,Gamesys,96.6,96.6,
Best of British,Nektan,96.6,96.6,
Dragons Dynasty,Nektan,96.6,96.6,
Gunslingers' Gold,Nektan,96.6,96.6,
Wheel of Fortune on tour,IGT,96.6,96.6,
SlotFather II,Betsoft,96.6,96.6,
Gladius Of Honor,CT Gaming,96.6,96.6,
Pirates Treasures Deluxe,Playson,96.6,96.6,
Jewel of the Jungle,GamesLab,96.6,96.6,
Chest Of Fortunes,Spinomenal,96.6,96.6,
Egyptian Rebirth,Spinomenal,96.6,96.6,
Irish Charms,Spinomenal,96.6,96.6,
Santa's Wild Helpers,Spinomenal,96.6,96.6,
Peek-a-Boo,Games Global,96.59,96.59,
Star Dust,Games Global,96.59,96.59,
Emerald Isle,NextGen,96.59,96.59,
Extreme,StakeLogic,96.59,96.59,
Divine Fortune,NetEnt,96.59,96.59,
Fiesta,Nektan,96.59,96.59,
The Legend of Shangri-La: Cluster Pays,NetEnt,96.59,96.59,
Jackpot Builders,Wazdan,96.59,96.59,
Dracula,NetEnt,96.58,96.58,
Mythic Maiden,NetEnt,96.58,96.58,
Snowflakes,NextGen,96.58,96.58,
Sakura Fortune,Quickspin,96.58,96.58,
Sticky Bandits,Quickspin,96.58,96.58,
Illuminous,Quickspin,96.57,96.57,
Jewel Blast,Quickspin,96.57,96.57,
Playboy,Games Global,96.57,96.57,
Slammin' 7s,iSoftBet,96.57,96.57,
Tiki Land,MultiSlot,96.57,96.57,
Universal Monsters: The Phantom's Curse,NetEnt,96.57,96.57,
Ace Adventure HD,Play Labs,96.57,96.57,
Secrets of Poseidon HD,Play Labs,96.57,96.57,
Angry Angels HD,Play Labs,96.57,96.57,
Rockabillions HD,Play Labs,96.57,96.57,
Firestorm,Quickspin,96.56,96.56,
Golden Era,Games Global,96.56,96.56,
Serenity,Games Global,96.56,96.56,
Dolphin's Island,iSoftBet,96.56,96.56,
108 Heroes,MahiGaming,96.56,96.56,
Wasabi San,Games Global,96.56,96.56,
Girls With Guns,Games Global,96.55,96.55,
Birds!,Betsoft,96.55,96.55,
Alaxe in Zombieland,Games Global,96.55,96.55,
Bier Fest,Genesis,96.55,96.55,
Beautiful Bones,Games Global,96.55,96.55,
Leprechaun goes to Hell,Play'n Go,96.54,96.54,
Sevens High,Quickspin,96.54,96.54,
Forsaken Kingdom,Rabcat,96.54,96.54,
Sparks,NetEnt,96.54,96.54,
Gold Factory,Games Global,96.54,96.54,
Shoot!,Games Global,96.54,96.54,
Astro Magic,iSoftBet,96.54,96.54,
Lady Godiva,Pragmatic Play,96.54,96.54,
Soccer Safari,Games Global,96.54,96.54,
Wins of Fortune,Quickspin,96.54,96.54,
Pinocchio,Betsoft,96.53,96.53,
Fat Lady Sings,Games Global,96.53,96.53,
Danish Flip,Play'n Go,96.53,96.53,
Jurassic Island,Playtech,96.47,96.53,96.47
Wild Girls,Wazdan,96.53,96.53,
Sugar Trail,Quickspin,96.52,96.52,
Karate Pig,Games Global,96.52,96.52,
Reel Gems,Games Global,96.52,96.52,
Rugby Star,Games Global,96.52,96.52,
Santa Paws,Games Global,96.52,96.52,
Starlight Kiss,Games Global,96.52,96.52,
Theme Park: Tickets of Fortune,NetEnt,96.52,96.52,
Monkeys of the Universe,StakeLogic,96.52,96.52,
Bikini Party,Games Global,96.52,96.52,
Alchemist's Spell,GamePlay,96.52,96.52,
Cosmic Cat,Games Global,96.52,96.52,
Event Horizon,Betsoft,96.51,96.51,
Riviera Riches,Games Global,96.51,96.51,
Hansel & Gretel,iSoftBet,96.51,96.51,
Leprechaun Hills,Quickspin,96.51,96.51,
Vikings of Fortune,Blueprint,96.51,96.51,
2 Gods Zeus vs Thor,Yggdrasil Gaming,96.5,96.5,
A Night in Paris,Betsoft,96.5,96.5,
Abra-Kebab-Ra,Microgaming,96.5,96.5,
Angel's Touch,Amaya Gaming,96.5,96.5,
Apocalypse Cow,Microgaming,96.5,96.5,
Atomic 8s,Microgaming,96.5,96.5,
Basketball Star,Microgaming,96.5,96.5,
Beautiful Bones,Microgaming,96.5,96.5,
Big Chef,Microgaming,96.5,96.5,
Bikini Party,Microgaming,96.5,96.5,
Bill & Ted's Excellent Adventure,Microgaming,96.5,96.5,
Bingo Bango Boom,Microgaming,96.5,96.5,
Birds,Betsoft,96.5,96.5,
Bob's Coffee Shop,BGaming,96.5,96.5,
Booty Time,Genesis Gaming,96.5,96.5,
Buffet Bonanza,Microgaming,96.5,96.5,
Cash n Curry,Microgaming,96.5,96.5,
Champion of the Track,Net Entertainment,96.5,96.5,
Coins of Fortune,Nolimit City,96.5,96.5,
Cool Wolf,Microgaming,96.5,96.5,
Cosmic Cat,Microgaming,96.5,96.5,
Creature from the Black Lagoon,Net Entertainment,96.5,96.5,
Cyberslot Megaclusters,Big Time Gaming,96.5,96.5,
Diamond Dogs,Net Entertainment,96.5,96.5,
Diamonds of Fortune,Mazooma,96.5,96.5,
Dolphin Coast,Microgaming,96.5,96.5,
Donuts,Big Time Gaming,96.5,96.5,
Dr Watts Up,Microgaming,96.5,96.5,
Dragon Dance,Microgaming,96.5,96.5,
Dragon Lady,Microgaming,96.5,96.5,
Dubya Money,Microgaming,96.5,96.5,
E.T. Lost Socks,Evoplay Entertainment,96.5,96.5,
Eagle's Wings,Microgaming,96.5,96.5,
EggOMatic,Net Entertainment,96.5,96.5,
El Dorado Infinity Reels,Yggdrasil Gaming,96.5,96.5,
Fairytale Legends: Mirror Mirror,Net Entertainment,96.5,96.5,
Fat Lady Sings,Microgaming,96.5,96.5,
Fish Party,Microgaming,96.5,96.5,
Flight Zone,Microgaming,96.5,96.5,
Fortune Finder,Microgaming,96.5,96.5,
Game on,Microgaming,96.5,96.5,
Girls With Guns,Microgaming,96.5,96.5,
Gold Factory,Microgaming,96.5,96.5,
Golden Legend,Play'n Go,96.5,96.5,
Hellboy,Microgaming,96.5,96.5,
HipHopOpotamus,Microgaming,96.5,96.5,
Hugo 2,Play'n Go,96.5,96.5,
Immortal Guild,Push Gaming,96.5,96.5,
Jade Magician,Play'n Go,96.5,96.5,
Jason and the Golden Fleece,Microgaming,96.5,96.5,
Jewels of the Orient,Microgaming,96.5,96.5,
Jingle Jackpot,Mazooma,96.5,96.5,
Jingle Spin,Net Entertainment,96.5,96.5,
Joker 8000,Microgaming,96.5,96.5,
Jungle Games,Net Entertainment,96.5,96.5,
Jungle Spirit: Call of the Wild,Net Entertainment,96.5,96.5,
Jurassic Island,Ash Gaming,96.5,96.5,
Jurassic Island,BGO Studios,96.5,96.5,
Jurassic Party,Relax Gaming,96.5,96.5,
Just Vegas,Cryptologic,96.5,96.5,
Karate Pig,Microgaming,96.5,96.5,
Kitty Cabana,Microgaming,96.5,96.5,
Leagues of Fortune,Microgaming,96.5,96.5,
Lost Island,Net Entertainment,96.5,96.5,
Lucky Koi,Microgaming,96.5,96.5,
Lucky Twins,Microgaming,96.5,96.5,
Magic Multiplier,Microgaming,96.5,96.5,
Magnificent 777's,Microgaming,96.5,96.5,
Mayan Princess,Microgaming,96.5,96.5,
Mermaid's Diamond,Play'n Go,96.5,96.5,
Midnight Rush,Sheriff Gaming,96.5,96.5,
Monkey King,Microgaming,96.5,96.5,
Monopoly Megaways,Big Time Gaming,96.5,96.5,
Monsters in the Closet,Microgaming,96.5,96.5,
Mount Magmas,Push Gaming,96.5,96.5,
Multiplier Odyssey,Relax Gaming,96.5,96.5,
Murder Mystery,BGO Studios,96.5,96.5,
Mystery Museum,Push Gaming,96.5,96.5,
Nuclear 9s,Microgaming,96.5,96.5,
Pandamonium,Microgaming,96.5,96.5,
Pop,Big Time Gaming,96.5,96.5,
Private Eye,Microgaming,96.5,96.5,
Pure Platinum,Microgaming,96.5,96.5,
Pyramid: Quest for Immortality,Net Entertainment,96.5,96.5,
Reactoonz,Play'n Go,96.5,96.5,
Red Hot Devil,Microgaming,96.5,96.5,
Reel Classic 5,Playtech,96.5,96.5,
Reel Gems,Microgaming,96.5,96.5,
Retro Reels,Microgaming,96.5,96.5,
Retro Reels - Diamond Glitz,Microgaming,96.5,96.5,
Rise of Olympus,Play'n Go,96.5,96.5,
Riviera Riches,Microgaming,96.5,96.5,
Robo Jack,Microgaming,96.5,96.5,
Robots: Energy Conflict,Evoplay Entertainment,96.5,96.5,
Royal Mint Megaways,Big Time Gaming,96.5,96.5,
Ruby of the Nile,Microgaming,96.5,96.5,
Rugby Star,Microgaming,96.5,96.5,
Santa Paws,Microgaming,96.5,96.5,
Santas Wild Ride,Microgaming,96.5,96.5,
Shark Wash,Relax Gaming,96.5,96.5,
Shoot!,Microgaming,96.5,96.5,
Slot Vegas Megaquads,Big Time Gaming,96.5,96.5,
So Many Monsters,Microgaming,96.5,96.5,
So Much Candy,Microgaming,96.5,96.5,
So Much Sushi,Microgaming,96.5,96.5,
Soccer Safari,Microgaming,96.5,96.5,
Space Miners,Relax Gaming,96.5,96.5,
Spicy Meatballs Megaways,Big Time Gaming,96.5,96.5,
Spirit of the Beast,Relax Gaming,96.5,96.5,
Star Clusters Megaclusters,Big Time Gaming,96.5,96.5,
Starlight Kiss,Microgaming,96.5,96.5,
Sugar Mama,Microgaming,96.5,96.5,
Tarzan,Microgaming,96.5,96.5,
The Evil Bet,Mascot Gaming,96.5,96.5,
The Finer Reels of Life,Microgaming,96.5,96.5,
The Funky 70s,Net Entertainment,96.5,96.5,
The Gee Gees,Microgaming,96.5,96.5,
The Great Pigsby,Relax Gaming,96.5,96.5,
The Groovy 60s,Net Entertainment,96.5,96.5,
The Super 80s,Net Entertainment,96.5,96.5,
Throne of Egypt,Microgaming,96.5,96.5,
Tornado: Farm Escape,Net Entertainment,96.5,96.5,
Track And FieldMouse,Microgaming,96.5,96.5,
Treasure Ireland,Microgaming,96.5,96.5,
Wheel of Wonders,Push Gaming,96.5,96.5,
Who wants to be a Stallionaire,Microgaming,96.5,96.5,
Wicked Circus,Yggdrasil Gaming,96.5,96.5,
Wild Flower,Big Time Gaming,96.5,96.5,
Wild Worlds,Net Entertainment,96.5,96.5,
Win Spinner,Microgaming,96.5,96.5,
Wonky Wabbits,Net Entertainment,96.5,96.5,
You Lucky Barstard,Microgaming,96.5,96.5,
Holy Diver,Big Time Gaming,96.4,96.5,
Rainforest Dream,WMS Gaming,95.5,96.5,
Ragnarok,Genesis Gaming,94.5,96.5,
Jackpot Jewels,Barcrest,96.5,96.5,
Dungeons & Dragons: Treasures of Icewind Dale,IGT,93.1,96.5,
100 Ladies,IGT,93.0,96.5,
100 Pandas,IGT,93.0,96.5,
Cleopatra PLUS,IGT,96.5,96.5,
Silent Movie,IGT,92.7,96.5,
Dragon's Temple,IGT,96.5,96.5,
Gorilla Go Wild,NextGen Gaming,92.1,96.5,
Fight Night,World Match,91.8,96.5,
Striking Viking,World Match,91.8,96.5,
Dragon Maiden,Play'n Go,84.6,96.5,
Hugo's Adventure,Play'n Go,84.6,96.5,
Rainforest Magic,Play'n Go,84.6,96.5,
The Sword and the Grail,Play'n Go,84.6,96.5,
Wild Rails,Play'n Go,84.6,96.5,
Xmas Magic,Play'n Go,84.6,96.5,
Big Win 777,Play'n Go,84.5,96.5,
Black Mamba,Play'n Go,84.5,96.5,
Chronos Joker,Play'n Go,84.5,96.5,
Cops 'n Robbers,Play'n Go,84.5,96.5,
Demon,Play'n Go,84.5,96.5,
Divine Showdown,Play'n Go,84.5,96.5,
Fu Er Dai,Play'n Go,84.5,96.5,
Gold King,Play'n Go,84.5,96.5,
Honey Rush,Play'n Go,84.5,96.5,
Hugo Goal,Play'n Go,84.5,96.5,
Imperial Opera,Play'n Go,84.5,96.5,
Legacy of Egypt,Play'n Go,84.5,96.5,
Perfect Gems,Play'n Go,84.5,96.5,
Phoenix Reborn,Play'n Go,84.5,96.5,
Planet Fortune,Play'n Go,84.5,96.5,
Rise of Dead,Play'n Go,84.5,96.5,
Sabaton,Play'n Go,84.5,96.5,
Sizzling Spins,Play'n Go,84.5,96.5,
Street Magic,Play'n Go,84.5,96.5,
Sweet Alchemy,Play'n Go,84.5,96.5,
Troll Hunters 2,Play'n Go,84.5,96.5,
Wild Falls,Play'n Go,84.5,96.5,
Wild Frames,Play'n Go,84.5,96.5,
Cash Vandal,Play'n Go,84.4,96.5,
Champion of the track,NetEnt,96.5,96.5,
Diamond Dogs,NetEnt,96.5,96.5,
Eggomatic,NetEnt,96.5,96.5,
The Funky Seventies,NetEnt,96.5,96.5,
The Groovy Sixties,NetEnt,96.5,96.5,
Lost Island,NetEnt,96.5,96.5,
The Super Eighties,NetEnt,96.5,96.5,
Jewels of the Orient,Games Global,96.5,96.5,
Kitty Cabana,Games Global,96.5,96.5,
Reef Run,Yggdrasil,96.4,96.5,96.4
Wicked Circus,Yggdrasil,96.5,96.5,
Royal Roller,Games Global,96.5,96.5,
Sun Tide,Games Global,96.5,96.5,
Justice League,NextGen,96.5,96.5,
Huangdi-The Yellow Emperor,Games Global,96.5,96.5,
Lost City of Incas,2by2 Gaming,96.5,96.5,
Rainforest Dream,WMS,96.5,96.5,
Angel's Touch,Lightning Box,95.0,96.5,95.0
Epic Gems,G.Games,96.5,96.5,
Joker 8000,Games Global,96.5,96.5,
Aztec Gold,CT Gaming,96.5,96.5,
Super Fruit 7,1X2gaming,96.5,96.5,
Gem Stones,MultiSlot,96.5,96.5,
Track And Field Mouse,Games Global,96.5,96.5,
3 Kingdoms – Battle of Red Cliffs,Pragmatic Play,96.5,96.5,
SatoshiSlot Flash,satoshislot,96.5,96.5,
Sugar Parade,Games Global,96.5,96.5,
Six Acrobats,Games Global,96.5,96.5,
EmotiCoins,Games Global,96.5,96.5,
Oink: Country Love,Triple Edge Studios,96.5,96.5,
Deep Blue,CEGO,96.5,96.5,
Sweet Treats,GamePlay,96.5,96.5,
Shamrock Lock,Inspired Gaming,95.0,96.5,96.5
Samurais Path,Spinomenal,96.5,96.5,
Bell Wizard,Wazdan,96.5,96.5,
Burning Stars,Wazdan,96.5,96.5,
Joker Explosion,Wazdan,96.5,96.5,
Hellboy,Games Global,96.49,96.49,
Hot Ink,Games Global,96.49,96.49,
Leagues of Fortune,Games Global,96.49,96.49,
Pure Platinum,Games Global,96.49,96.49,
Luxury Rome,iSoftBet,96.49,96.49,
Genie Jackpots Slot Free Play & Game Review 2025,Blueprint,96.49,96.49,
Paradise Suite,PAF,96.49,96.49,
I'm a Celebrity... Original,Games Global,96.49,96.49,
Haunted Hospital,Wazdan,96.49,96.49,
Titan Thunder,Quickspin,96.48,96.48,
Pyramid: Quest for Immortality,NetEnt,96.48,96.48,
Booty Time,Games Global,96.48,96.48,
Cash Cauldron,Genesis,96.48,96.48,
Cavemen,Capecod Gaming,96.48,96.48,
Cash Machine,OpenBet,96.48,96.48,
Lightning Gems,NextGen,96.48,96.48,
Golden Sphinx,Wazdan,96.48,96.48,
Hot Party,Wazdan,96.48,96.48,
Castle Builder,Rabcat,96.47,96.47,
Space Arcade,Nolimit City,96.47,96.47,
Creature from the Black Lagoon,NetEnt,96.47,96.47,
Cool Wolf,Games Global,96.47,96.47,
Eagle's Wings,Games Global,96.47,96.47,
Retro Reels: Diamond Glitz,Games Global,96.47,96.47,
Santa's Wild Ride,Games Global,96.47,96.47,
The Finer Reels of Life,Games Global,96.47,96.47,
Lucky Koi,Games Global,96.47,96.47,
Dwarven Gold Deluxe,Pragmatic Play,96.47,96.47,
Dragon Kingdom,Pragmatic Play,96.47,96.47,
Jungle Spirit: Call of the Wild,NetEnt,96.47,96.47,
Wish List,Spinomenal,96.47,96.47,
Peony Ladies,Spinomenal,96.47,96.47,
Back to the 70s,Wazdan,96.47,96.47,
Hungry Shark,Wazdan,96.47,96.47,
Magic Of The Ring,Wazdan,96.47,96.47,
Dragonz,Games Global,96.46,96.46,
Basketball Star,Games Global,96.45,96.45,
Burning Hot,Amusnet,96.45,96.45,
Jingle Jackpot,Novomatic,96.45,96.45,
Diamonds of Fortune,Novomatic,96.45,96.45,
Zodiac Wheel,Amusnet,96.45,96.45,
Wonky Wabbits,NetEnt,96.44,96.44,
Chain Mail,Games Global,96.44,96.44,
Time Warp Guardian,Playson,96.44,96.44,
Great Adventure,Amusnet,96.44,96.44,
Dragon Reels,Amusnet,96.44,96.44,
Bikers Gang,Spinomenal,96.44,96.44,
Egyptian Adventure,Spinomenal,96.44,96.44,
Loot A Fruit,Spinomenal,96.44,96.44,
Very Big Goats,Spinomenal,96.44,96.44,
Dino Reels 81,Wazdan,96.44,96.44,
Fenix Play,Wazdan,96.44,96.44,
Jack & Jill,Games Global,96.43,96.43,
The Dark Knight Rises,Games Global,96.43,96.43,
Nuts Commander,Spinomenal,96.43,96.43,
Cube Mania,Wazdan,96.43,96.43,
Fruit Case,NetEnt,96.42,96.42,
Racing For Pinks,Games Global,96.42,96.42,
Aloha! Cluster Pays,NetEnt,96.42,96.42,
Dino Might,Games Global,96.42,96.42,
Magic Fruits 81,Wazdan,96.42,96.42,
Phantom Cash,Games Global,96.41,96.41,
Throne of Egypt,Games Global,96.41,96.41,
Lord of Darkness,StakeLogic,96.41,96.41,
Tower Of Pizza,Habanero,96.41,96.41,
Highschool Manga,Wazdan,96.41,96.41,
Magic Fruits,Wazdan,96.41,96.41,
Aloha! Cluster Pays,Net Entertainment,96.4,96.4,
Asian Beauty,Microgaming,96.4,96.4,
Attila The Hun,Relax Gaming,96.4,96.4,
Battle Maidens Cleopatra,1x2 Gaming,96.4,96.4,
Beef Lightning Megaways,Big Time Gaming,96.4,96.4,
Blaze of Ra,Push Gaming,96.4,96.4,
Bonanza Megapays,Big Time Gaming,96.4,96.4,
Boom Brothers,Net Entertainment,96.4,96.4,
Break Away,Microgaming,96.4,96.4,
Butterfly Staxx II,Net Entertainment,96.4,96.4,
Cashanova,Microgaming,96.4,96.4,
Caveman Bob,Relax Gaming,96.4,96.4,
Chain Mail,Microgaming,96.4,96.4,
Champions of Rome,Yggdrasil Gaming,96.4,96.4,
Chip Spin,Relax Gaming,96.4,96.4,
Cleopatra's Gold,Blueprint Gaming,96.4,96.4,
Cluster Tumble,Relax Gaming,96.4,96.4,
Cricket Star,Microgaming,96.4,96.4,
Dance of the Masai,Microgaming,96.4,96.4,
Dino Might,Microgaming,96.4,96.4,
Dinopolis,Push Gaming,96.4,96.4,
Disco Spins,Net Entertainment,96.4,96.4,
Draglings,Yggdrasil Gaming,96.4,96.4,
Dragon Egg,Tom Horn Gaming,96.4,96.4,
Enchanted Woods,Microgaming,96.4,96.4,
Eye of the Kraken,Play'n Go,96.4,96.4,
Fat Rabbit,Push Gaming,96.4,96.4,
Fat Santa,Push Gaming,96.4,96.4,
Football Star,Microgaming,96.4,96.4,
Fruit Case,Net Entertainment,96.4,96.4,
Game of Thrones - 15 lines,Microgaming,96.4,96.4,
Giza Infinity Reels,Yggdrasil Gaming,96.4,96.4,
Golden Fish Tank,Yggdrasil Gaming,96.4,96.4,
Golden Grimoire,Net Entertainment,96.4,96.4,
Golden Shamrock,Net Entertainment,96.4,96.4,
Hellcatraz,Relax Gaming,96.4,96.4,
Heroes' Gaming,Relax Gaming,96.4,96.4,
Hex,Relax Gaming,96.4,96.4,
Ho Ho Tower,Elk Studios,96.4,96.4,
Jammin' Jars 2,Push Gaming,96.4,96.4,
Kluster Krystals Megaclusters,Relax Gaming,96.4,96.4,
Labyrinth of Knossos Multijump,Yggdrasil Gaming,96.4,96.4,
Lilith's Inferno,Yggdrasil Gaming,96.4,96.4,
Lucky Eggsplorer,Microgaming,96.4,96.4,
Lucky Neko- Gigablox,Yggdrasil Gaming,96.4,96.4,
Lucky Witch,Microgaming,96.4,96.4,
Lumber Cats,Microgaming,96.4,96.4,
Magic Mushrooms,Yggdrasil Gaming,96.4,96.4,
Mega Fortune Dreams,Net Entertainment,96.4,96.4,
Money Train 2,Relax Gaming,96.4,96.4,
Phantom Cash,Microgaming,96.4,96.4,
Pirate from the East,Net Entertainment,96.4,96.4,
Plunderland,Relax Gaming,96.4,96.4,
Poltava,Elk Studios,96.4,96.4,
PopRocks,Yggdrasil Gaming,96.4,96.4,
Queen of the Jungle,Microgaming,96.4,96.4,
Racing For Pinks,Microgaming,96.4,96.4,
Reef Run,Yggdrasil Gaming,96.4,96.4,
Reel Spinner,Microgaming,96.4,96.4,
Rhyming Reels - Jack and Jill,Microgaming,96.4,96.4,
Robot Butler,Microgaming,96.4,96.4,
Santa vs Rudolf,Net Entertainment,96.4,96.4,
Savannah King,Tom Horn Gaming,96.4,96.4,
Scruffy Duck,Net Entertainment,96.4,96.4,
Shaolin's Tiger,Tom Horn Gaming,96.4,96.4,
Sonic 7s,Microgaming,96.4,96.4,
Spectra,Thunderkick,96.4,96.4,
Super Diamond Deluxe,Blueprint Gaming,96.4,96.4,
Survivor Megaways,Big Time Gaming,96.4,96.4,
Taco Brothers Save Christmas,Electracade,96.4,96.4,
The Argyle Open,Microgaming,96.4,96.4,
The Dark Knight Rises,Microgaming,96.4,96.4,
The Grand Journey,Microgaming,96.4,96.4,
The Invisible Man,Net Entertainment,96.4,96.4,
Thunderstruck II,Microgaming,96.4,96.4,
Tiki Tumble,Push Gaming,96.4,96.4,
Tribal Treasure,Microgaming,96.4,96.4,
Troll's Gold,Relax Gaming,96.4,96.4,
Tropical Wilds,Rabcat,96.4,96.4,
Under the Bed,Betsoft,96.4,96.4,
Untamed - Giant Panda,Microgaming,96.4,96.4,
Voila!,Microgaming,96.4,96.4,
Wheel of Fortune Megaways,Big Time Gaming,96.4,96.4,
Wild Robo Factory,Yggdrasil Gaming,96.4,96.4,
Wild Toro,ELK Studios,96.4,96.4,
Wild Water,Net Entertainment,96.4,96.4,
Wings of Paradise,Gamesys,96.4,96.4,
Winstar,Blueprint Gaming,96.4,96.4,
Winter Gold,Microgaming,96.4,96.4,
Your Lucky Day,Microgaming,96.4,96.4,
Lil' Devil,Big Time Gaming,96.3,96.4,
Rise of Maya,Net Entertainment,96.1,96.4,
Piggy Riches,Net Entertainment,95.8,96.4,
Book of Gods,Big Time Gaming,95.4,96.4,
Under the Sea,Betsoft,96.4,96.4,
Sherlock Holmes: The Hunt for Blackwood,IGT,93.2,96.4,
Tutan's Treasure,Slingo Originals,92.8,96.4,
Game of Gladiators,Play'n Go,84.4,96.4,
Inferno Joker,Play'n Go,84.4,96.4,
Inferno Star,Play'n Go,84.4,96.4,
Queen's Day Tilt,Play'n Go,84.3,96.4,
Aliens,NetEnt,96.4,96.4,
Boom Brothers,NetEnt,96.4,96.4,
Disco Spins,NetEnt,96.4,96.4,
Golden Shamrock,NetEnt,96.4,96.4,
Lucky Angler,NetEnt,96.4,96.4,
Asian Beauty,Games Global,96.4,96.4,
Untamed Giant Panda,Games Global,96.4,96.4,
Draglings,Yggdrasil,96.4,96.4,
Magic Mushrooms,Yggdrasil,96.4,96.4,
Poltava - flames of war,ELK Studios,96.4,96.4,
Taco Brothers Saving Christmas,ELK Studios,96.4,96.4,
The Final Frontier,edict,96.4,96.4,
Game of Thrones 15 lines,Games Global,96.4,96.4,
SpellCraft,Playson,96.4,96.4,
Lucky Witch,Games Global,96.4,96.4,
Enchanted Woods,Games Global,96.4,96.4,
African Magic,CT Gaming,96.4,96.4,
Australian Magic,CT Gaming,96.4,96.4,
Emojiplanet,NetEnt,96.4,96.4,
Beetle Jewels,iSoftBet,96.4,96.4,
Tom Sawyer,Bally Wulff,96.4,96.4,
Just Vegas,Amaya,96.4,96.4,
Jack On Hold,Wazdan,96.4,96.4,
Piggy Riches,NetEnt,96.38,96.38,
Burlesque Queen,Playson,96.38,96.38,
Scruffy Duck,NetEnt,96.38,96.38,
Naga King,The Better Platform,96.38,96.38,
Attack of the Zombies,Genesis,96.37,96.37,
Voila!,Games Global,96.37,96.37,
Cowboy Treasure,Games Inc,96.37,96.37,
Cleopatra's Gold,Leander Games,96.37,96.37,
8 Dragons,Pragmatic Play,96.37,96.37,
Royal Secrets,Amusnet,96.37,96.37,
Shining Crown,Amusnet,96.37,96.37,
Beach Party,Wazdan,96.37,96.37,
Magic Fruits 27,Wazdan,96.37,96.37,
Wild Water,NetEnt,96.36,96.36,
The Twisted Circus,Games Global,96.36,96.36,
The Shaman King,Bally Wulff,96.36,96.36,
Once upon a Rhyme,Blueprint,96.36,96.36,
Ocean Rush,Amusnet,96.36,96.36,
Forest Tale,Amusnet,96.36,96.36,
Banana Party,CT Gaming,96.35,96.35,
The Grand Journey,Games Global,96.35,96.35,
Vegas Hot 81,Wazdan,96.35,96.35,
Welcome To Hell 81,Wazdan,96.35,96.35,
Magic Hot,Wazdan,96.35,96.35,
Candy Swap,Nektan,96.34,96.34,
Cave Raiders,Nektan,96.34,96.34,
Get Fruity,Nektan,96.34,96.34,
Magic Touch,Nektan,96.34,96.34,
Meow Money,Nektan,96.34,96.34,
Mummy Gold,Nektan,96.34,96.34,
Pearl's Fortune,Nektan,96.34,96.34,
Plucky Pirates,Nektan,96.34,96.34,
Wolf Cub,NetEnt,96.34,96.34,
In It to Win It,Games Global,96.34,96.34,
Wild Jack,Wazdan,96.34,96.34,
Lucky Leprechaun,Games Global,96.33,96.33,
Fairytale Legends: Red Riding Hood,NetEnt,96.33,96.33,
Dr. Magoo's Adventure,StakeLogic,96.33,96.33,
Yule Be Rich,1X2gaming,96.33,96.33,
Planet of the Apes,NetEnt,96.33,96.33,
Flowers,NetEnt,96.32,96.32,
Flowers Christmas Edition,NetEnt,96.32,96.32,
Secret Santa,Games Global,96.32,96.32,
Untamed Crowned Eagle,Games Global,96.32,96.32,
Dolphin Gold with Stellar Jackpots,Lightning Box,96.32,96.32,
Miami Beach,Wazdan,96.32,96.32,
Charms and Clovers,Betsoft,96.31,96.31,
Jungle Jim El Dorado,Games Global,96.31,96.31,
Eye Of Horus,Merkur,96.31,96.31,
Aladdin & the Wild Genie,BGO Studios,96.3,96.3,
Asgardian Stones,Net Entertainment,96.3,96.3,
Avatars- Gateway Guardians,Yggdrasil Gaming,96.3,96.3,
Beast Mode,Relax Gaming,96.3,96.3,
Bicicleta,Yggdrasil Gaming,96.3,96.3,
Birthday!,Elk Studios,96.3,96.3,
Blackbeard's Quest,Tom Horn Gaming,96.3,96.3,
Brazil Bomba,Yggdrasil Gaming,96.3,96.3,
Cash-O-Matic,Net Entertainment,96.3,96.3,
Charms & Clovers,Betsoft,96.3,96.3,
China MegaWild,GamesOS,96.3,96.3,
Classic Fruits,1x2 Gaming,96.3,96.3,
Crystal Drop,Cozy Games,96.3,96.3,
Cyrus the Virus,Yggdrasil Gaming,96.3,96.3,
Diablo Reels,Elk Studios,96.3,96.3,
DJ Wild,Elk Studios,96.3,96.3,
Dragonz,Microgaming,96.3,96.3,
Dungeon Quest,Nolimit City,96.3,96.3,
Evolution,Net Entertainment,96.3,96.3,
Fairytale Legends: Red Riding Hood,Net Entertainment,96.3,96.3,
Feathered Frenzy,Big Time Gaming,96.3,96.3,
Flowers,Net Entertainment,96.3,96.3,
Girls With Guns II - Frozen Dawn,Microgaming,96.3,96.3,
Gopher Gold,Microgaming,96.3,96.3,
Halloween Jack,Net Entertainment,96.3,96.3,
Happy Riches,Net Entertainment,96.3,96.3,
Hazakura Ways,Relax Gaming,96.3,96.3,
Helios' Fury,Relax Gaming,96.3,96.3,
Hidden,ELK Studios,96.3,96.3,
Hit it Hard,Elk Studios,96.3,96.3,
Hong Kong Tower,ELK Studios,96.3,96.3,
Hot Air,Microgaming,96.3,96.3,
Hot Nudge,Nolimit City,96.3,96.3,
Houdini,Gamesys,96.3,96.3,
Hound Hotel,Microgaming,96.3,96.3,
Ignite the Night,Relax Gaming,96.3,96.3,
Ivanhoe,ELK Studios,96.3,96.3,
Jack and the Beanstalk,Net Entertainment,96.3,96.3,
Jackpot Raiders,Yggdrasil Gaming,96.3,96.3,
Joker Gems,Elk Studios,96.3,96.3,
Jumanji,Net Entertainment,96.3,96.3,
Jungle Jim - El Dorado,Microgaming,96.3,96.3,
Kaiju,Elk Studios,96.3,96.3,
Kathmandu,Microgaming,96.3,96.3,
La Casa De Papel Clasico,Skywind Group,96.3,96.3,
Lady in Red,Microgaming,96.3,96.3,
Lake's Five,Elk Studios,96.3,96.3,
Legend of Kaan,Evoplay Entertainment,96.3,96.3,
Lightning Joker,Yggdrasil Gaming,96.3,96.3,
Loaded,Microgaming,96.3,96.3,
Lost Relics,Net Entertainment,96.3,96.3,
Lucky Leprechaun,Microgaming,96.3,96.3,
Multifly!,Yggdrasil Gaming,96.3,96.3,
Neon Life,Ash Gaming,96.3,96.3,
Pirates- Smugglers Paradise,Yggdrasil Gaming,96.3,96.3,
Platooners,Elk Studios,96.3,96.3,
Prosperity Palace,Play'n Go,96.3,96.3,
Queen of the Pharaohs,Skywind Group,96.3,96.3,
Queen of the Tree Folk,Gamesys,96.3,96.3,
Rainbow Ryan,Yggdrasil Gaming,96.3,96.3,
Respin Circus,Elk Studios,96.3,96.3,
Route 777,Elk Studios,96.3,96.3,
Same on the Beach,Elk Studios,96.3,96.3,
Santa's Stack,Relax Gaming,96.3,96.3,
Secret Code,Net Entertainment,96.3,96.3,
Secret Santa,Microgaming,96.3,96.3,
Silver Fang,Microgaming,96.3,96.3,
Smoking Hot Fruits,1x2 Gaming,96.3,96.3,
Spina Colada,Yggdrasil Gaming,96.3,96.3,
Spinsane,Net Entertainment,96.3,96.3,
Sterling Silver,Microgaming,96.3,96.3,
Sterling Silver 3D,Microgaming,96.3,96.3,
Sunset Delight,Thunderkick,96.3,96.3,
Sure Win,Microgaming,96.3,96.3,
Sweet Harvest,Microgaming,96.3,96.3,
Taco Brothers,ELK Studios,96.3,96.3,
The Cup,Tom Horn Gaming,96.3,96.3,
The Lab,ELK Studios,96.3,96.3,
The One Armed Bandit,Yggdrasil Gaming,96.3,96.3,
The Rift,Thunderkick,96.3,96.3,
The Twisted Circus,Microgaming,96.3,96.3,
Tiger's Eye,Microgaming,96.3,96.3,
Tiki Island,Gamesys,96.3,96.3,
Tiki Island Jackpot,Gamesys,96.3,96.3,
Time Travel Tigers,Yggdrasil Gaming,96.3,96.3,
Totem Treasure,Microgaming,96.3,96.3,
Untamed - Crowned Eagle,Microgaming,96.3,96.3,
Valkyrie,Elk Studios,96.3,96.3,
Vegas Dreams,Big Time Gaming,96.3,96.3,
Victoria Wild,Yggdrasil Gaming,96.3,96.3,
Viking Runes,Yggdrasil Gaming,96.3,96.3,
Vikings Go Wild,Yggdrasil Gaming,96.3,96.3,
Who Wants to be a Millionaire?,Big Time Gaming,96.3,96.3,
Wicked 777,Skywind Group,96.3,96.3,
Wicked Flamingo,Skywind Group,96.3,96.3,
Wild Seas,Elk Studios,96.3,96.3,
Win Sum Dim Dum,Microgaming,96.3,96.3,
Wolf Cub,Net Entertainment,96.3,96.3,
Wolf Hunters,Yggdrasil Gaming,96.3,96.3,
Yokozuna Clash,Yggdrasil Gaming,96.3,96.3,
Buster Hammer Carnival,Yggdrasil Gaming,95.9,96.3,
Pharaoh's Treasure,Ash Gaming,92.1,96.3,
Rally 4 Riches,Play'n Go,84.5,96.3,
Raging Rex,Play'n Go,84.4,96.3,
Agent Destiny,Play'n Go,84.3,96.3,
Coywolf Cash,Play'n Go,84.3,96.3,
Shield of Athena,Play'n Go,84.3,96.3,
That's Rich,Play'n Go,84.3,96.3,
Star Joker,Play'n Go,84.1,96.3,
The Dark Joker Rizes,Yggdrasil Gaming,79.7,96.3,
Bicicleta,Yggdrasil,96.3,96.3,
Evolution,NetEnt,96.3,96.3,
Jack and the Beanstalk,NetEnt,96.3,96.3,
Secret Code,NetEnt,96.3,96.3,
The Invisible Man,NetEnt,96.3,96.3,
Lord of the Rings,Games Global,96.3,96.3,
Silver Fang,Games Global,96.3,96.3,
Cyrus the Virus,Yggdrasil,96.3,96.3,
The Dark Joker Rizes,Yggdrasil,96.3,96.3,
Vikings Go Wild,Yggdrasil,96.3,96.3,
DJ WÏLD,ELK Studios,96.3,96.3,
Las Vegas Fever,StakeLogic,96.3,96.3,
Cherry Trio,iSoftBet,96.3,96.3,
Loaded PI,Nektan,96.3,96.3,
Shamrock'n Roll,Nektan,96.3,96.3,
Sam on the Beach,ELK Studios,96.3,96.3,
Sterling Silver 3D/2D,Games Global,96.3,96.3,
Beauty & The Beast,Yggdrasil,96.3,96.3,
Hit2Split,NetEnt,96.3,96.3,
Spina Colada,Yggdrasil,96.3,96.3,
Cats Royal,Amusnet,96.3,96.3,
Egypt Sky,Amusnet,96.3,96.3,
Rainbow Ryan,Yggdrasil,96.3,96.3,
Trolls Bridge,Yggdrasil,96.0,96.3,96.3
Cave Raiders HD,Nektan,96.3,96.3,
Shaolin Fortunes 100,Habanero,96.3,96.3,
Lucky Fortune,Wazdan,96.3,96.3,
Mega Glam Life,Betsoft,96.29,96.29,
Break Away,Games Global,96.29,96.29,
Football Star,Games Global,96.29,96.29,
Sweet Harvest,Games Global,96.29,96.29,
Heavy Metal Warriors,iSoftBet,96.29,96.29,
Fruit Smasher,StakeLogic,96.29,96.29,
Monopoly Paradise Mansion,Gamesys,96.29,96.29,
Hawaiian Treasure,Playtech,96.29,96.29,
Kathmandu,Games Global,96.29,96.29,
Watch the Birdie,Rival Gaming,96.29,96.29,
Wheel of Cash,Rival Gaming,96.29,96.29,
Hot Sync,Quickspin,96.29,96.29,
Sure Win,Games Global,96.29,96.29,
Crosstown Chicken,Genesis,96.29,96.29,
Route of Mexico,Amusnet,96.29,96.29,
Fenghuang,Habanero,96.29,96.29,
Criss Cross 81,Wazdan,96.29,96.29,
Mega Glam Life JP,Betsoft,96.29,96.29,
Prosperity Twin,NextGen,95.446,96.287,96.287
Gopher Gold,Games Global,96.28,96.28,
2 Dragons,Amusnet,96.28,96.28,
Queen of Rio,Amusnet,96.28,96.28,
Fruit Stack,Cayetano Gaming,96.28,96.28,
The Exterminator,Betsoft,96.27,96.27,
Houdini,Roxor Gaming,96.27,96.27,
Crazy Cars,Wazdan,96.27,96.27,
Girls With Guns - Frozen Dawn,Games Global,96.26,96.26,
Tiger's Eye,Games Global,96.26,96.26,
Gingerbread Joy,1X2gaming,96.26,96.26,
Halloween Horrors,1X2gaming,96.26,96.26,
Lucky Stars,1X2gaming,96.26,96.26,
Koi Gate,Habanero,96.26,96.26,
Ancient Secrets,BF games,96.26,96.26,
Hound Hotel,Games Global,96.25,96.25,
Lady in Red,Games Global,96.25,96.25,
Neon Life,Playtech,96.25,96.25,
Golden Temple,Red Tiger,96.25,96.25,
Roboslots,1X2gaming,96.25,96.25,
Fruits Kingdom,Amusnet,96.25,96.25,
Venezia d'Oro,Amusnet,96.25,96.25,
The Great Egypt,Amusnet,96.25,96.25,
Fast Money,Amusnet,96.25,96.25,
Captain Shark,Wazdan,96.25,96.25,
Wild Jack,BF games,96.25,96.25,
Fenix Play 27,Wazdan,96.25,96.25,
Magic Stars,Wazdan,96.25,96.25,
RoboCop,Playtech,96.24,96.24,
Dragon's Luck Slot 2025,Red Tiger,96.24,96.24,
Mystery Reels Online and Free Play ✔️,Red Tiger,96.24,96.24,
Supreme Hot,Amusnet,96.24,96.24,
Panda Panda,Habanero,96.24,96.24,
Jewels World,BF games,96.24,96.24,
Beach Party Hot,Wazdan,96.24,96.24,
Rich Castle,BF games,96.24,96.24,
Koi Princess,NetEnt,96.23,96.23,
Octopays,Games Global,96.23,96.23,
Dice on Fire,StakeLogic,96.23,96.23,
Money Mad Monkey,Games Global,96.23,96.23,
Grace of Cleopatra,Amusnet,96.23,96.23,
Olympus Glory,Amusnet,96.23,96.23,
Aztec Glory,Amusnet,96.23,96.23,
Master Panda,Spinomenal,96.23,96.23,
Black Hawk,Wazdan,96.23,96.23,
Vintage Win,BF games,96.23,96.23,
Fields of Fortune,Playtech,96.22,96.22,
Second Strike,Quickspin,96.22,96.22,
Magic Spell,Games Global,96.22,96.22,
So Many Monsters,Games Global,96.22,96.22,
So Much Candy,Games Global,96.22,96.22,
So Much Sushi,Games Global,96.22,96.22,
Jekyll and Hyde,Playtech,96.16,96.22,96.16
Dojo,The Better Platform,96.22,96.22,
Treasure of the Pyramids,1X2gaming,96.22,96.22,
Hot Habanero,Cozy,96.22,96.22,
Dragon Reborn,Amusnet,96.22,96.22,
Coral Island,Amusnet,96.22,96.22,
Continent Africa,BF games,96.22,96.22,
Joker Spin,BF games,96.22,96.22,
Reindeer Wild Wins,Genesis,96.21,96.21,
Bear Tracks,Design Works Gaming,96.21,96.21,
Giant's Gold,WMS,96.21,96.21,
Alice and the Red Queen,1X2gaming,96.21,96.21,
The Joy of Six,Games Global,96.21,96.21,
Pharaohs and Aliens,BF games,96.21,96.21,
Guardians of the Kingdom,Capecod Gaming,96.21,96.21,
Journey to the West,Genesis,96.21,96.21,
Ace Ventura,Ash Gaming,96.2,96.2,
Age of Asgard,Yggdrasil Gaming,96.2,96.2,
Age of Discovery,Microgaming,96.2,96.2,
Arthur's Fortune,Yggdrasil Gaming,96.2,96.2,
Aztec Adventure,Bee-Fee,96.2,96.2,
Big Blox,Yggdrasil Gaming,96.2,96.2,
Big Kahuna,Microgaming,96.2,96.2,
Big Kahuna Snakes and Ladders,Microgaming,96.2,96.2,
Blender Blitz,Relax Gaming,96.2,96.2,
Blood Moon Wilds,Yggdrasil Gaming,96.2,96.2,
Burning Desire,Microgaming,96.2,96.2,
Cabin Fever,Microgaming,96.2,96.2,
Carol of the Elves,Yggdrasil Gaming,96.2,96.2,
Chibeasties,Yggdrasil Gaming,96.2,96.2,
Chibeasties 2,Yggdrasil Gaming,96.2,96.2,
Chocolate Factory,Microgaming,96.2,96.2,
Crazy Cows,Play'n Go,96.2,96.2,
Dead Man's Trail,Relax Gaming,96.2,96.2,
Desert Treasure II,Playtech,96.2,96.2,
Dolphin's Pearl Deluxe,Novomatic,96.2,96.2,
Double Wammy,Microgaming,96.2,96.2,
Dr Fortuno,Yggdrasil Gaming,96.2,96.2,
Dr Jekyll & Mr Hyde,Betsoft,96.2,96.2,
East Sea Dragon King,Net Entertainment,96.2,96.2,
Elementals,Microgaming,96.2,96.2,
Enchanted Meadow,Play'n Go,96.2,96.2,
Faeries Fortune,Big Time Gaming,96.2,96.2,
Fire Joker,Play'n Go,96.2,96.2,
Flux,Thunderkick,96.2,96.2,
Fortune Year,Net Entertainment,96.2,96.2,
Fruits,Nolimit City,96.2,96.2,
Gem Rocks,Yggdrasil Gaming,96.2,96.2,
Giant's Gold,WMS Gaming,96.2,96.2,
Gods of Gold,Net Entertainment,96.2,96.2,
Golden Caravan,Play'n Go,96.2,96.2,
Grand Spinn,Net Entertainment,96.2,96.2,
Grand Spinn Superpot,Net Entertainment,96.2,96.2,
Gung Pow,Microgaming,96.2,96.2,
Horror Hotel,Relax Gaming,96.2,96.2,
Hot Habanero,Cozy Games,96.2,96.2,
Ice Ice Yeti,Nolimit City,96.2,96.2,
Iron Bank,Relax Gaming,96.2,96.2,
Jackpot Express,Yggdrasil Gaming,96.2,96.2,
Jekyll and Hyde,Ash Gaming,96.2,96.2,
Johnny Cash,BGaming,96.2,96.2,
Katmandu Gold,Elk Studios,96.2,96.2,
King of Kings,Relax Gaming,96.2,96.2,
Kings and Queens,Microgaming,96.2,96.2,
Land of Zenith,Push Gaming,96.2,96.2,
Luchadora,Thunderkick,96.2,96.2,
Lucky Rabbit's Loot,Genesis Gaming,96.2,96.2,
Magic Spell,Microgaming,96.2,96.2,
Manhattan Goes Wild,Nolimit City,96.2,96.2,
Mega Flip,Relax Gaming,96.2,96.2,
Mega Heist,Relax Gaming,96.2,96.2,
Mega Masks,Relax Gaming,96.2,96.2,
Mega Mine,Relax Gaming,96.2,96.2,
Money Train,Relax Gaming,96.2,96.2,
Monster Meteors,Microgaming,96.2,96.2,
Monte Carlo Jewels,World Match,96.2,96.2,
Mystery Reels Megaways,Red Tiger Gaming,96.2,96.2,
Narcos,Net Entertainment,96.2,96.2,
Niagara Falls,Yggdrasil Gaming,96.2,96.2,
Nikola Tesla's Incredible Machine,Yggdrasil Gaming,96.2,96.2,
Nirvana,Yggdrasil Gaming,96.2,96.2,
Octopays,Microgaming,96.2,96.2,
Owls,Nolimit City,96.2,96.2,
Party Box,Skywind Group,96.2,96.2,
Penguin City,Yggdrasil Gaming,96.2,96.2,
Phoenix Fire Power Reels,Red Tiger Gaming,96.2,96.2,
Pirates 2 Mutiny,Yggdrasil Gaming,96.2,96.2,
Pretty Kitty,Microgaming,96.2,96.2,
Pumpkin Smash,Yggdrasil Gaming,96.2,96.2,
Raccoon Tales,Evoplay Entertainment,96.2,96.2,
Raging Rhino Rampage,WMS Gaming,96.2,96.2,
Raging Rhino Ultra,WMS Gaming,96.2,96.2,
Rhyming Reels - Old King Cole,Microgaming,96.2,96.2,
Safari Heat,Playtech,96.2,96.2,
Sahara Nights,Yggdrasil Gaming,96.2,96.2,
Sea of Spins,Evoplay Entertainment,96.2,96.2,
Seasons,Yggdrasil Gaming,96.2,96.2,
Serengeti Kings,Net Entertainment,96.2,96.2,
Snake Arena,Relax Gaming,96.2,96.2,
Spin the World,GamesOS,96.2,96.2,
Starstruck,Nolimit City,96.2,96.2,
Sunny Shores,Yggdrasil Gaming,96.2,96.2,
Templar Tumble,Relax Gaming,96.2,96.2,
Temple Tumble,Relax Gaming,96.2,96.2,
The Great Ming Empire,Playtech,96.2,96.2,
The Great Pigsby Megapays,Relax Gaming,96.2,96.2,
Tiger Kingdom,Relax Gaming,96.2,96.2,
Tomb of Nefertiti,Nolimit City,96.2,96.2,
Tombstone,Nolimit City,96.2,96.2,
Trollpot 5000,Net Entertainment,96.2,96.2,
Turn Your Fortune,Net Entertainment,96.2,96.2,
Untamed - Bengal Tiger,Microgaming,96.2,96.2,
Untamed - Wolf Pack,Microgaming,96.2,96.2,
Valley of the Gods,Yggdrasil Gaming,96.2,96.2,
Volatile Vikings,Relax Gaming,96.2,96.2,
Wild Bazaar,Net Entertainment,96.2,96.2,
Wild Pops,Yggdrasil Gaming,96.2,96.2,
Wilderland,Net Entertainment,96.2,96.2,
Zoom,Thunderkick,96.2,96.2,
Lucha Maniacs,Yggdrasil Gaming,96.1,96.2,
Koi Princess,Net Entertainment,96.0,96.2,
Gaelic Gold,Nolimit City,94.4,96.2,
Book of Shadows,Nolimit City,94.1,96.2,
Tokidoki Lucky Town,IGT,92.6,96.2,
Stinkin' Rich,IGT,92.5,96.2,
Gong Xi Fa Cai,IGT,92.4,96.2,
Goldify,IGT,92.2,96.2,
Shamrockers,IGT,92.2,96.2,
Banana King,World Match,91.8,96.2,
Charlie Chance in Hell to Pay,Play'n Go,84.7,96.2,
Big Win Cat,Play'n Go,84.3,96.2,
Dawn of Egypt,Play'n Go,84.3,96.2,
Ankh of Anubis,Play'n Go,84.2,96.2,
Annihilator,Play'n Go,84.2,96.2,
Doom of Egypt,Play'n Go,84.2,96.2,
Leprechaun Goes Wild,Play'n Go,84.2,96.2,
Ring of Odin,Play'n Go,84.2,96.2,
Testament,Play'n Go,84.2,96.2,
Wild Blood 2,Play'n Go,84.2,96.2,
Untamed Bengal Tiger,Games Global,96.2,96.2,
Chibeasties,Yggdrasil,96.2,96.2,
Nirvana,Yggdrasil,96.2,96.2,
Jazz of New Orleans,Games Inc,96.2,96.2,
Big Blox,Yggdrasil,96.2,96.2,
Reel of Fortune,Rival Gaming,96.2,96.2,
Chibeasties 2,Yggdrasil,96.2,96.2,
Orient Express,Yggdrasil,96.2,96.2,
Oily Business,Others,96.2,96.2,
Sunny Shores,Yggdrasil,96.2,96.2,
Ten Suns,Rival Gaming,96.2,96.2,
Valley Of The Gods,Yggdrasil,96.2,96.2,
Farm of Fun,Spinomenal,96.2,96.2,
Goanna Gold,Bwin.Party,96.2,96.2,
Monte Carlo Jewels HD,Play Labs,96.2,96.2,
Burning Desire,Games Global,96.19,96.19,
Gung Pow,Games Global,96.19,96.19,
Savanna King,Genesis,96.19,96.19,
Lucky Firecracker,Games Global,96.19,96.19,
Inca Gold II,Amusnet,96.19,96.19,
Majestic Forest,Amusnet,96.19,96.19,
Genius of Leonardo,Amusnet,96.19,96.19,
Wild Run,NextGen,96.19,96.19,
Blackbeard's Bounty,Habanero,96.19,96.19,
Hot 777,Wazdan,96.19,96.19,
Golden Princess,Games Global,96.18,96.18,
Jalapeno Racers,Roxor Gaming,96.18,96.18,
Asena,Bally Wulff,96.18,96.18,
Wonder Tree,Amusnet,96.18,96.18,
Venice Magic,Side City,96.18,96.18,
S.O.S!,Habanero,96.18,96.18,
Fruitastic,BF games,96.18,96.18,
Highway to Hell,Wazdan,96.18,96.18,
Scruffy Scallywags,Habanero,96.18,96.18,
Wild Blood,Play'n Go,96.17,96.17,
Untamed Wolf Pack,Games Global,96.17,96.17,
Dr. Jekyll & Mr. Hyde,Betsoft,96.17,96.17,
Gold Train,Pragmatic Play,96.17,96.17,
Amazons' Battle,Amusnet,96.17,96.17,
Retro Style,Amusnet,96.17,96.17,
Golden New World,BF games,96.17,96.17,
Lucky Queen,Wazdan,96.17,96.17,
Crystal Queen,Quickspin,96.16,96.16,
Gnome Wood,Rabcat,96.16,96.16,
The Wild Life,IGT,96.16,96.16,
Amazing Amazonia,Amusnet,96.16,96.16,
Kangaroo Land,Amusnet,96.16,96.16,
Thumbelina's Dream,Amusnet,96.16,96.16,
Cash Reef,Habanero,96.16,96.16,
Super Hot,Wazdan,96.16,96.16,
Vegas Reels II,Wazdan,96.16,96.16,
Go Wild HD,Play Labs,96.16,96.16,
Moby Dick,Rabcat,96.15,96.15,
Old King Cole,Games Global,96.15,96.15,
Ninja Magic,MahiGaming,96.15,96.15,
Bubbles,Novomatic,96.15,96.15,
Druidess Gold,Lightning Box,96.15,96.15,
Arcade Bomb,Red Tiger,96.15,96.15,
Rainbow Jackpots,Red Tiger,96.15,96.15,
Critters,MultiSlot,96.15,96.15,
Mega Money Multiplier,MahiGaming,96.15,96.15,
Aloha Party,Amusnet,96.15,96.15,
Lucky Buzz,Amusnet,96.15,96.15,
Fortune Spinner,Ash Gaming,96.15,96.15,
108 Heroes Multiplier Fortunes,Triple Edge Studios,96.15,96.15,
Bikini Island,Habanero,96.15,96.15,
Dark Carnivale,BF games,96.15,96.15,
Riches from the Deep,BF games,96.15,96.15,
Steampunk Big City,BF games,96.15,96.15,
Voodoo Candy Shop,BF games,96.15,96.15,
The Rat Pack,Games Global,96.14,96.14,
Galacticons,Games Global,96.14,96.14,
Kleopatra,The Better Platform,96.14,96.14,
Wild Rapa Nui,Bally Wulff,96.14,96.14,
Theatre of Night,NextGen,96.14,96.14,
Age of the Gods: God of Storms,Playtech Vikings,96.14,96.14,
Circus Brilliant,Amusnet,96.14,96.14,
Imperial Wars,Amusnet,96.14,96.14,
Magellan,Amusnet,96.14,96.14,
Jungle Adventure,Amusnet,96.14,96.14,
Codex,Vibra Gaming,96.14,96.14,
Mighty Dragon,Bally Wulff,96.14,96.14,
Fire Rooster,Habanero,96.14,96.14,
Haunted House,Habanero,96.14,96.14,
Magic Queens,BF games,96.14,96.14,
Loose Cannon,Games Global,96.13,96.13,
Gods of Giza,Genesis,96.13,96.13,
Today's Weather,Genesis,96.13,96.13,
KTV,Pragmatic Play,96.13,96.13,
Thunder Reels,Playson,96.13,96.13,
Shocking Wild,StakeLogic,96.13,96.13,
Arctic Agents,Games Global,96.13,96.13,
Ice Cave,Playtech Vikings,96.13,96.13,
Re-Trigger Happy Pull Tab,Realistic,96.13,96.13,
Neon Jungle,Iron Dog Studio,96.13,96.13,
Savanna Moon,Gamomat,96.13,96.13,
Viking's Plunder,Habanero,96.13,96.13,
Lost Treasure,Wazdan,96.13,96.13,
Shooting Stars,Greentube,96.12,96.12,
Wild Wishes,Playtech,96.12,96.12,
Explodiac,Gamomat,96.12,96.12,
Fruit Mania,Gamomat,96.12,96.12,
Dolphin Quest,Games Global,96.12,96.12,
Giant Gems,Betdigital,96.12,96.12,
Oriental Fortune,Games Global,96.12,96.12,
Crystal Ball,Gamomat,96.12,96.12,
The Odd Forest,Foxium,96.12,96.12,
Book of Romeo & Julia,Gamomat,96.12,96.12,
More Dice & Roll,Amusnet,96.12,96.12,
Phantom's Mirror,Bally Wulff,96.12,96.12,
May Dance Festival,Spinomenal,96.12,96.12,
Golden Lamp,BF games,96.12,96.12,
Ocean Reef,BF games,96.12,96.12,
SuperHeroes HD,Play Labs,96.12,96.12,
Spell of Odin,2by2 Gaming,96.11,96.11,
Space Lights,Playson,96.11,96.11,
Night Wolves,Gamomat,96.11,96.11,
Bejeweled Cascades,Blueprint,96.11,96.11,
Great Empire,Amusnet,96.11,96.11,
50 Horses,Amusnet,96.11,96.11,
Rich World,Amusnet,96.11,96.11,
Shooting Stars: Supernova,Mazooma,96.11,96.11,
Books and Bulls,Gamomat,96.11,96.11,
Old Fisherman,Bally Wulff,96.11,96.11,
Golden Unicorn,Habanero,96.11,96.11,
Adventure Palace,Microgaming,96.1,96.1,
Agent Jane Blonde,Microgaming,96.1,96.1,
Alchymedes,Yggdrasil Gaming,96.1,96.1,
Aldo's Journey,Yggdrasil Gaming,96.1,96.1,
All Fruits,World Match,96.1,96.1,
All Star Knockout,Yggdrasil Gaming,96.1,96.1,
All Star Knockout Ultra Gamble,Yggdrasil Gaming,96.1,96.1,
Animal Quest,Evoplay Entertainment,96.1,96.1,
Anna Van Helsping- Monster Huntress,Rabcat,96.1,96.1,
Arcader,Thunderkick,96.1,96.1,
Archangels: Salvation,Net Entertainment,96.1,96.1,
Atlantis Megaways,Yggdrasil Gaming,96.1,96.1,
Banana Town,Relax Gaming,96.1,96.1,
Bars and Stripes,Microgaming,96.1,96.1,
Batman and the Penguin Prize,Playtech,96.1,96.1,
Beat the Beast Cerberus' Inferno,Thunderkick,96.1,96.1,
Beat the Beast Griffin's Gold,Thunderkick,96.1,96.1,
Beat the Beast Kraken's Lair,Thunderkick,96.1,96.1,
Beat the Beast Mighty Sphinx,Thunderkick,96.1,96.1,
Beat the Beast Quetzalcoatl's Trial,Thunderkick,96.1,96.1,
Bejeweled Cascades,Blueprint Gaming,96.1,96.1,
Big Bucks Bandits Megaways,Yggdrasil Gaming,96.1,96.1,
Big Fin Bay,Thunderkick,96.1,96.1,
Black River Gold,Elk Studios,96.1,96.1,
Bloopers,ELK Studios,96.1,96.1,
Book of Power,Relax Gaming,96.1,96.1,
Book of Spells,Tom Horn Gaming,96.1,96.1,
Bruce Lee,WMS Gaming,96.1,96.1,
Captain's Treasure Pro,Playtech,96.1,96.1,
Cash Noire,Net Entertainment,96.1,96.1,
CashOccino,Microgaming,96.1,96.1,
CherryPOP,Yggdrasil Gaming,96.1,96.1,
Cheshire Wild,Skywind Group,96.1,96.1,
Cool Jewels,WMS Gaming,96.1,96.1,
Cosmic Voyager,Thunderkick,96.1,96.1,
Crazy Chameleons,Microgaming,96.1,96.1,
Crusader,Elk Studios,96.1,96.1,
Crystal Quest Arcane Tower,Yggdrasil Gaming,96.1,96.1,
Crystal Quest Deep Jungle,Thunderkick,96.1,96.1,
Crystal Quest Frostlands,Tom Horn Gaming,96.1,96.1,
Cygnus,Elk Studios,96.1,96.1,
Dolphin Quest,Microgaming,96.1,96.1,
Double Stacks,Net Entertainment,96.1,96.1,
Dragon Gems,Skywind Group,96.1,96.1,
Dragon Pearl,Red Tiger Gaming,96.1,96.1,
Easter Island,Yggdrasil Gaming,96.1,96.1,
Ecuador Gold,Elk Studios,96.1,96.1,
Elvis: The King Lives,WMS Gaming,96.1,96.1,
Emerald Diamond,Red Tiger Gaming,96.1,96.1,
Finn's Golden Tavern,Net Entertainment,96.1,96.1,
Flame Busters,Thunderkick,96.1,96.1,
Football Fans,Playtech,96.1,96.1,
Football Glory,Yggdrasil Gaming,96.1,96.1,
Frequent Flyer,Relax Gaming,96.1,96.1,
Frog Grog,Thunderkick,96.1,96.1,
Fruit Vegas,Mascot Gaming,96.1,96.1,
Full Moon Romance,Thunderkick,96.1,96.1,
Geisha's Fan,Tom Horn Gaming,96.1,96.1,
Gems of Adoria,Net Entertainment,96.1,96.1,
Go Wild,World Match,96.1,96.1,
Gods of Giza,Genesis Gaming,96.1,96.1,
Gold Lab,Quickspin,96.1,96.1,
Golden Grizzly,Skywind Group,96.1,96.1,
Good to Go,Microgaming,96.1,96.1,
Hanzo's Dojo,Yggdrasil Gaming,96.1,96.1,
Happy Days,Blueprint Gaming,96.1,96.1,
Highway Gold,Skywind Group,96.1,96.1,
Hot 4 Cash,Nolimit City,96.1,96.1,
Hot Triple Sevens,Evoplay Entertainment,96.1,96.1,
Hungry Night,Evoplay Entertainment,96.1,96.1,
Ice Cave,Playtech,96.1,96.1,
Ice Wolf,Elk Studios,96.1,96.1,
Incinerator,Yggdrasil Gaming,96.1,96.1,
Irish Reels,Evoplay Entertainment,96.1,96.1,
Jack in a Pot,Red Tiger Gaming,96.1,96.1,
Jaguar Temple,Thunderkick,96.1,96.1,
Jelly Boom,Evoplay Entertainment,96.1,96.1,
Jewel Strike,Blueprint Gaming,96.1,96.1,
Jungle Books,Yggdrasil Gaming,96.1,96.1,
Jungle Trouble,Ash Gaming,96.1,96.1,
Jungle Trouble,BGO Studios,96.1,96.1,
Karaoke Party,Microgaming,96.1,96.1,
La Fiesta,Relax Gaming,96.1,96.1,
Ladies Nite,Microgaming,96.1,96.1,
Legacy of the Wild,Playtech,96.1,96.1,
Legend of the White Snake Lady,Yggdrasil Gaming,96.1,96.1,
Let's Get Ready to Rumble,Relax Gaming,96.1,96.1,
Life of Riches,Microgaming,96.1,96.1,
Lights,Net Entertainment,96.1,96.1,
Loose Cannon,Microgaming,96.1,96.1,
Love Potion,Microgaming,96.1,96.1,
Lucky Symbols,Bee-Fee,96.1,96.1,
Mad Hatters,Microgaming,96.1,96.1,
Midnight Show,Evoplay Entertainment,96.1,96.1,
Mining Fever,Rabcat,96.1,96.1,
Miss Wildfire,Elk Studios,96.1,96.1,
My Slot,Microgaming,96.1,96.1,
Mystic Dreams,Microgaming,96.1,96.1,
Net Gains,Relax Gaming,96.1,96.1,
Nitropolis,Elk Studios,96.1,96.1,
North Storm,Rabcat,96.1,96.1,
Not Enough Kittens,Thunderkick,96.1,96.1,
Olympic Slots,GamesOS,96.1,96.1,
Orient Express,Yggdrasil Gaming,96.1,96.1,
Oriental Fortune,Microgaming,96.1,96.1,
Party Island,Microgaming,96.1,96.1,
Pink Elephants,Thunderkick,96.1,96.1,
Pink Elephants 2,Thunderkick,96.1,96.1,
Power Plant,Yggdrasil Gaming,96.1,96.1,
Pyrons,Yggdrasil Gaming,96.1,96.1,
Ramses' Revenge,Relax Gaming,96.1,96.1,
Reptoids,Yggdrasil Gaming,96.1,96.1,
Respin Mania,Skywind Group,96.1,96.1,
Rhyming Reels - Hearts and Tarts,Microgaming,96.1,96.1,
Rock the Cash Bar,Yggdrasil Gaming,96.1,96.1,
Rome And Glory,Playtech,96.1,96.1,
Sails of Fortune,Relax Gaming,96.1,96.1,
Scudamore's Super Stakes,Net Entertainment,96.1,96.1,
Secret Admirer,Microgaming,96.1,96.1,
Shooting Stars,Mazooma,96.1,96.1,
Shooting Stars Supernova,Mazooma,96.1,96.1,
Silent Run,Net Entertainment,96.1,96.1,
Sloth Tumble,Relax Gaming,96.1,96.1,
Snowfall Queen,Skywind Group,96.1,96.1,
Space Invaders,Ash Gaming,96.1,96.1,
Spinions Beach Party,Quickspin,96.1,96.1,
Spring Break,Microgaming,96.1,96.1,
Street Fighter II,Net Entertainment,96.1,96.1,
Subtopia,Net Entertainment,96.1,96.1,
Summertime,Microgaming,96.1,96.1,
Super Elephant,Skywind Group,96.1,96.1,
Super Heroes,Yggdrasil Gaming,96.1,96.1,
Super Jackpot Block Party,WMS Gaming,96.1,96.1,
Super Lion,Skywind Group,96.1,96.1,
Super Stea,Skywind Group,96.1,96.1,
Superheroes,World Match,96.1,96.1,
Tahiti Gold,Elk Studios,96.1,96.1,
Temple Stacks,Yggdrasil Gaming,96.1,96.1,
The Creepy Carnival,Nolimit City,96.1,96.1,
The Falcon Huntress,Thunderkick,96.1,96.1,
The Great Pigsby Megaways,Relax Gaming,96.1,96.1,
The Rat Pack,Microgaming,96.1,96.1,
The Royal Family,Yggdrasil Gaming,96.1,96.1,
The Wiz,Elk Studios,96.1,96.1,
Thunderstruck,Microgaming,96.1,96.1,
Tiger Moon,Microgaming,96.1,96.1,
TikiPop,Yggdrasil Gaming,96.1,96.1,
TNT Tumble,Relax Gaming,96.1,96.1,
Today's Weather,Genesis Gaming,96.1,96.1,
Top Dawg$,Relax Gaming,96.1,96.1,
Torii Tumble,Relax Gaming,96.1,96.1,
Tower Tumble,Relax Gaming,96.1,96.1,
Treasure Heroes,Rabcat,96.1,96.1,
Turning Totems,Thunderkick,96.1,96.1,
Vikings,Net Entertainment,96.1,96.1,
Vikings Go Berzerk,Yggdrasil Gaming,96.1,96.1,
Vikings Go To Hell,Yggdrasil Gaming,96.1,96.1,
Visitors,Elk Studios,96.1,96.1,
Voodoo Gold,Elk Studios,96.1,96.1,
Well of Wonders,Thunderkick,96.1,96.1,
Whisker Jones,1x2 Gaming,96.1,96.1,
Wild Chapo 2,Relax Gaming,96.1,96.1,
Wild Circus,Red Tiger Gaming,96.1,96.1,
Wild Heist at Peacock Manor,Thunderkick,96.1,96.1,
Wild Hike,Relax Gaming,96.1,96.1,
Wild Wishes,Ash Gaming,96.1,96.1,
Wild Yield,Relax Gaming,96.1,96.1,
Win Win,Elk Studios,96.1,96.1,
Yeti Battle of Greenhat Peak,Thunderkick,96.1,96.1,
Zeus III,WMS Gaming,96.1,96.1,
Dragon's Myth,Rabcat,96.1,96.1,
Batman and the Riddler Riches,Playtech,95.1,96.1,
Dragon Tribe,Nolimit City,94.4,96.1,
Poison Eve,Nolimit City,94.4,96.1,
Harlequin Carnival,Nolimit City,94.3,96.1,
Barbarian Fury,Nolimit City,94.2,96.1,
Bonus Bunnies,Nolimit City,94.2,96.1,
Milky Ways,Nolimit City,94.2,96.1,
Immortal Fruits,Nolimit City,94.1,96.1,
50s Pin-Up,World Match,92.8,96.1,
Country Life,World Match,92.8,96.1,
Egyptian Wild,World Match,92.2,96.1,
7s Wild,IGT,92.0,96.1,
Wheel of Fortune: Triple Extreme Spin,IGT,92.0,96.1,
Fortune Jump,Playtech,89.2,96.1,
House of Doom,Play'n Go,84.1,96.1,
Lights,NetEnt,96.1,96.1,
Silent Run,NetEnt,96.1,96.1,
Subtopia,NetEnt,96.1,96.1,
Wild Witches,NetEnt,96.1,96.1,
Hearts & Tarts,Games Global,96.1,96.1,
Ladies Nite,Games Global,96.1,96.1,
Spring Break,Games Global,96.1,96.1,
Thunderstruck,Games Global,96.1,96.1,
Seasons,Yggdrasil,96.1,96.1,
Incinerator,Yggdrasil,96.1,96.1,
Pyrons,Yggdrasil,96.1,96.1,
Legend of the Golden Monkey,Yggdrasil,96.1,96.1,
Bollywood Story,NetEnt,96.1,96.1,
Football Gladiators,StakeLogic,96.1,96.1,
Legend of the White Snake Lady,Yggdrasil,96.1,96.1,
Double Dragons,Yggdrasil,96.1,96.1,
Red Dragon Wild,iSoftBet,96.1,96.1,
Vikings Go Berzerk,Yggdrasil,96.1,96.1,
Cool Jewels,WMS,96.1,96.1,
Life of Riches,Games Global,96.1,96.1,
Spirits of the East,Merkur,96.1,96.1,
The Marvellous Mr Green,NetEnt,96.1,96.1,
Alaska Wild,CT Gaming,96.1,96.1,
Alchymedes,Yggdrasil,96.1,96.1,
Roasty McFry and the Flame Busters,Thunderkick,96.1,96.1,
Tiger Moon,Aristocrat,96.1,96.1,
Black Beauty,Bally Wulff,96.1,96.1,
Forest Band,Amusnet,96.1,96.1,
Secrets of Alchemy,Amusnet,96.1,96.1,
Henry VIII,Inspired Gaming,96.1,96.1,
Monopoly Bring the House Down,Barcrest,96.1,96.1,
Totem Treasures,Inspired Gaming,96.1,96.1,
Jackpot Gems,Blueprint,96.1,96.1,
12 Zodiacs,Habanero,96.1,96.1,
Buggy Bonus,Habanero,96.1,96.1,
Jungle Books,Yggdrasil,96.1,96.1,
Colin the Cat,Wazdan,96.1,96.1,
Turbo Play,Wazdan,96.1,96.1,
Magic Fruits 4,Wazdan,96.1,96.1,
Magic Hot 4,Wazdan,96.1,96.1,
Rumpel Thrill Spins,Genesis,96.1,96.1,
The King Panda,Booming Games,3.9,96.1,96.1
Starburst,NetEnt,96.09,96.09,
Jewel Strike,Blueprint,96.09,96.09,
Thor's Hammer,Bally Wulff,96.09,96.09,
Queen Of The North,Bally Wulff,96.09,96.09,
Heart of the Frontier,Playtech,96.09,96.09,
The Explorers,Amusnet,96.09,96.09,
Fortune Spells,Amusnet,96.09,96.09,
Book of Magic,Amusnet,96.09,96.09,
Versailles Gold,Amusnet,96.09,96.09,
The Secrets of London,Amusnet,96.09,96.09,
Savanna's Life,Amusnet,96.09,96.09,
Disco Funk,Habanero,96.09,96.09,
Demon Jack 27,Wazdan,96.09,96.09,
Just Hot HD,Play Labs,96.09,96.09,
Rhyming Reels - Hearts Tarts,Games Global,96.09,96.09,
Jewel of the Arts,IGT,96.08,96.08,
Mad Hatters,Games Global,96.08,96.08,
Phoenix Sun,Quickspin,96.08,96.08,
Secret Admirer,Games Global,96.08,96.08,
Crown Gems Hi Roller,Barcrest,96.08,96.08,
Sticky Diamonds,Gamomat,96.08,96.08,
Penguin Style,Amusnet,96.08,96.08,
Hot & Cash,Amusnet,96.08,96.08,
Spanish Passion,Amusnet,96.08,96.08,
Like a Diamond,Amusnet,96.08,96.08,
El Torero,Reel Time Gaming,96.08,96.08,
Sky's the Limit,Habanero,96.08,96.08,
Egyptian Dreams,Habanero,96.08,96.08,
24,iSoftBet,96.07,96.07,
Jungle trouble,Playtech,96.04,96.07,96.07
The Catfather Part II,Pragmatic Play,96.07,96.07,
Crazy Chameleons,Games Global,96.07,96.07,
Maaax Diamonds,Bally Wulff,96.07,96.07,
The White Wolf,Amusnet,96.07,96.07,
Legendary Rome,Amusnet,96.07,96.07,
Mad Men and Nuclear War,BF games,96.07,96.07,
Black Horse,Wazdan,96.07,96.07,
Queen of Oceans HD,Play Labs,96.07,96.07,
Mystic Dreams,Games Global,96.06,96.06,
Batman & The Penguin Prize,Playtech,96.06,96.06,
Fancy Fruits,Gamomat,96.06,96.06,
As the Reels Turn 2,Rival Gaming,96.06,96.06,
Lucky Reels,Playson,96.06,96.06,
Cyber Ninja,The Better Platform,96.06,96.06,
Venice Carnival,The Better Platform,96.06,96.06,
The Lost Riches of Amazon,Foxium,96.06,96.06,
Arcane Elements,Habanero,96.06,96.06,
Bird of Thunder,Habanero,96.06,96.06,
Sir Blingalot,Habanero,96.06,96.06,
CLUEDO Spinning Detectives,WMS,96.06,96.06,
Spinions,Quickspin,96.05,96.05,
Inferno,Gamshy,96.05,96.05,
Top o' the Money,Novomatic,96.05,96.05,
Mayan Spirit,Amusnet,96.05,96.05,
Zeus God of Thunder,WMS,96.01,96.05,96.05
Reel Rich Devil,WMS,96.05,96.05,
Roman Empire,Habanero,96.05,96.05,
Sparta,Habanero,96.05,96.05,
Stunning 27,BF games,96.05,96.05,
Vegas Hot,Wazdan,96.05,96.05,
Fire Bird,Wazdan,96.05,96.05,
Knockout Wins,Merkur,96.05,96.05,
Bulls Eye,Games Global,96.04,96.04,
Wheel of Wealth,Games Global,96.04,96.04,
Batman & Mr Freeze Fortune,Playtech,96.04,96.04,
Tropical Adventure,StakeLogic,96.04,96.04,
Valkyries of Odin,StakeLogic,96.04,96.04,
Halloween,Amusnet,96.04,96.04,
Dark Queen,Amusnet,96.04,96.04,
Oil Company II,Amusnet,96.04,96.04,
Nudging Gems,Cayetano Gaming,96.04,96.04,
Dragon's Throne,Habanero,96.04,96.04,
Zeus 2,Habanero,96.04,96.04,
Rodeo Drive,Habanero,96.04,96.04,
Transylvanian Beauty,BF games,96.04,96.04,
Monster Wheels,Games Global,96.04,96.04,
Jackpot Bells,Playtech,96.03,96.03,
Leprechaun Legends,Genesis,96.03,96.03,
1421 Voyages of Zheng He,IGT,96.03,96.03,
Juicy Booty,SUNFOX Games,96.03,96.03,
Rainbow Queen,Amusnet,96.03,96.03,
Blue Heart,Amusnet,96.03,96.03,
100 Cats,Amusnet,96.03,96.03,
Enchanted Fairy,WMS,96.03,96.03,
Zeus,Habanero,96.03,96.03,
Barnstormer Bucks,Habanero,96.03,96.03,
Queen of Queens II,Habanero,96.03,96.03,
80 Day Adventure HD,Play Labs,96.03,96.03,
Crazy Pop,GamesLab,95.082,96.022,96.022
Elements: The Awakening,NetEnt,96.02,96.02,
Retro Reels,Games Global,96.02,96.02,
Dreams of Fortune,2by2 Gaming,96.02,96.02,
Wolf heart,2by2 Gaming,96.02,96.02,
Snow Queen,2by2 Gaming,96.02,96.02,
Double Bubble,Roxor Gaming,96.02,96.02,
The Jungle II,Magic Dreams,96.02,96.02,
Mr. Billionaire,Leander Games,96.02,96.02,
The Story of Alexander,Amusnet,96.02,96.02,
Lucky Bakery,Foxium,96.02,96.02,
Apollo God of The Sun,Greentube,96.02,96.02,
Coyote Crash,Habanero,96.02,96.02,
Indian Cash Catcher,Habanero,96.02,96.02,
Dr Feelgood,Habanero,96.02,96.02,
Super Strike,Habanero,96.02,96.02,
Golden Chief,Barcrest,96.02,96.02,
Pirate's Plunder,Habanero,96.02,96.02,
Shaolin Fortunes,Habanero,96.02,96.02,
Night Vampire HD,Play Labs,96.02,96.02,
Wild Beats,Playtech,96.01,96.01,
Avalon,Games Global,96.01,96.01,
Lucky Zodiac,Games Global,96.01,96.01,
Mount Olympus,Games Global,96.01,96.01,
Gunsmoke,2by2 Gaming,96.01,96.01,
Haul of Hades,Greentube,96.01,96.01,
Michael Jackson King of Pop,Bally,96.01,96.01,
Space Corsairs,Playson,96.01,96.01,
The Heat Is On,MahiGaming,96.01,96.01,
Sovereign Of The Seven Seas,Games Global,96.01,96.01,
KGB Bears,The Games Company,96.01,96.01,
Light Racers,The Games Company,96.01,96.01,
Forbidden Throne,MahiGaming,96.01,96.01,
Wolf Gold,Pragmatic Play,96.01,96.01,
Age of Troy,Amusnet,96.01,96.01,
Gold Dust,Amusnet,96.01,96.01,
Lucky Miners,Spinomenal,96.01,96.01,
Shogun bots,Spinomenal,96.01,96.01,
Energy Fruits,BF games,96.01,96.01,
Energy Stars,BF games,96.01,96.01,
Stunning Hot,BF games,96.01,96.01,
Stunning Hot 20 Deluxe,BF games,96.01,96.01,
Magicious,Thunderkick,96.0,96.0,
Temple Quest,Big Time Gaming,96.0,96.0,
MONOPOLY Big Event,Barcrest,96.0,96.0,
Ooh Aah Dracula,Barcrest,96.0,96.0,
27 Hot Lines Deluxe Edition,Zeus Play,96.0,96.0,
3 Elements,Connective Games,96.0,96.0,
40 Flaming Lines,Zeus Play,96.0,96.0,
5G Turbo,Connective Games,96.0,96.0,
Abby and the Witch,Zeus Play,96.0,96.0,
Adventures Beyond Wonderland,Ash Gaming,96.0,96.0,
Arabian Dream and the Magic Lamps,Zeus Play,96.0,96.0,
Arctic Treasure,Playtech,96.0,96.0,
Asian Fantasy,Skywind Group,96.0,96.0,
Astro Fruit,OpenBet,96.0,96.0,
Avalon,Microgaming,96.0,96.0,
Aztec Treasure 3 Reel,Betsoft,96.0,96.0,
Batman and Mr Freeze Fortune,Playtech,96.0,96.0,
Battle Maidens,1x2 Gaming,96.0,96.0,
Big Bang,Net Entertainment,96.0,96.0,
Birds on a Wire,Thunderkick,96.0,96.0,
Black Mummy,Tom Horn Gaming,96.0,96.0,
Blood Lust,Elk Studios,96.0,96.0,
Bonanza,Big Time Gaming,96.0,96.0,
Book of Ming,Bee-Fee,96.0,96.0,
Book of Rest,Evoplay Entertainment,96.0,96.0,
BountyPop,Yggdrasil Gaming,96.0,96.0,
Brutal Santa,Evoplay Entertainment,96.0,96.0,
Buffalo Blitz,Playtech,96.0,96.0,
Bullseye,Microgaming,96.0,96.0,
Cashville,Microgaming,96.0,96.0,
Cazino Cosmos,Yggdrasil Gaming,96.0,96.0,
Cazino Zeppelin,Yggdrasil Gaming,96.0,96.0,
Chase the Cheese,Betsoft,96.0,96.0,
Chi,Elk Studios,96.0,96.0,
Cluedo,IGT,96.0,96.0,
Cluster Slide,Elk Studios,96.0,96.0,
Combat Masters,Skywind Group,96.0,96.0,
Cool Buck 5 Reel,Microgaming,96.0,96.0,
Crazy Jewelry,Sheriff Gaming,96.0,96.0,
Crystal Forest,WMS Gaming,96.0,96.0,
Crystal Rift,Rabcat,96.0,96.0,
Diamond Hill,Tom Horn Gaming,96.0,96.0,
Diamond Jackpot,Betsoft,96.0,96.0,
Dino's Rhino,Sheriff Gaming,96.0,96.0,
Doctor Doctor,Microgaming,96.0,96.0,
Don Juan's Peppers,Tom Horn Gaming,96.0,96.0,
Double Bubble,Gamesys,96.0,96.0,
Double Bubble Jackpot,Gamesys,96.0,96.0,
Double Buffalo Spirit,WMS Gaming,96.0,96.0,
Double Dragons,Yggdrasil Gaming,96.0,96.0,
Double Scatter 7's,Skywind Group,96.0,96.0,
Doubles,Yggdrasil Gaming,96.0,96.0,
Dragon Riches,Tom Horn Gaming,96.0,96.0,
Dragon Riches Progressive,Tom Horn Gaming,96.0,96.0,
Dragon Tale,Viaden,96.0,96.0,
Dragon's Inferno,WMS Gaming,96.0,96.0,
Dream Zone,Elk Studios,96.0,96.0,
Drone Wars,Genesis Gaming,96.0,96.0,
Druids' Dream,Net Entertainment,96.0,96.0,
Egypt Cash,Skywind Group,96.0,96.0,
Electric SAM,ELK Studios,96.0,96.0,
Elements: The Awakening,Net Entertainment,96.0,96.0,
Elvis Frog in Vegas,BGaming,96.0,96.0,
EmotiCoins,Microgaming,96.0,96.0,
Epic Ape,Playtech,96.0,96.0,
Epic Monopoly 2,WMS Gaming,96.0,96.0,
Esqueleto Explosivo,Thunderkick,96.0,96.0,
Exploding Fruits,Evoplay Entertainment,96.0,96.0,
Extreme,Sheriff Gaming,96.0,96.0,
Faerie Nights,1x2 Gaming,96.0,96.0,
Fire Queen,WMS Gaming,96.0,96.0,
Fire Twenty Deluxe,Zeus Play,96.0,96.0,
Fluffy Rangers,Evoplay Entertainment,96.0,96.0,
Football Girls,Playtech,96.0,96.0,
Football Legends,Playtech,96.0,96.0,
Forest Dreams,Evoplay Entertainment,96.0,96.0,
Fortune Cookie,Microgaming,96.0,96.0,
Fortune Farm,Sheriff Gaming,96.0,96.0,
Forty Flaming Lines,Zeus Play,96.0,96.0,
Frankie Dettori's Magic Seven,Playtech,96.0,96.0,
Freaky Fruits,GamesOS,96.0,96.0,
Fruit O Matic,Connective Games,96.0,96.0,
Gangster's Party,Connective Games,96.0,96.0,
Golden Dice 3,Zeus Play,96.0,96.0,
Golden Games,Playtech,96.0,96.0,
Golden Princess,Microgaming,96.0,96.0,
Gonzo's Quest,Net Entertainment,96.0,96.0,
Gorilla Kingdom,Net Entertainment,96.0,96.0,
Great Blue,Playtech,96.0,96.0,
Green Diamond,1x2 Gaming,96.0,96.0,
Hades,Yggdrasil Gaming,96.0,96.0,
Harveys,Microgaming,96.0,96.0,
Haul of Hades,Mazooma,96.0,96.0,
Here Comes Summer,1x2 Gaming,96.0,96.0,
Hit it Big,Elk Studios,96.0,96.0,
Hot 5 Deluxe,Zeus Play,96.0,96.0,
Hot Gems,Playtech,96.0,96.0,
Hot Rod Racers,Relax Gaming,96.0,96.0,
Hot'n'Fruity,Tom Horn Gaming,96.0,96.0,
Hunky Heroes,Microgaming,96.0,96.0,
Hyperburst,Yggdrasil Gaming,96.0,96.0,
I am the Law,1x2 Gaming,96.0,96.0,
Inca's Treasure,Tom Horn Gaming,96.0,96.0,
Invaders from the Planet Moolah,WMS Gaming,96.0,96.0,
Io,Elk Studios,96.0,96.0,
Jaguar Gold,Skywind Group,96.0,96.0,
Joker Jester,NextGen Gaming,96.0,96.0,
Joker Reelz,Tom Horn Gaming,96.0,96.0,
Juicy Booty,Ash Gaming,96.0,96.0,
Juicy Ninja,1x2 Gaming,96.0,96.0,
Jungle Jim,Microgaming,96.0,96.0,
Just a Game,Connective Games,96.0,96.0,
Just Hot,World Match,96.0,96.0,
Knockout Diamonds,Elk Studios,96.0,96.0,
Kongo Bongo,Tom Horn Gaming,96.0,96.0,
Le Mystere du Prince,Zeus Play,96.0,96.0,
Legend of the Golden Monkey,Yggdrasil Gaming,96.0,96.0,
Lost Vegas,Microgaming,96.0,96.0,
Lucky Firecracker,Microgaming,96.0,96.0,
Lucky Zodiac,Microgaming,96.0,96.0,
Lunaris,WMS Gaming,96.0,96.0,
Mad Scientist,Betsoft,96.0,96.0,
Magic Maid Cafe,Net Entertainment,96.0,96.0,
Max Damage,Microgaming,96.0,96.0,
Mayan Magic Wildfire,Nolimit City,96.0,96.0,
Mechanical Orange,BGaming,96.0,96.0,
Micro Knights,Elk Studios,96.0,96.0,
Mighty Trio,Skywind Group,96.0,96.0,
Miss Candy,Skywind Group,96.0,96.0,
Money Cart 3,Relax Gaming,96.0,96.0,
Monster Madness,Tom Horn Gaming,96.0,96.0,
Monster Wheels,Microgaming,96.0,96.0,
Mount Olympus,Genesis Gaming,96.0,96.0,
Mr. Illusio,Connective Games,96.0,96.0,
Necromancer,Evoplay Entertainment,96.0,96.0,
Neon Fruit,1x2 Gaming,96.0,96.0,
Neon Fruit Cityscape,1x2 Gaming,96.0,96.0,
Night Vampire,World Match,96.0,96.0,
Noughty Crosses,Cryptologic,96.0,96.0,
Nuke World,Evoplay Entertainment,96.0,96.0,
Ocean's Treasure,Net Entertainment,96.0,96.0,
Osiris Temple,Connective Games,96.0,96.0,
Pharaoh's Tomb,Sheriff Gaming,96.0,96.0,
Pots of Luck,1x2 Gaming,96.0,96.0,
Prime Property,Microgaming,96.0,96.0,
Prison Escape,1x2 Gaming,96.0,96.0,
Queen of Embers,1x2 Gaming,96.0,96.0,
Queen of Oceans,World Match,96.0,96.0,
Rain Balls,Skywind Group,96.0,96.0,
Red Flag Fleet,WMS Gaming,96.0,96.0,
Red Lights,Tom Horn Gaming,96.0,96.0,
Red Temple,Connective Games,96.0,96.0,
Reel Desire,Yggdrasil Gaming,96.0,96.0,
Reel Diamonds,1x2 Gaming,96.0,96.0,
Reel Fruits,1x2 Gaming,96.0,96.0,
Rhyming Reels - Georgie Porgie,Microgaming,96.0,96.0,
Rich Reels,Evoplay Entertainment,96.0,96.0,
Rise of Horus,Evoplay Entertainment,96.0,96.0,
River of Riches,Rabcat,96.0,96.0,
Rocket Stars,Evoplay Entertainment,96.0,96.0,
Roman Chariots,WMS Gaming,96.0,96.0,
Royal Gems,Red Tiger Gaming,96.0,96.0,
Season Sisters,Evoplay Entertainment,96.0,96.0,
Secret Romance,Microgaming,96.0,96.0,
Secrets of Horus,Net Entertainment,96.0,96.0,
Sherlock of London,Rabcat,96.0,96.0,
Sherlock's Casebook,1x2 Gaming,96.0,96.0,
Showers,Spigo,96.0,96.0,
Showers: Circus Edition,Spigo,96.0,96.0,
Si Xiang,Playtech,96.0,96.0,
Sinister Circus,1x2 Gaming,96.0,96.0,
Smile,Connective Games,96.0,96.0,
Snake Eyes,Zeus Play,96.0,96.0,
Space Christmas,1x2 Gaming,96.0,96.0,
Sprinkle,Evoplay Entertainment,96.0,96.0,
Star Frenzy,Zeus Play,96.0,96.0,
Starlight,Spigo,96.0,96.0,
Strolling Staxx,Net Entertainment,96.0,96.0,
Strolling Staxx: Cubic Fruits,Net Entertainment,96.0,96.0,
Stunning 27,Bee-Fee,96.0,96.0,
Sun Wukong,Playtech,96.0,96.0,
Sunny Scoops,Thunderkick,96.0,96.0,
Surf Zone,Evoplay Entertainment,96.0,96.0,
Sweet Crush,Tom Horn Gaming,96.0,96.0,
Syncronite,Yggdrasil Gaming,96.0,96.0,
Temple of Nudges,Net Entertainment,96.0,96.0,
Tex Co Co,Connective Games,96.0,96.0,
The Da Vinci Device,1x2 Gaming,96.0,96.0,
The Explorers' Quest,Zeus Play,96.0,96.0,
The Grand Galore,Elk Studios,96.0,96.0,
The Great Galaxy Grab,Microgaming,96.0,96.0,
The King's Cashtle,Sheriff Gaming,96.0,96.0,
The Lost Temple,Zeus Play,96.0,96.0,
The Phantom of the Opera,Microgaming,96.0,96.0,
The Secret of Ba,Tom Horn Gaming,96.0,96.0,
The Slavs,Evoplay Entertainment,96.0,96.0,
The Wizard of Oz Wicked Riches,WMS Gaming,96.0,96.0,
Theseus Rises,1x2 Gaming,96.0,96.0,
Thor: Hammer Time,Nolimit City,96.0,96.0,
Top Trumps Celebs,Playtech,96.0,96.0,
Tractor Beam,Nolimit City,96.0,96.0,
Trip to the Future,Evoplay Entertainment,96.0,96.0,
Trolls Bridge,Yggdrasil Gaming,96.0,96.0,
Under the Waves,1x2 Gaming,96.0,96.0,
Valley of Spirits,Skywind Group,96.0,96.0,
Valley of the Gods 2,Yggdrasil Gaming,96.0,96.0,
Vampire Hunters,1x2 Gaming,96.0,96.0,
Vault of Fortune,Yggdrasil Gaming,96.0,96.0,
Vegas Diamonds,Elk Studios,96.0,96.0,
Viking Quest,Big Time Gaming,96.0,96.0,
Western Reels,Evoplay Entertainment,96.0,96.0,
What on Earth,Microgaming,96.0,96.0,
Wild Charger,Zeus Play,96.0,96.0,
Wild Five,Skywind Group,96.0,96.0,
Wild Gambler: Arctic Adventure,Ash Gaming,96.0,96.0,
Wild-O-Tron 3000,Net Entertainment,96.0,96.0,
Wildchemy,Relax Gaming,96.0,96.0,
Wishing You Fortune,WMS Gaming,96.0,96.0,
Zanzibar,WMS Gaming,96.0,96.0,
Zeus 1000,WMS Gaming,96.0,96.0,
Zhao Cai Jin Bao,Playtech,96.0,96.0,
Zoo Zillionaire,Sheriff Gaming,96.0,96.0,
Age of the Gods: King of Olympus,Playtech,95.0,96.0,
Batman and the Batgirl Bonanza,Playtech,95.0,96.0,
Yahtzee,WMS Gaming,94.9,96.0,
Shadow of the Panther,High 5 Games,96.0,96.0,
243 Crystal Fruits Reversed,Tom Horn Gaming,94.7,96.0,
Deadwood,Nolimit City,94.2,96.0,
Golden Genie,Nolimit City,94.1,96.0,
Punk Rocker,Nolimit City,94.1,96.0,
243 Crystal Fruits,Tom Horn Gaming,94.0,96.0,
Barkin' Mad,Barcrest,96.0,96.0,
Fields of Clover,1x2 Gaming,94.0,96.0,
Frozen Queen,Tom Horn Gaming,94.0,96.0,
Sherlock: A Scandal in Bohemia,Tom Horn Gaming,94.0,96.0,
Tiger King,Connective Games,94.0,96.0,
Wild Knights,Barcrest,94.0,96.0,
Wild Weather,Tom Horn Gaming,94.0,96.0,
Fire Horse,IGT,96.0,96.0,
1421: Voyages of Zheng He,IGT,92.1,96.0,
Wheel of Fortune: Ultra 5 Reels,IGT,92.0,96.0,
Baker's Treat,Play'n Go,84.2,96.0,
Big Bang,NetEnt,96.0,96.0,
Mega Fortune Slot,NetEnt,96.0,96.0,
Secrets of Horus,NetEnt,96.0,96.0,
Fish Party,Games Global,96.0,96.0,
Win Spinner,Games Global,96.0,96.0,
Cazino Zeppelin,Yggdrasil,96.0,96.0,
Doubles,Yggdrasil,96.0,96.0,
4 of a King,Endorphina,96.0,96.0,
Blast Boom Bang,Endorphina,96.0,96.0,
Football,Endorphina,96.0,96.0,
Chimney Sweep,Endorphina,96.0,96.0,
Fairy Tale,Endorphina,96.0,96.0,
Fresh Fruits,Endorphina,96.0,96.0,
Geisha,Endorphina,96.0,96.0,
Gems & Stones,Endorphina,96.0,96.0,
Gladiators,Endorphina,96.0,96.0,
Ice Pirates,Endorphina,96.0,96.0,
Jetsetter,Endorphina,96.0,96.0,
Macarons,Endorphina,96.0,96.0,
Minotaurus,Endorphina,96.0,96.0,
Mongol Treasures,Endorphina,96.0,96.0,
More Fresh Fruits,Endorphina,96.0,96.0,
Origami,Endorphina,96.0,96.0,
Pachamama,Endorphina,96.0,96.0,
Retromania,Endorphina,96.0,96.0,
Safari,Endorphina,96.0,96.0,
Satoshi's Secret,Endorphina,96.0,96.0,
Shaman,Endorphina,96.0,96.0,
Sparkling Fresh,Endorphina,96.0,96.0,
Stone Age,Endorphina,96.0,96.0,
Sushi,Endorphina,96.0,96.0,
Temple Cats,Endorphina,96.0,96.0,
The Emirate,Endorphina,96.0,96.0,
The King,Endorphina,96.0,96.0,
The Ninja,Endorphina,96.0,96.0,
The Vampires,Endorphina,96.0,96.0,
The Vikings,Endorphina,96.0,96.0,
Ultra Fresh,Endorphina,96.0,96.0,
Undine's Deep,Endorphina,96.0,96.0,
Urartu,Endorphina,96.0,96.0,
Wild Fruits,Endorphina,96.0,96.0,
Voodoo,Endorphina,96.0,96.0,
Twerk,Endorphina,96.0,96.0,
Gunslinger,Others,96.0,96.0,
Plumbo,Betsoft,96.0,96.0,
Wizard's Castle,Betsoft,96.0,96.0,
Reel Spinner,Games Global,96.0,96.0,
Tarzan,Games Global,96.0,96.0,
Cannonball Bay,Games Global,96.0,96.0,
Cloud Tales,iSoftBet,95.0,96.0,95.0
World Tour,iSoftBet,95.0,96.0,95.0
2016 Gladiators,Endorphina,96.0,96.0,
Lost Vegas,Games Global,96.0,96.0,
Greener Pasteur,2by2 Gaming,96.0,96.0,
Double Play SuperBet,NextGen,96.0,96.0,
Miss Midas,NextGen,95.0,96.0,95.0
Volcano Eruption,NextGen,95.0,96.0,95.0
Judge Dredd,NextGen,95.0,96.0,95.0
Extra Cash!!,NextGen,95.0,96.0,95.0
Fire Hawk,NextGen,95.0,96.0,95.0
Joker Jester,NextGen,96.0,96.0,
Love Bugs,NextGen,95.0,96.0,95.0
Dragon's Pearl,Amatic Industries,96.0,96.0,
Slick Riches,Novomatic,96.0,96.0,
EiG2016,Endorphina,96.0,96.0,
221B Baker Street,Merkur,96.0,96.0,
Bonanza Megaways,Big Time Gaming,96.0,96.0,
88 Fortunes Slot 🎰 Review and Play for free,Light and Wonder,96.0,96.0,
Dreams & Dollars,StakeLogic,96.0,96.0,
Fu Dao Le,Bally,96.0,96.0,
Hercules High & Mighty,Barcrest,96.0,96.0,
Batman & The Batgirl Bonanza,Playtech,96.0,96.0,
Honey Bee,edict,96.0,96.0,
Fruit vs Candy,Games Global,96.0,96.0,
Conga Party,Bluberi,96.0,96.0,
Maori,Endorphina,96.0,96.0,
Faeries Fortune,Games Global,96.0,96.0,
Winstar,Blueprint,96.0,96.0,
Secret Romance,Games Global,96.0,96.0,
Atomic Age,Rival Gaming,96.0,96.0,
Goldenman,Rival Gaming,96.0,96.0,
Jenny Nevada,Rival Gaming,96.0,96.0,
Ocean Treasure,Rival Gaming,96.0,96.0,
Reel Party Platinum,Rival Gaming,96.0,96.0,
Travel Bug,Rival Gaming,96.0,96.0,
Fruit Loot,Concept Gaming,96.0,96.0,
The Diamond Vapor,Endorphina,96.0,96.0,
Zombie Escape,The Better Platform,96.0,96.0,
Fruit-O-Matic,FUGA Gaming,96.0,96.0,
Wild Gambler - Arctic Adventures,Ash Gaming,89.9,96.0,96.0
Chunjie,Endorphina,96.0,96.0,
Candy Cash,1X2gaming,96.0,96.0,
Ocean's Secret,FUGA Gaming,96.0,96.0,
Mr. Illusio,FUGA Gaming,96.0,96.0,
Emperor's Gold,Barcrest,96.0,96.0,
Dawn Of The Bread,Games Global,96.0,96.0,
Foamy Fortunes,Games Global,96.0,96.0,
Cool Buck 2017,Games Global,96.0,96.0,
Cherry Blast,Iron Dog Studio,96.0,96.0,
The Olympic Slots,iSoftBet,96.0,96.0,
Slotomoji,Endorphina,96.0,96.0,
Lucky3,iSoftBet,96.0,96.0,
2027 ISS,Endorphina,96.0,96.0,
White Buffalo,Amaya,96.0,96.0,
King Kong: Island of Skull Mountain,NYX Gaming Group,96.0,96.0,
Cuckoo,Endorphina,96.0,96.0,
Lady Jester,Novomatic,96.0,96.0,
Crystal Odyssey,Eurocoin Interactive,96.0,96.0,
Big Buck Bunny,Merkur,96.0,96.0,
Power plant,Yggdrasil,96.0,96.0,
In Jazz,Endorphina,96.0,96.0,
Big Rex,WMS,96.0,96.0,
Eternal Desire,ZeusPlay,96.0,96.0,
Dr. Jekyll Goes Wild,Barcrest,96.0,96.0,
Wizard of Oz Road to Emerald City,WMS,96.0,96.0,
Joker Poker,FUGA Gaming,96.0,96.0,
7UP!,Endorphina,96.0,96.0,
Grand Crown,NeoGames,96.0,96.0,
Sinful Spins,Amaya,96.0,96.0,
Reel Bandits,NeoGames,96.0,96.0,
More Lucky & Wild,Amusnet,96.0,96.0,
Cybermafia,FUGA Gaming,96.0,96.0,
Qixi Festival,GamePlay,96.0,96.0,
Queen Bee,GamePlay,96.0,96.0,
Atlantis: City of Destiny,Inspired Gaming,95.0,96.0,96.0
Frozen Fruits,Games Warehouse,96.0,96.0,
Jungle Bucks,OpenBet,96.0,96.0,
Monster Cash,OpenBet,96.0,96.0,
Fortune Teller,Amaya,96.0,96.0,
Lucky Bomber,GamePlay,96.0,96.0,
Paradise Beach,SkillOnNet,96.0,96.0,
The Reel Deal,SkillOnNet,95.7,96.0,96.0
All Ways Fruits,Amatic Industries,96.0,96.0,
Bells On Fire,Amatic Industries,96.0,96.0,
White Wizard Deluxe,Eyecon,96.0,96.0,
Bombs Away,Habanero,96.0,96.0,
Fa Cai Shen,Habanero,96.0,96.0,
Fort Brave,Bally Wulff,96.0,96.0,
Gangsters,Habanero,96.0,96.0,
Blazing Tires,Spinomenal,96.0,96.0,
Ruffled Up,Habanero,96.0,96.0,
Super Twister,Habanero,96.0,96.0,
Ocean's Call,Habanero,96.0,96.0,
Gold Rush,Habanero,96.0,96.0,
Treasure Tomb,Habanero,96.0,96.0,
Treasure Diver,Habanero,96.0,96.0,
Monster Mash Cash,Habanero,96.0,96.0,
Little Green Money,Habanero,96.0,96.0,
Mystic Fortune,Habanero,96.0,96.0,
Mr Bling,Habanero,96.0,96.0,
Flying High,Habanero,96.0,96.0,
Pucker Up Prince,Habanero,96.0,96.0,
Ride 'em Cowboy,Habanero,96.0,96.0,
The Big Deal,Habanero,96.0,96.0,
Arctic Wonders,Habanero,96.0,96.0,
All For One,Habanero,96.0,96.0,
Aztlan's Gold,Habanero,96.0,96.0,
Dragon's Realm,Habanero,96.0,96.0,
King Tut's Tomb,Habanero,96.0,96.0,
Queen of Queens,Habanero,96.0,96.0,
Precious Treasures,Spinomenal,96.0,96.0,
Reel Circus,Spinomenal,96.0,96.0,
Surprising 7,Spinomenal,96.0,96.0,
Toys of Joy,Spinomenal,96.0,96.0,
Wild Wild Spin,Spinomenal,96.0,96.0,
Cold As Ice,BF games,96.0,96.0,
Arising Phoenix,Amatic Industries,96.0,96.0,
Big Panda,Amatic Industries,96.0,96.0,
Billys Game,Amatic Industries,96.0,96.0,
Casanova,Amatic Industries,96.0,96.0,
Casinova,Amatic Industries,96.0,96.0,
Diamond Cats,Amatic Industries,96.0,96.0,
Dragon's Kingdom,Amatic Industries,96.0,96.0,
Railroad,Merkur,96.0,96.0,
Fortunas Fruits,Amatic Industries,96.0,96.0,
Grand Tiger,Amatic Industries,96.0,96.0,
Hot 81,Amatic Industries,96.0,96.0,
Hot Diamonds,Amatic Industries,96.0,96.0,
Hot Scatter,Amatic Industries,96.0,96.0,
Hot Star,Amatic Industries,96.0,96.0,
Hot Twenty,Amatic Industries,96.0,96.0,
Lovely Lady,Amatic Industries,96.0,96.0,
Lucky Bells,Amatic Industries,96.0,96.0,
Lucky Coin,Amatic Industries,96.0,96.0,
Magic Idol,Amatic Industries,96.0,96.0,
Magic Owl,Amatic Industries,96.0,96.0,
Merry Fruits,Amatic Industries,96.0,96.0,
Party Time,Amatic Industries,96.0,96.0,
Royal Unicorn,Amatic Industries,96.0,96.0,
Tasty Street,Games Global,96.0,96.0,
Wild 7,Amatic Industries,96.0,96.0,
Wild Respin,Amatic Industries,96.0,96.0,
Wild Shark,Amatic Industries,96.0,96.0,
Vegas Wins,Booming Games,96.0,96.0,
Aztec Gold Fortune of the Gods,Ash Gaming,95.993,95.993,
Cashville,Games Global,95.99,95.99,
Drone Wars,Games Global,95.99,95.99,
Prime Property,Games Global,95.99,95.99,
Magic Charms,Games Global,95.99,95.99,
Magic Book 6,Bally Wulff,95.99,95.99,
Fire N' Fortune,2by2 Gaming,95.99,95.99,
Spellcast,NetEnt,95.98,95.98,
Max Damage,Games Global,95.98,95.98,
Bridezilla,Games Global,95.98,95.98,
Enchanting Spells,2by2 Gaming,95.98,95.98,
Alien Spinvasion!,Rival Gaming,95.98,95.98,
Wicked Witch,Habanero,95.98,95.98,
Jugglenaut,Habanero,95.98,95.98,
Pamper Me,Habanero,95.98,95.98,
Double O Dollars,Habanero,95.98,95.98,
Gonzo's Quest,NetEnt,95.97,95.97,
Georgie Porgie,Games Global,95.97,95.97,
Dancing in Rio,WMS,95.97,95.97,
John Doe,StakeLogic,95.97,95.97,
Witches' Charm,Amusnet,95.97,95.97,
Rise of Ra,Amusnet,95.97,95.97,
Mummy Money,Habanero,95.97,95.97,
Boomanji,Betsoft,95.96,95.96,
Hot Frootastic,Barcrest,95.96,95.96,
Kingdom Of Fortune,Blueprint,95.96,95.96,
Carnival Cash,Habanero,95.96,95.96,
Cashosaurus,Habanero,95.96,95.96,
Go! Monkey,Pragmatic Play,95.95,95.95,
Texas Tycoon,Bally Wulff,95.95,95.95,
Monopoly Big Money Reel,WMS,95.95,95.95,
Jungle Jump,Gamesys,95.94,95.94,
Magic Mirror,edict,95.94,95.94,
Gold Rush,Rival Gaming,95.94,95.94,
Li'l Red Riches,WMS,95.94,95.94,
The Cheshire Cat,WMS,95.94,95.94,
Witch Pickings,NextGen,95.938,95.938,
Neopolis,R. Franco,95.937,95.937,
Piggy Fortune,Games Global,95.93,95.93,
Christmas Eve,Playson,95.93,95.93,
Sakura,The Better Platform,95.93,95.93,
Kingdom of Wealth,Blueprint,95.93,95.93,
Wild Vegas,Cozy,95.93,95.93,
Rolling in the Dough,Cozy,95.93,95.93,
Plushie Pleasure,Cozy,95.93,95.93,
Easter Bunny,Cozy,95.93,95.93,
Gas Money,Cozy,95.93,95.93,
Treasure of Horus,Iron Dog Studio,95.93,95.93,
Cutesy Pie,Games Global,95.93,95.93,
Floridita Fandango,Games Global,95.93,95.93,
Avalon II,Games Global,95.92,95.92,
Cool As Ice,Genesis,95.92,95.92,
Don's Millions,Cayetano Gaming,95.92,95.92,
The Dead Escape,Habanero,95.92,95.92,
Galactic Cash,Habanero,95.92,95.92,
Champions,MultiSlot,95.91,95.91,
Route 66,KA Gaming,95.91,95.91,
Night Club 81,Wazdan,95.91,95.91,
Ace of Spades,Play'n Go,95.9,95.9,
Ali Baba's Luck,Red Tiger Gaming,95.9,95.9,
Amazon Queen,WMS Gaming,95.9,95.9,
Avalon II,Microgaming,95.9,95.9,
Black Knight II,WMS Gaming,95.9,95.9,
Blackbeard's Compass,1x2 Gaming,95.9,95.9,
Bonnie & Clyde,Bee-Fee,95.9,95.9,
Bruce Lee: Dargon's Tale,WMS Gaming,95.9,95.9,
Bubbling Falls,Gamesys,95.9,95.9,
Charming Queens,Evoplay Entertainment,95.9,95.9,
Cool as Ice,Genesis Gaming,95.9,95.9,
Crusade of Fortune,Net Entertainment,95.9,95.9,
Diamond Valley Pro,Playtech,95.9,95.9,
Easter Bunny,Cozy Games,95.9,95.9,
Fantastic 7s,Microgaming,95.9,95.9,
Forensic Fortune,Gamesys,95.9,95.9,
Fortune Girl,Microgaming,95.9,95.9,
Four Femme Fatales,Skywind Group,95.9,95.9,
Fruity Fiesta,Connective Games,95.9,95.9,
Fun on the Seafront,Gamesys,95.9,95.9,
Gas Money,Cozy Games,95.9,95.9,
Gem Temple,Skywind Group,95.9,95.9,
Gems Gems Gems,WMS Gaming,95.9,95.9,
Gladiators Gold,Microgaming,95.9,95.9,
Ho Ho Ho,Microgaming,95.9,95.9,
Kiss,WMS Gaming,95.9,95.9,
Lion's Pride,Microgaming,95.9,95.9,
Maze: Desire for Power,Evoplay Entertainment,95.9,95.9,
Montezuma,WMS Gaming,95.9,95.9,
Munchkins,Microgaming,95.9,95.9,
Pharaoh's Fortune,Microgaming,95.9,95.9,
Pirates Paradise,Microgaming,95.9,95.9,
Pixies vs Pirates,Nolimit City,95.9,95.9,
Plushie Pleasure,Cozy Games,95.9,95.9,
Raging Rhino,WMS Gaming,95.9,95.9,
Reels Royce,Microgaming,95.9,95.9,
Rolling in the Dough,Cozy Games,95.9,95.9,
Sapphire Sorceress,Gamesys,95.9,95.9,
Sea of Tranquility,WMS Gaming,95.9,95.9,
Snow Honeys,Microgaming,95.9,95.9,
Spartacus,WMS Gaming,95.9,95.9,
Spinball,Tom Horn Gaming,95.9,95.9,
Starscape,Microgaming,95.9,95.9,
Steam Punk Heroes,Genesis Gaming,95.9,95.9,
Surf Safari,Genesis Gaming,95.9,95.9,
Tally Ho,Microgaming,95.9,95.9,
The Osbournes,Microgaming,95.9,95.9,
The Reel Steal,Net Entertainment,95.9,95.9,
Trick or Treat,Microgaming,95.9,95.9,
Twister,Microgaming,95.9,95.9,
Viking Vanguard,WMS Gaming,95.9,95.9,
Viking's Treasure,Net Entertainment,95.9,95.9,
Wheel of Wealth Special Edition,Microgaming,95.9,95.9,
Wild Vegas,Cozy Games,95.9,95.9,
Wolf Sierra,Tom Horn Gaming,95.9,95.9,
The Spin Lab,NextGen Gaming,95.8,95.9,
Witch Pickings,NextGen Gaming,95.8,95.9,
Wild West,NextGen Gaming,95.3,95.9,
Foxin' Wins Again,NextGen Gaming,95.2,95.9,
DoublePlay SuperBet,NextGen Gaming,95.0,95.9,
Bee Crazy,World Match,94.1,95.9,
Crime Records,World Match,94.1,95.9,
Mythos,World Match,94.1,95.9,
Safe Cracker,Playtech,93.9,95.9,
Uga Age,World Match,91.6,95.9,
Crusade of Fortune,NetEnt,95.9,95.9,
Thrill Spin,NetEnt,95.9,95.9,
Vikings Treasure,NetEnt,95.9,95.9,
Lion's Pride,Games Global,95.9,95.9,
Golden Fish Tank,Yggdrasil,95.9,95.9,
Mega fortune dreams,NetEnt,95.9,95.9,
40 Shining Jewels,CT Gaming,95.9,95.9,
Meerkat Mayhem,Games Global,95.9,95.9,
Love Machine,SkillOnNet,90.0,95.9,90.0
Ninja Master,SkillOnNet,95.9,95.9,
The Osbournes,Games Global,95.89,95.89,
Joker Fortune,StakeLogic,95.89,95.89,
Buster Hammer,Reel Play,95.89,95.89,
Gladiators Gold,Games Global,95.89,95.89,
Ho Ho Ho,Games Global,95.88,95.88,
Arabian Caravan,Games Global,95.88,95.88,
Gingerbread Lane,Genesis,95.88,95.88,
Steam Punk Heroes,Games Global,95.88,95.88,
Surf Safari,Games Global,95.88,95.88,
Journey Of The Sun,Games Global,95.88,95.88,
Twister,Games Global,95.88,95.88,
Agatha Christie's Mystery Wilds,Gamesys,95.87,95.87,
Reel Steal,NetEnt,95.87,95.87,
Tally Ho,Games Global,95.87,95.87,
Wheel of Wealth Special Edition,Games Global,95.87,95.87,
Horror Circus,The Better Platform,95.87,95.87,
Frog Story,Amusnet,95.87,95.87,
Mr.Hat: Sunshine,Spinmatic,95.87,95.87,
Weird Science,Habanero,95.87,95.87,
Queen of the Nile 2,Aristocrat,95.86,95.86,
Zombirthday,Playson,95.86,95.86,
Starscape,Games Global,95.85,95.85,
King´s Treasure,Novomatic,95.85,95.85,
Kashmir Gold,Amusnet,95.85,95.85,
Dinoworld,Red7,95.85,95.85,
Hitman,Games Global,95.84,95.84,
Wonder Woman Gold,Bally,95.84,95.84,
Pool Shark,Habanero,95.84,95.84,
Dice Fortune,StakeLogic,95.82,95.82,
King Bam Bam,StakeLogic,95.82,95.82,
Black Magic Fruits,Barcrest,95.82,95.82,
Festival of Lights,Blueprint,95.82,95.82,
Secret Garden,Rival Gaming,95.81,95.81,
Ted Slot Game,Blueprint,95.81,95.81,
40 Super Hot,Amusnet,95.81,95.81,
Atlantis,Red Tiger Gaming,95.8,95.8,
Aurum Codex,Red Tiger Gaming,95.8,95.8,
Babushkas,Thunderkick,95.8,95.8,
Bompers,Elk Studios,95.8,95.8,
Book of Loki,1x2 Gaming,95.8,95.8,
Book of Merlin,1x2 Gaming,95.8,95.8,
Break da Bank,Microgaming,95.8,95.8,
Crystal Mirror,Red Tiger Gaming,95.8,95.8,
Dolphin Tale,Microgaming,95.8,95.8,
Era of Gods,1x2 Gaming,95.8,95.8,
Farm Slot,GamesOS,95.8,95.8,
Freaky Bandits,GamesOS,95.8,95.8,
Fruit vs Candy,Microgaming,95.8,95.8,
Golden Tsar,Red Tiger Gaming,95.8,95.8,
Gonzo's Quest Megaways,Red Tiger Gaming,95.8,95.8,
Happy New Year,Microgaming,95.8,95.8,
Hitman,Microgaming,95.8,95.8,
Hot Blizzard,Tom Horn Gaming,95.8,95.8,
It Came From Venus,Betsoft,95.8,95.8,
Kitty Wild,Skywind Group,95.8,95.8,
Lucky Fridays,Red Tiger Gaming,95.8,95.8,
Lucky Shot,Microgaming,95.8,95.8,
Mr. Monkey,Skywind Group,95.8,95.8,
No Worries,Microgaming,95.8,95.8,
Party Night,GamesOS,95.8,95.8,
Party Pop,Skywind Group,95.8,95.8,
Polar Bash,Microgaming,95.8,95.8,
Reel Baron,Microgaming,95.8,95.8,
Reign of Dragons,Evoplay Entertainment,95.8,95.8,
Robin of Sherwood,Rabcat,95.8,95.8,
Skull Duggery,Microgaming,95.8,95.8,
Sky Millions,OpenBet,95.8,95.8,
Spike's Nite Out,Microgaming,95.8,95.8,
The Wild Hatter,Red Tiger Gaming,95.8,95.8,
Van Helsing's Book of the Dead,1x2 Gaming,95.8,95.8,
Well of Wishes,Red Tiger Gaming,95.8,95.8,
Yucatan's Mystery,Red Tiger Gaming,95.8,95.8,
Skull Duggery,Games Global,95.8,95.8,
Spin or Reels,iSoftBet,95.8,95.8,
Fire of Egypt,edict,95.8,95.8,
Flea Market,Rival Gaming,95.8,95.8,
Paint,Iron Dog Studio,95.8,95.8,
Fortunes of the Amazons,Side City,95.8,95.8,
King Kong Cash,Blueprint,95.8,95.8,
Magic Dragon,GameArt,95.8,95.8,
Summer Bliss,Amusnet,95.8,95.8,
Kiss The Sky Climbing Slot,SkillOnNet,95.8,95.8,
DoublePlay SuperBet HQ,NextGen,95.04,95.8,95.8
Gold Rush,Playson,95.79,95.79,
Lucky Pirates,Playson,95.79,95.79,
Dancing Dragon Spring Festival,Playson,95.79,95.79,
Pick A Fortune,Sigma Gaming,95.79,95.79,
20 Diamonds,Amusnet,95.79,95.79,
20 Super Hot,Amusnet,95.79,95.79,
Super 20,Amusnet,95.79,95.79,
"Juke Box 50,000",SkillOnNet,93.88,95.79,95.79
Extra Stars,Amusnet,95.78,95.78,
Caramel Hot,Amusnet,95.77,95.77,
Basic Instinct,iSoftBet,95.76,95.76,
Frog Princess,iGaming2go,95.76,95.76,
888 Dragons,Pragmatic Play,95.76,95.76,
Lucky & Wild,Amusnet,95.76,95.76,
Game of Luck,Amusnet,95.76,95.76,
Dice & Roll,Amusnet,95.76,95.76,
Happy New Year,Games Global,95.75,95.75,
Cleopatras Riches,Leander Games,95.75,95.75,
Zuma,Gamesys,95.74,95.74,
Money Farm 2,GameArt,95.74,95.74,
Irish Gold,Cozy,95.74,95.74,
5 Dazzling Hot,Amusnet,95.74,95.74,
Extremely Hot,Amusnet,95.74,95.74,
Five Times Wins,Rival Gaming,95.73,95.73,
Down the Pub,Playson,95.73,95.73,
Macau Fortune,Red7,86.788,95.722,95.722
Haunted Night,Genesis,95.72,95.72,
Victorian Villain,Games Global,95.72,95.72,
Carnival Royale,Games Global,95.72,95.72,
Fruits and Stars,Playson,95.72,95.72,
Ella Mental,Games Warehouse,95.72,95.72,
Tennis Champions,Spinomenal,95.72,95.72,
Batman,NextGen,92.2,95.712,92.2
Scrolls of RA,iSoftBet,95.71,95.71,
Bug's World,iSoftBet,95.71,95.71,
Dog 'n' Roll,Cozy,95.71,95.71,
Prospector,Blueprint,95.71,95.71,
24 Hour Grand Prix,Red Tiger Gaming,95.7,95.7,
4Squad,Red Tiger Gaming,95.7,95.7,
5 Families,Red Tiger Gaming,95.7,95.7,
Aztec Spins,Red Tiger Gaming,95.7,95.7,
Bombuster,Red Tiger Gaming,95.7,95.7,
Boogie Monsters,Microgaming,95.7,95.7,
Boomerang Edge,Skywind Group,95.7,95.7,
Bounty Raid,Red Tiger Gaming,95.7,95.7,
Captain Rizk Megaways,Red Tiger Gaming,95.7,95.7,
Champion's Goal,ELK Studios,95.7,95.7,
Cirque De La Fortune,Red Tiger Gaming,95.7,95.7,
Clash of the Beasts,Red Tiger Gaming,95.7,95.7,
Cop the Lot,Blueprint Gaming,95.7,95.7,
Da Vinci's Mystery,Red Tiger Gaming,95.7,95.7,
Dog 'n' Roll,Cozy Games,95.7,95.7,
Dolphin Delight,Skywind Group,95.7,95.7,
Dragon's Fire Megaways,Red Tiger Gaming,95.7,95.7,
Dragon's Luck Megaways,Red Tiger Gaming,95.7,95.7,
Epic Gladiators,Evoplay Entertainment,95.7,95.7,
Fire'n'Hot,Tom Horn Gaming,95.7,95.7,
Franken Cash,Microgaming,95.7,95.7,
Gems Gone Wild Power Reels,Red Tiger Gaming,95.7,95.7,
Golden Leprechaun Megaways,Red Tiger Gaming,95.7,95.7,
Haunted Night,Genesis Gaming,95.7,95.7,
Hoard of Poseidon,Red Tiger Gaming,95.7,95.7,
Irish Gold,Cozy Games,95.7,95.7,
Lord of the Wilds,Red Tiger Gaming,95.7,95.7,
Lucky News Network,Microgaming,95.7,95.7,
Moley Moolah!,Yggdrasil Gaming,95.7,95.7,
Multiplier Riches,Red Tiger Gaming,95.7,95.7,
Mystery Reels Power Reels,Red Tiger Gaming,95.7,95.7,
Oil Mania,NextGen Gaming,95.7,95.7,
Panda's Run,Tom Horn Gaming,95.7,95.7,
Piggy Riches Megaways,Red Tiger Gaming,95.7,95.7,
Rainbow Jackpots Power Lines,Red Tiger Gaming,95.7,95.7,
Red Baron,Aristocrat,95.7,95.7,
Red Dragon,1x2 Gaming,95.7,95.7,
Reel Keeper,Red Tiger Gaming,95.7,95.7,
Regal Streak,Red Tiger Gaming,95.7,95.7,
Rio Stars,Red Tiger Gaming,95.7,95.7,
Robin Hood's Wild Forest,Red Tiger Gaming,95.7,95.7,
Silent Samurai,Playtech,95.7,95.7,
Sizzling Hot Deluxe,Novomatic,95.7,95.7,
The Slotfather,Betsoft,95.7,95.7,
Vault of Anubis,Red Tiger Gaming,95.7,95.7,
Victorian Villain,Genesis Gaming,95.7,95.7,
Wild O'clock,Red Tiger Gaming,95.7,95.7,
Wild Ride,Skywind Group,95.7,95.7,
Wings Of Ra,Red Tiger Gaming,95.7,95.7,
Winstones,Gamesys,95.7,95.7,
Zeus Lightning Power Reels,Red Tiger Gaming,95.7,95.7,
Zuma,Blueprint Gaming,95.7,95.7,
Hall of Gods,Net Entertainment,95.3,95.7,
Cleopatra,IGT,95.7,95.7,
Sizzling Summer,Arrow's Edge,94.6,95.7,
Magic Slots,Playtech,93.7,95.7,
Batman,NextGen Gaming,92.2,95.7,
Paradise Found,Games Global,95.7,95.7,
Big Cash Win,Rival Gaming,95.7,95.7,
Get Clucky,IGT,95.7,95.7,
Boogie Monsters,Games Global,95.7,95.7,
Castles in the Clouds,Games Warehouse,95.7,95.7,
The Bees Buzz,SkillOnNet,95.7,95.7,
Wild West Bounty,SkillOnNet,95.7,95.7,
More Chilli,Aristocrat,95.691,95.691,
More Hearts,Aristocrat,95.691,95.691,
Hidden Valley,Quickspin,95.69,95.69,
Slotfather,Betsoft,95.69,95.69,
Piggy Bank 1x2,1X2gaming,95.69,95.69,
Gold'Erado,Cayetano Gaming,95.68,95.68,
Danger High Voltage,Big Time Gaming,95.67,95.67,
Nacho Libre,iSoftBet,95.67,95.67,
Red Hot Repeater,Novomatic,95.67,95.67,
Oil Mania,NextGen,95.66,95.66,
Sizzling Gems,Greentube,95.66,95.66,
Xtra Hot,Greentube,95.66,95.66,
Sizzling Hot Deluxe,Greentube,95.66,95.66,
Fruits´n Royals,Novomatic,95.66,95.66,
Diamond 7,Novomatic,95.66,95.66,
Aztec Temple,The Better Platform,95.66,95.66,
Texas Rangers Reward,GameArt,95.66,95.66,
Pixie Wings,Pragmatic Play,95.66,95.66,
Red Hot Devil,Games Global,95.65,95.65,
Winstones Resort & Casino,Genesis,95.65,95.65,
Hobo's Hoard,Rival Gaming,95.65,95.65,
Space Fortune,Habanero,95.65,95.65,
Jungle Rumble,Habanero,95.65,95.65,
Bandit's Bounty HD,Play Labs,95.65,95.65,
Mayfair Magic,Red7,95.622,95.641,95.641
Happy Birds,iSoftBet,95.64,95.64,
Odysseus,Playson,95.64,95.64,
Clover Tales,Playson,95.64,95.64,
A While On The Nile,NextGen,95.631,95.631,
Merlins Millions Superbet HQ,NextGen,95.076,95.631,95.631
Breakfast at Tiffany's,Gamesys,95.63,95.63,
Aztec Empire,Playson,95.63,95.63,
Jungle Jackpots,Blueprint,95.63,95.63,
The Great White,SkillOnNet,95.63,95.63,
Carry On Camping,CORE Gaming,95.63,95.63,
Forest Mania,iSoftBet,95.62,95.62,
Golden Thunder,Cayetano Gaming,95.62,95.62,
A Dragon Story,NextGen,95.223,95.618,95.618
Genie's Fortune,Betsoft,95.61,95.61,
Three Wishes,Betsoft,95.61,95.61,
Plenty on Twenty,Greentube,95.61,95.61,
Tiger vs Bear,Games Global,95.61,95.61,
Indian Dream,Amaya,95.61,95.61,
Arabian Nights,Net Entertainment,95.6,95.6,
Atomic Fruit,OpenBet,95.6,95.6,
Bandit's Bounty,World Match,95.6,95.6,
Book of Pharaon,World Match,95.6,95.6,
Cash Crazy,Microgaming,95.6,95.6,
Cherry Red,Microgaming,95.6,95.6,
Double Magic,Microgaming,95.6,95.6,
Emperor of the Sea,Microgaming,95.6,95.6,
Fortune Temple,Gamesys,95.6,95.6,
Gingerbread Lane,Genesis Gaming,95.6,95.6,
Go Gold,Skywind Group,95.6,95.6,
Goddess of Life,Playtech,95.6,95.6,
Hot Shot,Microgaming,95.6,95.6,
Jin's Bouncing Wilds,Gamesys,95.6,95.6,
Jungle Jackpots,Blueprint Gaming,95.6,95.6,
Mermaids Millions,Microgaming,95.6,95.6,
Monster Mania,Microgaming,95.6,95.6,
Moonshine,Microgaming,95.6,95.6,
Phoenix and the Dragon,Genesis Gaming,95.6,95.6,
Pistoleras,Microgaming,95.6,95.6,
Plenty on Twenty,Novomatic,95.6,95.6,
Psycho,NextGen Gaming,95.6,95.6,
Queen of the Nile II,Aristocrat,95.6,95.6,
Rock the Boat,Microgaming,95.6,95.6,
Slingo Reel Extreme,Slingo Originals,95.6,95.6,
Tennis Stars,Playtech,95.6,95.6,
The Temple Of Shangri-La,Sheriff Gaming,95.6,95.6,
Truck Stop,Microgaming,95.6,95.6,
Vinyl Countdown,Microgaming,95.6,95.6,
Wacky Waters,Playtech,95.6,95.6,
White Buffalo,Genesis Gaming,95.6,95.6,
Miss Midas,NextGen Gaming,95.3,95.6,
A Dragon's Story,NextGen Gaming,95.2,95.6,
Easy Slider,NextGen Gaming,95.2,95.6,
Foxin' Wins,NextGen Gaming,95.2,95.6,
Judge Dredd,NextGen Gaming,95.2,95.6,
A While on the Nile,NextGen Gaming,95.1,95.6,
Merlin's Millions,NextGen Gaming,95.1,95.6,
Arabian Nights,NetEnt,90.6,95.6,95.6
Pistoleras,Games Global,95.6,95.6,
Phoenix and the Dragon,Games Global,95.6,95.6,
Foxin' Wins Again,NextGen,95.6,95.6,
Foxin Wins,NextGen,95.6,95.6,
5 Line Mystery,Greentube,95.6,95.6,
Booster,iSoftBet,95.6,95.6,
Fortune of the Gods,Blueprint,95.6,95.6,
Cherry Red,Games Global,95.6,95.6,
Casanova's Romance HD,Play Labs,95.6,95.6,
Book of Pharaon HD,Play Labs,95.6,95.6,
Good Girl Bad Girl,Betsoft,95.59,95.59,
For Love and Money,Rival Gaming,95.58,95.58,
Double Magic,Games Global,95.58,95.58,
Heroes of Spin,Blueprint,95.58,95.58,
Double Dose,Games Global,95.58,95.58,
Thousand Islands,Games Global,95.58,95.58,
Clash of Queens,Genesis,95.57,95.57,
Taboo Spell,Games Global,95.57,95.57,
Game 2000,StakeLogic,95.57,95.57,
Mayan Marvels,Nektan,95.57,95.57,
Devils,StakeLogic,95.57,95.57,
Monster Mania,Games Global,95.56,95.56,
Vinyl Countdown,Games Global,95.56,95.56,
Best Things in Life,iSoftBet,95.56,95.56,
Kobushi,iSoftBet,95.56,95.56,
Mona Lisa Jewels,iSoftBet,95.56,95.56,
Dragons Treasure,edict,95.56,95.56,
5 Reel Circus,Rival Gaming,95.56,95.56,
Caesar's Glory,The Better Platform,95.56,95.56,
White Buffalo,Games Global,95.56,95.56,
Captain Black Bart's Treasure,Chance Interactive,95.56,95.56,
Big Ben,Aristocrat,95.55,95.55,
Dracula's Family,Playson,95.55,95.55,
Top Reels,Realistic,95.55,95.55,
Mega Boy,iSoftBet,95.54,95.54,
Bounty Hunt,Reel Play,95.54,95.54,
Power Stars,Greentube,95.54,95.54,
Dead Mans Chest,OpenBet,95.54,95.54,
Intensive Scare,Bwin.Party,95.54,95.54,
Pandamania,NextGen,95.533,95.533,
Charms and Witches,Side City,95.533,95.533,
Sharky,Novomatic,95.53,95.53,
Aquarium,Playson,95.53,95.53,
Imperial Dragon,Blueprint,95.53,95.53,
Austin Powers,Blueprint,95.53,95.53,
Thai Princess,Blueprint,95.53,95.53,
Viz,Blueprint,95.53,95.53,
Flaming Hot,Amusnet,95.53,95.53,
Halloweenies,Games Global,95.52,95.52,
Wild Catch,Games Global,95.52,95.52,
Ballroom Stars,Gamesys,95.52,95.52,
Dogfather,Games Global,95.52,95.52,
Jackpots of Goo,Games Warehouse,95.52,95.52,
Dynamite Digger,Playtech,95.52,95.52,
Centre Court,Games Global,95.51,95.51,
Legends of Africa,2by2 Gaming,95.51,95.51,
Panda Pow,Lightning Box,95.51,95.51,
Gold Leaf Clover,Blueprint,95.51,95.51,
Ultimate Hot,Amusnet,95.51,95.51,
Mini Dragons,Ash Gaming,95.51,95.51,
Valley of Pharaohs,Booming Games,1.17,95.51,95.51
Castle Builder II,Rabcat,95.5,95.5,
Ariana,Microgaming,95.5,95.5,
Austin Powers,Blueprint Gaming,95.5,95.5,
Big Buffalo,Skywind Group,95.5,95.5,
Centre Court,Microgaming,95.5,95.5,
Chain Reactors 100,OpenBet,95.5,95.5,
Dig Dig Digger,BGaming,95.5,95.5,
Dogfather,Microgaming,95.5,95.5,
Forest Of Wonders,Playtech,95.5,95.5,
Fortunate 5,Playtech,95.5,95.5,
Geisha Story,Playtech,95.5,95.5,
Giovanni's Cat,Connective Games,95.5,95.5,
Halloweenies,Microgaming,95.5,95.5,
Huangdi - The Yellow Emperor,Microgaming,95.5,95.5,
Imperial Dragon,Blueprint Gaming,95.5,95.5,
Jack's Beanstalk,NextGen Gaming,95.5,95.5,
Joker Goes Wild,Skywind Group,95.5,95.5,
Joker Multi-Win,Skywind Group,95.5,95.5,
Jolly Jester,Microgaming,95.5,95.5,
Jonny Specter,Microgaming,95.5,95.5,
Journey to the West,Evoplay Entertainment,95.5,95.5,
Jurassic Jackpot,Microgaming,95.5,95.5,
Jurassic Jackpot Big Reel,Microgaming,95.5,95.5,
Jurassic World,Microgaming,95.5,95.5,
K9 Capers,Microgaming,95.5,95.5,
Kong The 8th Wonder of the World,Playtech,95.5,95.5,
Little Pigs,Cayetano Gaming,95.5,95.5,
Lucky Panda,Playtech,95.5,95.5,
Macau Racing,Red Tiger Gaming,95.5,95.5,
Mighty Trident,Mazooma,95.5,95.5,
Miles Bellhouse and his Curious Machine,Betsoft,95.5,95.5,
Mr Cash Back,Playtech,95.5,95.5,
Murder on the Orient Express,Gamesys,95.5,95.5,
Pandamania,NextGen Gaming,95.5,95.5,
Reel'em In - Big Bass Bucks,WMS Gaming,95.5,95.5,
Samba Nights,Cryptologic,95.5,95.5,
Savannah Sunrise,NextGen Gaming,95.5,95.5,
Shaman's Luck,Cozy Games,95.5,95.5,
The Legend of Olympus,Rabcat,95.5,95.5,
The Lone Ranger,Blueprint Gaming,95.5,95.5,
Titan Storm,NextGen Gaming,95.5,95.5,
Triple Magic,Microgaming,95.5,95.5,
Twin Fruits of Olympus,Mascot Gaming,95.5,95.5,
Viz,Blueprint Gaming,95.5,95.5,
Wild Catch,Microgaming,95.5,95.5,
Winning Wizards,Microgaming,95.5,95.5,
Witches Wealth,Microgaming,95.5,95.5,
The Flash,NextGen Gaming,92.5,95.5,
Zorro,Aristocrat,95.5,95.5,
Pacific Attack,NetEnt,95.5,95.5,
Gemscapades,Betsoft,95.5,95.5,
The Bees,Betsoft,95.5,95.5,
The Curious Machine,Betsoft,95.5,95.5,
Yggdrasil: The Tree of Life Slots,Genesis,95.5,95.5,
Absolute Super Reels,iSoftBet,95.5,95.5,
Million Cents HD,iSoftBet,95.5,95.5,
Super Lucky Reels,iSoftBet,95.5,95.5,
Super Multitimes Progressive,iSoftBet,95.5,95.5,
Ultimate Super Reels,iSoftBet,95.5,95.5,
The Flash,NextGen,95.5,95.5,
Wild Cat Canyon,NextGen,95.5,95.5,
Mighty Trident,Novomatic,95.5,95.5,
Spartan Warrior,Rival Gaming,95.5,95.5,
Reel Crime: Bank Heist,Rival Gaming,95.5,95.5,
Witches Wealth,Games Global,95.5,95.5,
Apocalypse Knights,The Better Platform,95.5,95.5,
Queen of gold,Pragmatic Play,95.5,95.5,
Kites Kingdom,Sigma Gaming,95.5,95.5,
Wild Antics,Blueprint,95.5,95.5,
Panther Queen,Pragmatic Play,95.5,95.5,
Amazon Adventure,Amaya,95.5,95.5,
Cash n' Clover,Amaya,95.5,95.5,
Draco's Fire,Amaya,95.5,95.5,
Mandarin Duck,CT Gaming,95.5,95.5,
Road Trip,Genii,95.5,95.5,
Spinner Takes All,Games Warehouse,95.5,95.5,
Robo Bucks Garage,Games Warehouse,95.5,95.5,
Mars Odyssey,SkillOnNet,57.0,95.5,95.5
Secret Agent The Reel Story,SkillOnNet,95.5,95.5,
"Wizard Of Odds 100,000",SkillOnNet,95.5,95.5,
Caishen's Gold,Pragmatic Play,95.5,95.5,
Magic Lamp HD,Play Labs,95.5,95.5,
Return of the Phoenix HD,Play Labs,95.5,95.5,
Thundercats,Blueprint,95.5,95.5,
Random Runner,StakeLogic,95.49,95.49,
Scary Rich 2,Rival Gaming,95.49,95.49,
Full Metal Dragon,Games Warehouse,95.49,95.49,
Dr Frantic and the Monster Spins,Games Warehouse,95.49,95.49,
The Buzz Slots,Games Warehouse,95.49,95.49,
Limo Party,SkillOnNet,95.49,95.49,
Ariana,Games Global,95.48,95.48,
Roaring Forties,Greentube,95.48,95.48,
Supertimer,Leander Games,95.48,95.48,
Scary Friends,Rabcat,95.47,95.47,
Legend of Olympus,Rabcat,95.47,95.47,
Five Pirates,Lightning Box,95.47,95.47,
Queen of Legends,Lightning Box,95.47,95.47,
Cashing Rainbows,Realistic,95.47,95.47,
Hot Cross Bunnies Loadsabunny,Realistic,95.47,95.47,
Samba Nights,Amaya,95.47,95.47,
Shaman's Luck,Cozy,95.47,95.47,
Winning Wizards,Games Global,95.46,95.46,
Super Lady Luck,iSoftBet,95.46,95.46,
Andre The Giant,NextGen,95.46,95.46,
Pizza Prize,NextGen,95.46,95.46,
Elf and Safety,Nektan,95.46,95.46,
Heroic,Nektan,95.46,95.46,
Project Pandora,Games Warehouse,95.46,95.46,
Jade Connection,Spinomenal,95.46,95.46,
Jack's Beanstalk,NextGen,95.459,95.459,
Titan Storm,NextGen,95.453,95.453,
So 80's,Rival Gaming,95.45,95.45,
Time is money,Realistic,95.45,95.45,
Jurassic World,Games Global,95.45,95.45,
Double Diamond,IGT,95.44,95.44,
Fruitful Siesta,Playson,95.44,95.44,
Shaman's Dream,Eyecon,95.44,95.44,
Break da Bank,Games Global,95.43,95.43,
Break da Bank Again,Games Global,95.43,95.43,
Bloodlore Vampire clan,NextGen,95.43,95.43,
Alaskan Husky,Amaya,95.43,95.43,
Mega Spins Break Da Bank Again,Games Global,95.43,95.43,
Diamond Goddess,OpenBet,95.43,95.43,
Just Jewels deluxe,Greentube,95.42,95.42,
Dazzling Diamonds,Novomatic,95.42,95.42,
Savannah Sunrise,Amaya,95.42,95.42,
Birdz,Games Warehouse,95.42,95.42,
James Dean,NextGen,95.416,95.416,
Medusa,NextGen,95.416,95.416,
Super Safari,NextGen,95.416,95.416,
Jackpot Rango,iSoftBet,95.41,95.41,
The Love Guru,iSoftBet,95.41,95.41,
Golden Cobras deluxe,Novomatic,95.41,95.41,
Wonder Woman,Amaya,95.41,95.41,
Superman: Last Son of Krypton,Amaya,95.41,95.41,
Hot Hot Volcano,NextGen,95.41,95.41,
3 Hit Pay,iSoftBet,95.41,95.41,
Atlantis Dive,GamesOS,95.4,95.4,
Break da Bank Again,Microgaming,95.4,95.4,
Cherry Blossoms,NextGen Gaming,95.4,95.4,
Deck the Halls,Microgaming,95.4,95.4,
Doctor Love on Vacation,NextGen Gaming,95.4,95.4,
Double O' Cash,Microgaming,95.4,95.4,
Elven Princesses,Evoplay Entertainment,95.4,95.4,
Fearless Frederick,Microgaming,95.4,95.4,
Germinator,Microgaming,95.4,95.4,
Glory of Rome,Microgaming,95.4,95.4,
Gold Rush,Net Entertainment,95.4,95.4,
Honey Bees,Cozy Games,95.4,95.4,
James Dean,NextGen Gaming,95.4,95.4,
Jekyll and Hyde,Genesis Gaming,95.4,95.4,
Jellyfish Jaunt,Microgaming,95.4,95.4,
Just Jewels Deluxe,Novomatic,95.4,95.4,
Life's A Beach,Microgaming,95.4,95.4,
Liquid Gold,Microgaming,95.4,95.4,
Mad Mad Monkey,NextGen Gaming,95.4,95.4,
Maya Millions,Skywind Group,95.4,95.4,
Mechanical Clover,BGaming,95.4,95.4,
Medusa,NextGen Gaming,95.4,95.4,
Mega Spin Break da Bank Again,Microgaming,95.4,95.4,
Path of the Penguin,Microgaming,95.4,95.4,
Pink Panther,Playtech,95.4,95.4,
Pizza Prize,NextGen Gaming,95.4,95.4,
Pot Shot,Skywind Group,95.4,95.4,
Pub Fruity,Microgaming,95.4,95.4,
Ramesses Riches,NextGen Gaming,95.4,95.4,
"Ready, Set, Cash",Skywind Group,95.4,95.4,
Shiver Me Feathers,Microgaming,95.4,95.4,
Six Acrobats,Microgaming,95.4,95.4,
SnatchXCash,Skywind Group,95.4,95.4,
Stargate SG-1,OpenBet,95.4,95.4,
Summer Dream,GamesOS,95.4,95.4,
Superman,NextGen Gaming,95.4,95.4,
The Grand Circus,Microgaming,95.4,95.4,
Volcano Eruption,NextGen Gaming,95.4,95.4,
WBC Ring of Riches,BGaming,95.4,95.4,
Witch Dr.,Microgaming,95.4,95.4,
Diamond Bonanza,Gamesys,88.4,95.4,
Fishy Fortune,NetEnt,95.4,95.4,
Gold Rush,NetEnt,95.4,95.4,
Neon Reels,iSoftBet,95.4,95.4,
Super Fast Hot Hot,iSoftBet,95.4,95.4,
Superman,NextGen,95.4,95.4,
Doctor Love On Vacation,NextGen,95.4,95.4,
Mad Mad Monkey,NextGen,95.4,95.4,
Maid o Money,NextGen,95.4,95.4,
Munchers,NextGen,95.4,95.4,
Ramesses Riches,NextGen,95.4,95.4,
Unicorn Legend,NextGen,95.4,95.4,
Cherries Gone Wild,Games Global,95.4,95.4,
Dog Pound Dollars,Rival Gaming,95.4,95.4,
Gnome Sweet Home,Rival Gaming,95.4,95.4,
Brilliants Hot,CT Gaming,95.4,95.4,
Battle of the Atlantic,OpenBet,94.05,95.4,95.4
Zombie Bar Slots,SkillOnNet,95.4,95.4,
Imperial Destiny,Eyecon,95.4,95.4,
Happy Birthday,Eyecon,95.4,95.4,
Mandarin Orchid,CORE Gaming,95.39,95.39,
Fluffy Favourites,Eyecon,95.39,95.39,
Fluffy Too,Eyecon,95.39,95.39,
99 Time,Eyecon,95.39,95.39,
Fae Legend Warrior,Eyecon,95.39,95.39,
Crocodopolis,NextGen,95.332,95.383,95.383
Deck the Halls,Games Global,95.38,95.38,
Magic Money,Cayetano Gaming,95.38,95.38,
Kingdom of Cash,Eyecon,95.38,95.38,
Gold A'hoy,NextGen,95.375,95.375,
Sinbad's Gold,Cayetano Gaming,95.37,95.37,
Fruits of the Nile,Playson,95.37,95.37,
Super Multitimes Progressive HD,iSoftBet,95.37,95.37,
The Dragon,The Better Platform,95.37,95.37,
Jekyll And Hyde,Games Global,95.36,95.36,
Disco Night Fright,Games Global,95.36,95.36,
Great 88,Betsoft,95.36,95.36,
Butterflies,NextGen,95.36,95.36,
Always Hot Cubes,Greentube,95.36,95.36,
Always Hot deluxe,Greentube,95.36,95.36,
Sizzling Hot Quattro,Greentube,95.36,95.36,
Fruits Gone Wild,StakeLogic,95.36,95.36,
New Honey Bees,Cozy,95.36,95.36,
Tutti Frutti,Cozy,95.36,95.36,
Baseball,GamePlay,95.36,95.36,
5 Knights,NextGen,95.354,95.354,
Bewitched,iSoftBet,95.35,95.35,
Teddy bear's Picnic,NextGen,95.35,95.35,
Double Juicy,Playtech,95.35,95.35,
Green Lantern,NextGen,92.35,95.341,92.35
Tycoons,Betsoft,95.34,95.34,
Genie Wild,NextGen,95.34,95.34,
Indian Spirit,Greentube,95.34,95.34,
Street Fighter II,Amaya,95.34,95.34,
Gothic,Games Global,95.33,95.33,
Mystique Grove,Games Global,95.33,95.33,
La Cucaracha,NextGen,95.33,95.33,
Munchkins,Games Global,95.33,95.33,
Merlin's Magic Respins,NextGen,95.323,95.323,
Egyptian Wilds,Cayetano Gaming,95.32,95.32,
Bar Bar Black Sheep,Games Global,95.32,95.32,
Chilli Gold x2,Lightning Box,95.32,95.32,
Merlins Magic Respins Christmas,NextGen,95.32,95.32,
Magic Gems,Leander Games,95.32,95.32,
Lucky Hot,Amusnet,95.32,95.32,
7 Lucky Dwarfs,Leander Games,95.31,95.31,
Reel King™ Free Spin Frenzy,Novomatic,95.31,95.31,
Super Hot 7's,Novomatic,95.31,95.31,
Queen of Hearts deluxe,Greentube,95.31,95.31,
Diggin' Deep,Rival Gaming,95.31,95.31,
300 Shields,NextGen Gaming,95.3,95.3,
4 Seasons,Betsoft,95.3,95.3,
Bearly Fishing,Microgaming,95.3,95.3,
Big Break,Microgaming,95.3,95.3,
Call of the Colosseum,NextGen Gaming,95.3,95.3,
Cash Stampede,NextGen Gaming,95.3,95.3,
Celtic Crown,Microgaming,95.3,95.3,
Cleo Queen of Egypt,Cryptologic,95.3,95.3,
Cops n' Bandits,Playtech,95.3,95.3,
Curry in a Hurry,Microgaming,95.3,95.3,
Dragon Sword,Cryptologic,95.3,95.3,
Dragon's Fire,Red Tiger Gaming,95.3,95.3,
Emperor's Garden,NextGen Gaming,95.3,95.3,
Fairy's Fortune,WMS Gaming,95.3,95.3,
Fish Toons,Cozy Games,95.3,95.3,
Five Star,Red Tiger Gaming,95.3,95.3,
Fortune Fest,Red Tiger Gaming,95.3,95.3,
Fortune House,Red Tiger Gaming,95.3,95.3,
Fruit Blox,Red Tiger Gaming,95.3,95.3,
Fruit Burst,Evoplay Entertainment,95.3,95.3,
Genie Wild,NextGen Gaming,95.3,95.3,
Gothic,Genesis Gaming,95.3,95.3,
Ice Hockey,Playtech,95.3,95.3,
Jackpot Quest,Red Tiger Gaming,95.3,95.3,
Jade Charms,Red Tiger Gaming,95.3,95.3,
Jingle Bells,Red Tiger Gaming,95.3,95.3,
Justice League,Playtech,95.3,95.3,
Lucky Fortune Cat,Red Tiger Gaming,95.3,95.3,
Lucky Little Devil,Red Tiger Gaming,95.3,95.3,
Lucky Stars,Microgaming,95.3,95.3,
Mardi Gras Fever,Microgaming,95.3,95.3,
Muchos Grande,Microgaming,95.3,95.3,
Mystique Grove,Genesis Gaming,95.3,95.3,
New Honey Bees,Cozy Games,95.3,95.3,
Owl Eyes,NextGen Gaming,95.3,95.3,
Party Time,Microgaming,95.3,95.3,
Planet X,OpenBet,95.3,95.3,
Polar Pioneers,Microgaming,95.3,95.3,
Ra's Legend,Red Tiger Gaming,95.3,95.3,
Red Hot Slot,Red Tiger Gaming,95.3,95.3,
Rocket Men,Red Tiger Gaming,95.3,95.3,
Secrets of the Amazon,Playtech,95.3,95.3,
Sir Winsalot,Microgaming,95.3,95.3,
Stunt Pilot,Microgaming,95.3,95.3,
Sun Fortune,Red Tiger Gaming,95.3,95.3,
The Adventures of Galactic Gopher,Microgaming,95.3,95.3,
The Forgotten Land of Lemuria,Genesis Gaming,95.3,95.3,
Three Musketeers,Red Tiger Gaming,95.3,95.3,
Thrill Seekers,Playtech,95.3,95.3,
Totem Lightning,Red Tiger Gaming,95.3,95.3,
Tutti Frutti,Cozy Games,95.3,95.3,
Werewolf Wild,Aristocrat,95.3,95.3,
World Football Stars,Playtech,95.3,95.3,
Zeus the Thunderer,Mascot Gaming,95.3,95.3,
Da Vinci Diamonds: Dual Play,IGT,93.4,95.3,
Merlin's Magic Respins,NextGen Gaming,92.5,95.3,
Green Lantern,NextGen Gaming,92.4,95.3,
Hall of Gods,NetEnt,95.3,95.3,
Call Of The Colosseum,NextGen,95.3,95.3,
Emperor's Garden,NextGen,95.3,95.3,
Fairie's Forest,NextGen,95.3,95.3,
The Bermuda Mysteries,NextGen,95.3,95.3,
Chicken Little,Rival Gaming,95.3,95.3,
Star Jewels,Rival Gaming,95.3,95.3,
Fortune Fest,Red Tiger,95.3,95.3,
Super Tricolor,iSoftBet,94.8,95.3,95.3
Owl Eyes NEW,NextGen,95.3,95.3,
Redroo,Lightning Box,95.3,95.3,
Cleo Queen of Egypt,Amaya,95.3,95.3,
Fish Toons,Cozy,95.3,95.3,
Boxing,GamePlay,95.3,95.3,
Underwater World,GamePlay,95.3,95.3,
300 Shields,NextGen,95.299,95.299,
Dynasty,NextGen,95.293,95.293,
Big Break,Games Global,95.29,95.29,
Barnyard Bonanza,Gamesys,95.29,95.29,
Random Runner VIP,Greentube,95.29,95.29,
Zrecnyk Magik®,Novomatic,95.29,95.29,
Knights Quest,Novomatic,95.29,95.29,
Flame Dancer,Greentube,95.29,95.29,
Once Upon a Time,Betsoft,95.28,95.28,
Jingle Bells,Red Tiger,95.28,95.28,
Lucky Little Devil,Red Tiger,95.28,95.28,
Fiesta Cubana,Side City,95.272,95.272,
More Cheese Please,Genesis,95.27,95.27,
Cash Stampede,NextGen,95.27,95.27,
Kawaii Kitty,Betsoft,95.27,95.27,
Bunny Boiler,Games Global,95.27,95.27,
Bunny Boiler Gold,Games Global,95.27,95.27,
Totem Lightning,Red Tiger,95.27,95.27,
Stampede,Betsoft,95.27,95.27,
River Queen,Greentube,95.26,95.26,
Lucky Fortune Cat,Red Tiger,95.26,95.26,
The Forgotten Land of Lemuria,Games Global,95.26,95.26,
Chang'e Goddess Of The Moon,Genesis,95.26,95.26,
Mobster Lobster,Genesis,95.26,95.26,
Three Musketeers,Red Tiger,95.26,95.26,
RA's Legend,Red Tiger,95.26,95.26,
Chasin Rainbows,Gamesys,95.25,95.25,
Aztec Power,Novomatic,95.25,95.25,
Manic Millions,NextGen,95.25,95.25,
Sugar Rush Summer Time,Pragmatic Play,95.25,95.25,
Fortune House,Red Tiger,95.25,95.25,
Jade Charms,Red Tiger,95.25,95.25,
Rainbow Magic,Realistic,95.25,95.25,
Mad Pinatas,Leander Games,95.25,95.25,
Rich Pickin's,Eyecon,95.25,95.25,
1 Can 2 Can,NextGen,95.245,95.245,
Space Botz,Genesis,95.24,95.24,
Pin Up Girls,iSoftBet,95.24,95.24,
Plenty of Fruit 20 Hot,Greentube,95.24,95.24,
Plenty of Jewels 20 Hot,Novomatic,95.24,95.24,
Plenty of Fruit 20,Greentube,95.24,95.24,
Sky Way,Playson,95.24,95.24,
Chinese Treasures,Red Tiger,95.24,95.24,
Golden Rome,Leander Games,95.24,95.24,
Lucky Easter,Red Tiger,95.24,95.24,
Worms,Blueprint,95.24,95.24,
Tianlong,GamesLab,95.239,95.239,
Tomb Raider Secret of the Sword,Games Global,95.23,95.23,
Dragon Drop,NextGen,95.23,95.23,
Seven´s,iGaming2go,95.23,95.23,
Lucky Rose,Novomatic,95.23,95.23,
Froot Shoot,Cayetano Gaming,95.23,95.23,
I'm a Celebrity Get Me Out of Here,Games Global,95.23,95.23,
Tomb Raider,Games Global,95.22,95.22,
Royal Cash,iSoftBet,95.22,95.22,
Supe it Up,Games Global,95.22,95.22,
Eastern Delights,Playson,95.22,95.22,
Isis,Games Global,95.22,95.22,
Sun Quest,Games Global,95.22,95.22,
Crazy Genie,Red Tiger,95.22,95.22,
Jewel Journey,Eyecon,95.211,95.211,
Lucky Rabbits Loot,Games Global,95.21,95.21,
Orion,Genesis,95.21,95.21,
Casinomeister,NextGen,95.21,95.21,
Mermaid's Pearl,Greentube,95.21,95.21,
Nuclear Fishin',Rival Gaming,95.21,95.21,
Alice in Wonderslots,Playson,95.21,95.21,
Circus Deluxe,Playson,95.21,95.21,
1 Can 2 Can,NextGen Gaming,95.2,95.2,
Asian Fortune,Red Tiger Gaming,95.2,95.2,
Beach Babes,Microgaming,95.2,95.2,
Bonus Bears,Playtech,95.2,95.2,
By the Rivers of Buffalo,Skywind Group,95.2,95.2,
Call of Fruity,Barcrest,95.2,95.2,
Cash Drop,OpenBet,95.2,95.2,
Casinomeister,Cryptologic,95.2,95.2,
Chinese Treasures,Red Tiger Gaming,95.2,95.2,
Cinderella's Ball,Red Tiger Gaming,95.2,95.2,
Cleopatra Last of the Pharaohs,Mazooma,95.2,95.2,
Cleopatra Queen of Slots,Mazooma,95.2,95.2,
Crazy Genie,Red Tiger Gaming,95.2,95.2,
Daring Dave & the Eye of Ra,Playtech,95.2,95.2,
Days of the Tsar,Microgaming,95.2,95.2,
Divine Ways,Red Tiger Gaming,95.2,95.2,
Dolphin Reef,Playtech,95.2,95.2,
Dragon Drop,NextGen Gaming,95.2,95.2,
Dragon Gong,Skywind Group,95.2,95.2,
Dragon's Nest,Mascot Gaming,95.2,95.2,
Extra Cash!!,NextGen Gaming,95.2,95.2,
Feng Fu,Tom Horn Gaming,95.2,95.2,
Five Star Power Reels,Red Tiger Gaming,95.2,95.2,
Flying Circus,Microgaming,95.2,95.2,
Gems and the City,GamesOS,95.2,95.2,
Gems Gone Wild,Red Tiger Gaming,95.2,95.2,
God Of Wealth,Red Tiger Gaming,95.2,95.2,
Gold Star,Red Tiger Gaming,95.2,95.2,
Gold X,Tom Horn Gaming,95.2,95.2,
Golden Lotus,Red Tiger Gaming,95.2,95.2,
Golden Offer,Red Tiger Gaming,95.2,95.2,
Great Wild Elk,NextGen Gaming,95.2,95.2,
Inca Gold,Microgaming,95.2,95.2,
Isis,Microgaming,95.2,95.2,
Jester Spins,Red Tiger Gaming,95.2,95.2,
Jungle Cats,WMS Gaming,95.2,95.2,
Lady of the Orient,Microgaming,95.2,95.2,
Land of Gold,Playtech,95.2,95.2,
Lion Dance,Red Tiger Gaming,95.2,95.2,
Luck O' the Irish,Blueprint Gaming,95.2,95.2,
Lucky Carnival,Red Tiger Gaming,95.2,95.2,
Lucky Easter,Red Tiger Gaming,95.2,95.2,
Magic Gate,Red Tiger Gaming,95.2,95.2,
Mark of Medusa,Microgaming,95.2,95.2,
Masquerade,Red Tiger Gaming,95.2,95.2,
Mega Dragon,Red Tiger Gaming,95.2,95.2,
Mega Rise,Red Tiger Gaming,95.2,95.2,
Midas Gold,Red Tiger Gaming,95.2,95.2,
Mystery Reels,Red Tiger Gaming,95.2,95.2,
Nutty Squirrel,Microgaming,95.2,95.2,
Ocean Fortune,Red Tiger Gaming,95.2,95.2,
Orion,Genesis Gaming,95.2,95.2,
Palace of Riches 2,WMS Gaming,95.2,95.2,
Panther Moon,Playtech,95.2,95.2,
Phoenix,Red Tiger Gaming,95.2,95.2,
Polar Tale,Skywind Group,95.2,95.2,
Puss'n Boots,Red Tiger Gaming,95.2,95.2,
Rainbow Jackpots,Red Tiger Gaming,95.2,95.2,
Rainbow's End,Microgaming,95.2,95.2,
Reel Heist,Red Tiger Gaming,95.2,95.2,
Riches of Rome,WMS Gaming,95.2,95.2,
Rocket Candies,Skywind Group,95.2,95.2,
Roller Derby,Genesis Gaming,95.2,95.2,
Samurai Master,WMS Gaming,95.2,95.2,
Snow Wild and the 7 Features,Red Tiger Gaming,95.2,95.2,
Spinderella,Mazooma,95.2,95.2,
Stage 888,Red Tiger Gaming,95.2,95.2,
Sunset Showdown,Microgaming,95.2,95.2,
Supe it Up,Microgaming,95.2,95.2,
Syndicate,Evoplay Entertainment,95.2,95.2,
Ten Elements,Red Tiger Gaming,95.2,95.2,
The 100K Drop,Red Tiger Gaming,95.2,95.2,
The Codfather,NextGen Gaming,95.2,95.2,
The Lost Princess Anastasia,Genesis Gaming,95.2,95.2,
Tomb Raider: Secret of the Sword,Microgaming,95.2,95.2,
Totem Quest,GamesOS,95.2,95.2,
Treasure Mine,Red Tiger Gaming,95.2,95.2,
Valley of the Kings,Gamesys,95.2,95.2,
Vampire Slayers,GamesOS,95.2,95.2,
Wild Cats Multiline,Red Tiger Gaming,95.2,95.2,
Wild Fight,Red Tiger Gaming,95.2,95.2,
Wild Games,Playtech,95.2,95.2,
Wild Nords,Red Tiger Gaming,95.2,95.2,
Worms,Blueprint Gaming,95.2,95.2,
Zeus,WMS Gaming,95.2,95.2,
Reel Outlaws,Betsoft,95.2,95.2,
Orc's Battle,Games Global,95.2,95.2,
Great Wild Elk,NextGen,95.2,95.2,
Diamond Wild,iSoftBet,95.2,95.2,
Bobby 7's,NextGen,95.2,95.2,
Enchanted Mermaid,NextGen,95.2,95.2,
Supra Hot,Greentube,95.2,95.2,
African Simba,Greentube,95.2,95.2,
Loco 7's,Rival Gaming,95.2,95.2,
Winter Wonders,Rival Gaming,95.2,95.2,
As the Reels Turn 1,Rival Gaming,95.2,95.2,
Cinderella,Red Tiger,95.2,95.2,
Golden TV,SkillOnNet,95.2,95.2,
Pirates Treasure Hunt,SkillOnNet,95.2,95.2,
Mondial,Game360,95.2,95.2,
California Gold,NextGen,95.199,95.199,
The Cod Father,NextGen,95.199,95.199,
Dragon Emperor,Aristocrat,95.19,95.19,
Pumpkin Power,Novomatic,95.19,95.19,
Pharaoh's Ring,Greentube,95.19,95.19,
Lucky Dragons,Pragmatic Play,95.19,95.19,
Hercules Son of Zeus,Pragmatic Play,95.19,95.19,
Golden Offer,Red Tiger,95.19,95.19,
Ultra Fruits,Novomatic,95.19,95.19,
Savannah Storm,Novomatic,95.19,95.19,
Madder Scientist,Betsoft,95.18,95.18,
Mega Gems,Betsoft,95.18,95.18,
The Lost Princess Anastasia,Games Global,95.18,95.18,
Lolly Land,Chance Interactive,95.18,95.18,
Book of Maya,Greentube,95.18,95.18,
Win Wizards,Novomatic,95.18,95.18,
Two Mayans,Novomatic,95.18,95.18,
Merry Christmas,Playson,95.18,95.18,
Magic Gate,Red Tiger,95.18,95.18,
Ocean Fortune,Red Tiger,95.18,95.18,
Phoenix,Red Tiger,95.18,95.18,
Lion Dance,Red Tiger,95.18,95.18,
Super Sumo,Fantasma Games,95.18,95.18,
King Tut's Chamber HD,Play Labs,95.18,95.18,
Polar Adventure HD,Play Labs,95.18,95.18,
Pyramid Gold,Cayetano Gaming,95.17,95.17,
Alice Adventure,iSoftBet,95.17,95.17,
Illusions 2,iSoftBet,95.17,95.17,
Ninja Chef,iSoftBet,95.17,95.17,
The Forbidden Chamber,GamePlay,95.17,95.17,
The Wild Wood™,Novomatic,95.17,95.17,
Cleopatra Last of the Pharaohs,Novomatic,95.17,95.17,
Cleopatra Queen of Slots,Novomatic,95.17,95.17,
Spinderella,Novomatic,95.17,95.17,
Ultra Hot deluxe,Greentube,95.17,95.17,
Hot Chance,Greentube,95.17,95.17,
5 Dragons,Aristocrat,95.17,95.17,
Puss'N Boots,Red Tiger,95.17,95.17,
Rainbow Riches Free Spins,Barcrest,95.17,95.17,
World of Warlords,GamePlay,95.17,95.17,
Book of Stars,Greentube,95.16,95.16,
Firestarter,Novomatic,95.16,95.16,
Mayan Moons,Novomatic,95.16,95.16,
Gold Star,Red Tiger,95.16,95.16,
Stage 888,Red Tiger,95.16,95.16,
Marioni Show,Playson,95.16,95.16,
7 Wonders,GamePlay,95.16,95.16,
Cashdrop,OpenBet,95.16,95.16,
Paws of Fury,Blueprint,95.16,95.16,
Rainbow HD,Play Labs,95.16,95.16,
Carnival Bonus HD,Play Labs,95.16,95.16,
Archibald Oriental Tales HD,Play Labs,95.16,95.16,
Dante's Purgatory HD,Play Labs,95.16,95.16,
Kingdom of Legend™,Novomatic,95.15,95.15,
Jaguar Mist,Aristocrat,95.15,95.15,
Happy Jungle,Playson,95.15,95.15,
Divine Ways,Red Tiger,95.15,95.15,
Gems Gone Wild,Red Tiger,95.15,95.15,
Golden Lotus,Red Tiger,95.15,95.15,
Wild Fight,Red Tiger,95.15,95.15,
Peggle Slots,Blueprint,95.15,95.15,
Peter Pan,Blueprint,95.15,95.15,
Desert Oasis,GamePlay,95.15,95.15,
Goal!,Realistic,95.15,95.15,
Grape Escape,Habanero,95.15,95.15,
King Kong NextGen,NextGen,95.142,95.142,
Hells Grannies,Games Global,95.14,95.14,
Ancient Script,Red Tiger,95.14,95.14,
Tiger Heart,GameArt,95.14,95.14,
The Jewel Thief,Sigma Gaming,95.14,95.14,
Gringo Dineros,Sigma Gaming,95.14,95.14,
Cashapillar,Games Global,95.13,95.13,
Cleopatra's Choice,Novomatic,95.13,95.13,
Gryphon's Gold deluxe,Novomatic,95.13,95.13,
Fruit Farm,Novomatic,95.13,95.13,
Sea Sirens,Novomatic,95.13,95.13,
Dolphin´s Pearl deluxe,Greentube,95.13,95.13,
Dolphin's Pearl,Greentube,95.13,95.13,
Lucky Lady's Charm deluxe Slot ᐈ Review + Where to play,Greentube,95.13,95.13,
Imperial Palace,Red Tiger,95.13,95.13,
Wild Spartans,Red Tiger,95.13,95.13,
Grand Wheel,Red Tiger,95.13,95.13,
Creepy Castle,Chance Interactive,95.124,95.124,
Bangkok Nights,NextGen,95.12,95.12,
Hot Roller,NextGen,95.12,95.12,
Helena™,Novomatic,95.12,95.12,
Cindereela,Novomatic,95.12,95.12,
Treasure of Tombs,Playson,95.12,95.12,
Blue Diamond,Red Tiger,95.12,95.12,
Lucky Wizard,Red Tiger,95.12,95.12,
Winter Wonders,Red Tiger,95.12,95.12,
Sweet Sins,Novomatic,95.12,95.12,
Santa in Town,Cozy,95.12,95.12,
Royal Treasures,Cozy,95.12,95.12,
Fire & Steel,Betsoft,95.12,95.12,
Lucky's Empire,Games Warehouse,95.12,95.12,
King of the Pride,Mazooma,95.11,95.11,
Reel Attraction,Novomatic,95.11,95.11,
Spinning Stars,Novomatic,95.11,95.11,
Batman & Catwoman Cash,Playtech,0.99,95.11,95.11
Colossus Fracpot,CORE Gaming,95.11,95.11,
8 Leprechauns,PlayPearls,95.1,95.1,
81 Frutas Grandes,Tom Horn Gaming,95.1,95.1,
Agent X,Virtue Fusion,95.1,95.1,
Alawin,Sheriff Gaming,95.1,95.1,
An Evening With Holly Madison,NextGen Gaming,95.1,95.1,
Ancient Script,Red Tiger Gaming,95.1,95.1,
Arcade Bomb,Red Tiger Gaming,95.1,95.1,
Archibald Oriental,World Match,95.1,95.1,
Aztecs,Cozy Games,95.1,95.1,
Batman and Catwoman Cash,Playtech,95.1,95.1,
Battleground Spins,GamesOS,95.1,95.1,
Blue Diamond,Red Tiger Gaming,95.1,95.1,
Blue Lagoon,WMS Gaming,95.1,95.1,
Bob's Bowling Bonanza,Microgaming,95.1,95.1,
Bonus Digger,Skywind Group,95.1,95.1,
Carnival Bonus,World Match,95.1,95.1,
Cashapillar,Microgaming,95.1,95.1,
Chasin' Rainbows,Gamesys,95.1,95.1,
Chavin it Large,Microgaming,95.1,95.1,
Chicken Fiesta,Skywind Group,95.1,95.1,
Clash of Pirates,Evoplay Entertainment,95.1,95.1,
Crown Gems,Barcrest,95.1,95.1,
CSI: Crime Scene Investigation,Skywind Group,95.1,95.1,
Cute and Fluffy,Playtech,95.1,95.1,
Dante's Purgatory,World Match,95.1,95.1,
Devil's Number,Red Tiger Gaming,95.1,95.1,
Dragon Champions,Playtech,95.1,95.1,
Dragon's Luck,Red Tiger Gaming,95.1,95.1,
Dragon's Luck Power Reels,Red Tiger Gaming,95.1,95.1,
Ed's Venture,Sheriff Gaming,95.1,95.1,
Emerald Eyes,WMS Gaming,95.1,95.1,
Epic Journey,Red Tiger Gaming,95.1,95.1,
Excalibur,Net Entertainment,95.1,95.1,
Explosion,Skywind Group,95.1,95.1,
Fighting Fish,Microgaming,95.1,95.1,
First Past the Post,Microgaming,95.1,95.1,
Fishing With Buddies,Playtech,95.1,95.1,
Flaming Fox,Red Tiger Gaming,95.1,95.1,
Fortune Charm,Red Tiger Gaming,95.1,95.1,
Fortune of the Pharaohs,Sheriff Gaming,95.1,95.1,
Foxy Fortunes,Playtech,95.1,95.1,
Freaky Cowboys,GamesOS,95.1,95.1,
Fruit Drops,Mazooma,95.1,95.1,
Gem Hunter,WMS Gaming,95.1,95.1,
Gemstone Jackpot,Mazooma,95.1,95.1,
Gemtastic,Red Tiger Gaming,95.1,95.1,
Genie's Gems,Microgaming,95.1,95.1,
Golden Goose Genie's Gems,Microgaming,95.1,95.1,
Grand Wheel,Red Tiger Gaming,95.1,95.1,
Griffin's Gate,WMS Gaming,95.1,95.1,
Gypsy Queen,Microgaming,95.1,95.1,
Hearts of Venice,WMS Gaming,95.1,95.1,
Heavy Metal Princess,PlayPearls,95.1,95.1,
Hells Grannies: Knit Happens,Genesis Gaming,95.1,95.1,
Imperial Palace,Red Tiger Gaming,95.1,95.1,
Irish Eyes,Microgaming,95.1,95.1,
Irish Eyes,NextGen Gaming,95.1,95.1,
Jester's Jackpot,Microgaming,95.1,95.1,
Jewellery Store,Evoplay Entertainment,95.1,95.1,
Juego de la Oca,Playtech,95.1,95.1,
Jungle Giants,Playtech,95.1,95.1,
Jungle Wild,WMS Gaming,95.1,95.1,
King Arthur,Ash Gaming,95.1,95.1,
King Kong,NextGen Gaming,95.1,95.1,
King of Africa,WMS Gaming,95.1,95.1,
Kronos,WMS Gaming,95.1,95.1,
La Gallina D'oro,Skywind Group,95.1,95.1,
Laser Fruit,Red Tiger Gaming,95.1,95.1,
Leprechaun's Fortune,WMS Gaming,95.1,95.1,
Lions Share,Microgaming,95.1,95.1,
Little Chief Big Cash,Microgaming,95.1,95.1,
Lord of the Ocean,Novomatic,95.1,95.1,
Luau Loot,WMS Gaming,95.1,95.1,
Lucky Fisherman,Skywind Group,95.1,95.1,
Lucky Halloween,Red Tiger Gaming,95.1,95.1,
Lucky Mr Green,Red Tiger Gaming,95.1,95.1,
Lucky Valentine,Red Tiger Gaming,95.1,95.1,
Lucky Wizard,Red Tiger Gaming,95.1,95.1,
Magic Wand,WMS Gaming,95.1,95.1,
Mega Jade,Red Tiger Gaming,95.1,95.1,
Mega Pyramid,Red Tiger Gaming,95.1,95.1,
Merry Money,Barcrest,95.1,95.1,
Money Mad Martians: Cosmic Cash,Barcrest,95.1,95.1,
Monkey's Money,Microgaming,95.1,95.1,
Monsters Party,Sheriff Gaming,95.1,95.1,
Mystic Wheel,Red Tiger Gaming,95.1,95.1,
Ninja Ways,Red Tiger Gaming,95.1,95.1,
Nuts & Bolts,Gamesys,95.1,95.1,
Pedal Power,Microgaming,95.1,95.1,
Pela El Reno,World Match,95.1,95.1,
Persian Fortune,Red Tiger Gaming,95.1,95.1,
Piggy Pirates,Red Tiger Gaming,95.1,95.1,
Pirates Plenty: The Sunken Treasure,Red Tiger Gaming,95.1,95.1,
Plataea,WMS Gaming,95.1,95.1,
Porky Payout,Microgaming,95.1,95.1,
Prince of Persia,Mascot Gaming,95.1,95.1,
Punta La Gallina,Skywind Group,95.1,95.1,
Quest for Beer,Microgaming,95.1,95.1,
Rainbow,World Match,95.1,95.1,
Reactor,Red Tiger Gaming,95.1,95.1,
Reel King Mega,Red Tiger Gaming,95.1,95.1,
Robin Hood,Evoplay Entertainment,95.1,95.1,
Royal Treasures,Cozy Games,95.1,95.1,
Samba Brazil,Playtech,95.1,95.1,
Santa in Town,Cozy Games,95.1,95.1,
Sheerluck Holmes,Virtue Fusion,95.1,95.1,
Spin Town,Red Tiger Gaming,95.1,95.1,
Star of India,WMS Gaming,95.1,95.1,
Star Trex,PlayPearls,95.1,95.1,
Stash of the Titans,Microgaming,95.1,95.1,
Sumo Spins,Red Tiger Gaming,95.1,95.1,
Sushi Express,Cryptologic,95.1,95.1,
Temple of Gold,Red Tiger Gaming,95.1,95.1,
The Amsterdam Master Plan,Sheriff Gaming,95.1,95.1,
The Equalizer,Red Tiger Gaming,95.1,95.1,
The Gold Mine,Virtue Fusion,95.1,95.1,
The High Life,Microgaming,95.1,95.1,
The Matrix,Playtech,95.1,95.1,
The Pharaoh's Chamber,Virtue Fusion,95.1,95.1,
The Robets,Sheriff Gaming,95.1,95.1,
The Wizard of Oz,WMS Gaming,95.1,95.1,
Thor's Lightning,Red Tiger Gaming,95.1,95.1,
Three Kingdoms,Red Tiger Gaming,95.1,95.1,
Tiki Fruits,Red Tiger Gaming,95.1,95.1,
Totem Lightning Power Reels,Red Tiger Gaming,95.1,95.1,
Turstugan,Nolimit City,95.1,95.1,
Twin Samurai,Microgaming,95.1,95.1,
Venetian Romance,WMS Gaming,95.1,95.1,
Vicky Ventura,Red Tiger Gaming,95.1,95.1,
Whipping Wild,WMS Gaming,95.1,95.1,
Wild Elements,Red Tiger Gaming,95.1,95.1,
Wild Spartans,Red Tiger Gaming,95.1,95.1,
Wild Wild Chest,Red Tiger Gaming,95.1,95.1,
Win Escalator,Red Tiger Gaming,95.1,95.1,
Winter Wonders,Red Tiger Gaming,95.1,95.1,
Jackpot Jester Wild Nudge,NextGen Gaming,95.0,95.1,
Explosive Wins,Arrow's Edge,94.5,95.1,
Mystery at the Mansion,NetEnt,95.1,95.1,
Pandoras Box,NetEnt,95.1,95.1,
Trolls,NetEnt,95.1,95.1,
Big Kahuna,Games Global,95.1,95.1,
Jackpot Jester Wild Nudge,NextGen,95.1,95.1,
Irish Eyes,NextGen,95.1,95.1,
King Tiger,NextGen,95.1,95.1,
Spanish Eyes,NextGen,95.1,95.1,
Venetian Rose,NextGen,95.1,95.1,
Zenia Queen of War,Novomatic,95.1,95.1,
Faust,Greentube,95.1,95.1,
Plenty of Fruit 40,Greentube,95.1,95.1,
Red Lady,Greentube,95.1,95.1,
Mystery Star,Eurocoin Interactive,95.1,95.1,
Golden Sevens,Greentube,95.1,95.1,
Secrets of the Sand,Novomatic,95.1,95.1,
Rumpel Wildspins,Greentube,95.1,95.1,
Lord of the Ocean,Greentube,95.1,95.1,
Golden Ark,Greentube,95.1,95.1,
Book of Ra Deluxe & Free Play,Greentube,95.1,95.1,
7's To Burn,Barcrest,95.1,95.1,
Batman & The Riddler Riches,Playtech,95.1,95.1,
Spy Game,Rival Gaming,95.1,95.1,
Mega Jade,Red Tiger,95.1,95.1,
Three Kingdoms,Red Tiger,95.1,95.1,
Book of Ra Deluxe Jackpot Edition,Novomatic,95.1,95.1,
Sushi Express,Amaya,95.1,95.1,
Riches of the Sea HD,Play Labs,95.1,95.1,
Mandarin Fortune HD,Play Labs,95.1,95.1,
Ninja´s Path,Big Wave Gaming,95.095,95.095,
Hoffmeister,Novomatic,95.09,95.09,
Ali Baba's Treasure,Cayetano Gaming,95.09,95.09,
Sizzling 6,Novomatic,95.09,95.09,
Flamenco Roses,Greentube,95.09,95.09,
Gorilla,Greentube,95.09,95.09,
Fairy Queen,Greentube,95.09,95.09,
Money Mad Martians Cosmic Cash,Barcrest,95.09,95.09,
Book Of Aztec,Amatic Industries,95.09,95.09,
An Evening with Holly Madison,NextGen,95.083,95.083,
Excalibur,NetEnt,95.08,95.08,
Merlin's Millions Superbet,NextGen,95.08,95.08,
Jackpot Jester 50k,NextGen,95.08,95.08,
Magic27,Novomatic,95.08,95.08,
Fruit Drops,Novomatic,95.08,95.08,
Gemstone Jackpot,Novomatic,95.08,95.08,
Pharaoh´s Tomb,Greentube,95.08,95.08,
Epic Journey,Red Tiger,95.08,95.08,
Persian Fortune,Red Tiger,95.08,95.08,
Lucky Valentine,Red Tiger,95.08,95.08,
Chain Reactors Trails,Cozy,94.58,95.08,94.58
Treasures of Tombs Hidden Gold,Playson,95.08,95.08,
Jelly Bear Athletics,Red7,95.08,95.08,
Devil's Heat,Booming Games,4.92,95.08,95.08
Aladin's Lamp,Cayetano Gaming,95.07,95.07,
Game of Thrones 243 Ways,Games Global,95.07,95.07,
Stash of the Titans,Games Global,95.07,95.07,
Sinderella,Novomatic,95.07,95.07,
Clockwork Oranges,Novomatic,95.07,95.07,
Lucky Halloween,Red Tiger,95.07,95.07,
Wild Wild Chest,Red Tiger,95.07,95.07,
Magic Jester,Novomatic,95.07,95.07,
Ali Baba,Jili Games,95.07,95.07,
King Arthur,Games Global,95.07,95.07,
Juicy Monsters,Bwin.Party,95.07,95.07,
Fireworks Master,Playson,95.07,95.07,
Triple Diamond,IGT,95.06,95.06,
Ambiance,iSoftBet,95.06,95.06,
Dragon's Deep,Big Wave Gaming,95.06,95.06,
Magic 81 Lines,Greentube,95.06,95.06,
Orca,Novomatic,95.06,95.06,
777 Golden Wheel,GamePlay,95.06,95.06,
Time Warp,Cayetano Gaming,95.06,95.06,
Hot Wheels,SkillOnNet,79.0,95.06,95.06
Aztec Rising,Eyecon,95.06,95.06,
Happy Mushroom,Eyecon,95.06,95.06,
Sugar Train,Eyecon,95.06,95.06,
Man of Steel,Playtech,0.99,95.05,95.05
Beauty's Beast,Cayetano Gaming,95.05,95.05,
The voyages of Sinbad,2by2 Gaming,95.05,95.05,
Mandarin fortune,2by2 Gaming,95.05,95.05,
Pure Jewels,Novomatic,95.05,95.05,
Mega Joker,Greentube,95.05,95.05,
Secret Elixir,Novomatic,95.05,95.05,
Lucky Fairy,Sigma Gaming,95.05,95.05,
Luck O' The Irish Fortune Spins,Blueprint,95.05,95.05,
Supershots,Leander Games,95.05,95.05,
Amazon's Diamonds,Greentube,95.05,95.05,
Olympus,Genesis,95.05,95.05,
Egyptian Treasures,Mazooma,95.05,95.05,
Astro Fruits,OpenBet,95.05,95.05,
Very Merry Christmas,Eyecon,95.05,95.05,
Diamonds On Fire,Amatic Industries,95.05,95.05,
Bingo Billions,NextGen,95.044,95.044,
Robyn,Genesis,95.04,95.04,
Irish Eyes 2,NextGen,95.04,95.04,
Doctor Love,NextGen,95.04,95.04,
Sea Beauty™,Novomatic,95.04,95.04,
Autumn Queen™,Novomatic,95.04,95.04,
American Gangster,Big Wave Gaming,95.04,95.04,
Golden Money Frog,Sigma Gaming,1.8,95.04,95.0
Captain Quids Treasure Quest,IGT,95.04,95.04,
Dimsumlicious,GamePlay,95.04,95.04,
Planet Zodiac,SkillOnNet,95.04,95.04,
Gold,Big Time Gaming,95.03,95.03,
Crown of Egypt,IGT,95.03,95.03,
Dead or Alive,NetEnt,95.03,95.03,
Lava Loot,Novomatic,95.03,95.03,
Book of Ra deluxe 6,Greentube,95.03,95.03,
Volcanic Cash,Novomatic,95.03,95.03,
Chicago,Greentube,95.03,95.03,
Firemen,Playtech,95.03,95.03,
Birthday Bonanza,Sigma Gaming,95.03,95.03,
Epic City,Old Skool Studios,95.03,95.03,
X-Men,Playtech,95.03,95.03,
Superman II Slot,Playtech,95.03,95.03,
La Rouge,Old Skool Studios,95.03,95.03,
Dragons Wild,Cayetano Gaming,95.03,95.03,
Diamond Dice,Cayetano Gaming,95.03,95.03,
Fairy Ring,Games Global,95.03,95.03,
Hercules HD,Play Labs,95.03,95.03,
Aztec Moon HD,Play Labs,95.03,95.03,
Xcalibur HD,Play Labs,95.03,95.03,
Little Red Riding Hood,Cayetano Gaming,95.02,95.02,
Monty's Millions,Barcrest,95.02,95.02,
"Vegas, Baby!",IGT,95.02,95.02,
Spooky Family,iSoftBet,95.02,95.02,
Bar 7's,Novomatic,95.02,95.02,
Wild Thing,Eurocoin Interactive,95.02,95.02,
Cops'n' Robbers,Greentube,95.02,95.02,
Katana,Greentube,95.02,95.02,
Columbus deluxe,Greentube,95.02,95.02,
Elven Magic,Red Tiger,95.02,95.02,
Fortune Girl,Games Global,95.02,95.02,
Winter Queen,Novomatic,95.02,95.02,
Jurassic Giants,Pragmatic Play,95.02,95.02,
Irish Clover,Cayetano Gaming,95.02,95.02,
Count Yer Cash,Mazooma,95.02,95.02,
Pets Payday,Revolver Gaming,95.02,95.02,
Cops 'n' Robbers Safecracker,Mazooma,95.02,95.02,
Kung Food,Bwin.Party,95.02,95.02,
Superman The Movie,Playtech,94.02,95.01,95.01
"The 50,000 Pyramid",IGT,95.01,95.01,
Reel Strike,Games Global,95.01,95.01,
The Best Witch,iSoftBet,95.01,95.01,
The Warriors,iSoftBet,95.01,95.01,
Bejeweled 2,Gamesys,95.01,95.01,
Dynasty of Ra™,Greentube,95.01,95.01,
Sweet Spins,Big Wave Gaming,95.01,95.01,
Costa del Cash,Novomatic,95.01,95.01,
Batman & The Joker Jewels,Playtech,95.01,95.01,
Troll's Tale,Nektan,95.01,95.01,
Honey Buziness,Games Global,95.01,95.01,
Chuzzle,Blueprint,95.01,95.01,
The Big Easy,IGT,95.01,95.01,
Jail Break,Bwin.Party,95.01,95.01,
Aladdin's Legacy,Amaya Gaming,95.0,95.0,
Alice and the Mad Tea Party,WMS Gaming,95.0,95.0,
Alkemor's Tower,Betsoft,95.0,95.0,
All That Glitters 2,WMS Gaming,95.0,95.0,
Alley Cats,Microgaming,95.0,95.0,
Arabian Charms,Barcrest,95.0,95.0,
Atlantis,Sheriff Gaming,95.0,95.0,
Avalon: The Lost Kingdom,BGaming,95.0,95.0,
Bang Hai,Gamesys,95.0,95.0,
Bar Bar Black Sheep,Microgaming,95.0,95.0,
Bar X Colossal,Slingo Originals,95.0,95.0,
Bars and Bells,Amaya Gaming,95.0,95.0,
Bastet and Cats,Mascot Gaming,95.0,95.0,
Batman and the Joker Jewels,Playtech,95.0,95.0,
Big Foot,NextGen Gaming,95.0,95.0,
Big Hitter,1x2 Gaming,95.0,95.0,
Bingo Billions,NextGen Gaming,95.0,95.0,
Blazing 777,1x2 Gaming,95.0,95.0,
Bloody Mary's Booty,PlayPearls,95.0,95.0,
Blue Moon,WMS Gaming,95.0,95.0,
Bomber Girls,Microgaming,95.0,95.0,
Book of Gems Megaways,Skywind Group,95.0,95.0,
Book of Slingo,Slingo Originals,95.0,95.0,
Buffalo Spirit,WMS Gaming,95.0,95.0,
Bugs,Sheriff Gaming,95.0,95.0,
Capt. Quid's Treasure Quest,IGT,95.0,95.0,
Captain Nelson Deluxe,Zeus Play,95.0,95.0,
Cash Clams,Microgaming,95.0,95.0,
Cash Hunter,Sheriff Gaming,95.0,95.0,
Cash Inferno,Amaya Gaming,95.0,95.0,
Cashino,Barcrest,95.0,95.0,
Casper's Mystery Mirror,Blueprint Gaming,95.0,95.0,
Castle Cashalot,Virtue Fusion,95.0,95.0,
Celebrity Zoo,PlayPearls,95.0,95.0,
Chain Reactors Super Trails,OpenBet,95.0,95.0,
Chieftains,WMS Gaming,95.0,95.0,
Chinese New Year,Sheriff Gaming,95.0,95.0,
Cleopatra's Chest,Virtue Fusion,95.0,95.0,
Clover Rollover,Virtue Fusion,95.0,95.0,
Cops 'n' Robbers,Mazooma,95.0,95.0,
Cops 'n' Robbers Millionaires Row,Mazooma,95.0,95.0,
Cracker Jack,Microgaming,95.0,95.0,
Deal or No Deal Slot,Endemol Games,95.0,95.0,
Deep Descent,Relax Gaming,95.0,95.0,
Dice Tronic,Zeus Play,95.0,95.0,
Dice Tronic X,Zeus Play,95.0,95.0,
Dice Tronic XL,Zeus Play,95.0,95.0,
Disco Fever,Zeus Play,95.0,95.0,
Doctor Love,NextGen Gaming,95.0,95.0,
Dog Casher,Sheriff Gaming,95.0,95.0,
Dragon Born,Big Time Gaming,95.0,95.0,
Dragon's Wild Fire,Mazooma,95.0,95.0,
Dream Diver,Elk Studios,95.0,95.0,
Eastern Dragon,NextGen Gaming,95.0,95.0,
Egyptian Riches,WMS Gaming,95.0,95.0,
El Principe,Skywind Group,95.0,95.0,
Elven Magic,Red Tiger Gaming,95.0,95.0,
Enchanted Dragon,WMS Gaming,95.0,95.0,
Esqueleto Mariachi,Red Tiger Gaming,95.0,95.0,
Extra Super Hot Barbeque,Zeus Play,95.0,95.0,
Fate of Fortune,Elk Studios,95.0,95.0,
Firemen,Ash Gaming,95.0,95.0,
Flower Power,Microgaming,95.0,95.0,
Football 3x3,1x2 Gaming,95.0,95.0,
Fortunes of the Caribbean,WMS Gaming,95.0,95.0,
French Cuisine,Sheriff Gaming,95.0,95.0,
Frog Royale,Sheriff Gaming,95.0,95.0,
Fruits of Luxor,Mascot Gaming,95.0,95.0,
Game of Dragons 2,WMS Gaming,95.0,95.0,
George and the Dragon,Virtue Fusion,95.0,95.0,
Gladiator,Microgaming,95.0,95.0,
Gold Fish,WMS Gaming,95.0,95.0,
Golden Goose Crazy Chameleons,Microgaming,95.0,95.0,
Golden Goose Totem Treasure,Microgaming,95.0,95.0,
Golden Goose Winning Wizards,Microgaming,95.0,95.0,
Golden Knight,High 5 Games,95.0,95.0,
Golden Temple,Red Tiger Gaming,95.0,95.0,
Goooal!,Amaya Gaming,95.0,95.0,
Gorilla Chief 2,WMS Gaming,95.0,95.0,
Gorilla's Realm,Skywind Group,95.0,95.0,
Green Lantern,Playtech,95.0,95.0,
Happy Fruits,Mazooma,95.0,95.0,
Heart of the Jungle,Ash Gaming,95.0,95.0,
Highway Kings Pro,Playtech,95.0,95.0,
Hollywood Boulevard,Virtue Fusion,95.0,95.0,
Hot Slot,Barcrest,95.0,95.0,
I Love Lucy,WMS Gaming,95.0,95.0,
In It For the Monet,Gamesys,95.0,95.0,
Infinium The Enchanted Reels,Zeus Play,95.0,95.0,
Irish Eyes 2,NextGen Gaming,95.0,95.0,
Italia 3x3,1x2 Gaming,95.0,95.0,
Jeopardy,IGT,95.0,95.0,
Jewels of the Sea,Mazooma,95.0,95.0,
Jogo Do Bicho,Skywind Group,95.0,95.0,
John Wayne,WMS Gaming,95.0,95.0,
Jungle Madness,Virtue Fusion,95.0,95.0,
King of the Aztecs,Barcrest,95.0,95.0,
Kingdom of the Titans,WMS Gaming,95.0,95.0,
Lancelot,WMS Gaming,95.0,95.0,
Las Vegas Fever,Sheriff Gaming,95.0,95.0,
Leprechaun's Magic,Red Tiger Gaming,95.0,95.0,
LepryBunny,Skywind Group,95.0,95.0,
Lost Treasures,Sheriff Gaming,95.0,95.0,
Lucky Changer,Skywind Group,95.0,95.0,
Lucky Ladies 88,Virtue Fusion,95.0,95.0,
Lucky Streaks,1x2 Gaming,95.0,95.0,
Mad Cubes 25,Zeus Play,95.0,95.0,
Mad Cubes 50,Zeus Play,95.0,95.0,
Mafia Millions,Virtue Fusion,95.0,95.0,
Magical Stacks,Playtech,95.0,95.0,
Marine Mayhem,Virtue Fusion,95.0,95.0,
Mayan Gods,Red Tiger Gaming,95.0,95.0,
Mayan Mania,Virtue Fusion,95.0,95.0,
Mayan Sun,WMS Gaming,95.0,95.0,
Mermaid's Gold,WMS Gaming,95.0,95.0,
Miss Fortune,Playtech,95.0,95.0,
Mojo Rising,WMS Gaming,95.0,95.0,
Monkey's Millions,Mazooma,95.0,95.0,
Mr Good,Sheriff Gaming,95.0,95.0,
Neptune's Fortune,WMS Gaming,95.0,95.0,
Night Trax,Elk Studios,95.0,95.0,
Nitropolis 2,Elk Studios,95.0,95.0,
Norse Warrior,WMS Gaming,95.0,95.0,
Odds of the Gods,OpenBet,95.0,95.0,
Paper Wins,Gamesys,95.0,95.0,
Pet Luck,Virtue Fusion,95.0,95.0,
Phoenix Inferno,1x2 Gaming,95.0,95.0,
Piggy Bank,Sheriff Gaming,95.0,95.0,
Pirate Plunder,Virtue Fusion,95.0,95.0,
Potion Commotion,NextGen Gaming,95.0,95.0,
Rainbow 3x3,1x2 Gaming,95.0,95.0,
Rainbow King,Novomatic,95.0,95.0,
Rainbow Reels,Mazooma,95.0,95.0,
Rainbow Riches,Barcrest,95.0,95.0,
Rambo,Skywind Group,95.0,95.0,
Rawhide,WMS Gaming,95.0,95.0,
Red Diamond,Red Tiger Gaming,95.0,95.0,
Reel Strike,Microgaming,95.0,95.0,
Resident Evil 6,Skywind Group,95.0,95.0,
Robyn,Genesis Gaming,95.0,95.0,
Rocky,Playtech,95.0,95.0,
Rome & Egypt,WMS Gaming,95.0,95.0,
Royal Rings,Skywind Group,95.0,95.0,
Rubies and Sapphires,Cozy Games,95.0,95.0,
Rumble in the Jungle,OpenBet,95.0,95.0,
Run Chicken Run,GamesOS,95.0,95.0,
Secrets of the Phoenix,Gamesys,95.0,95.0,
Sky Barons,Tom Horn Gaming,95.0,95.0,
Slingo Wild Adventure,Slingo Originals,95.0,95.0,
Snow Queen's Magic,Virtue Fusion,95.0,95.0,
Spectacular,Microgaming,95.0,95.0,
Star Appeal,Microgaming,95.0,95.0,
Star Trek: A Piece of the Action,WMS Gaming,95.0,95.0,
Star Trek: Explore New Worlds,WMS Gaming,95.0,95.0,
Star Trek: Red Alert,WMS Gaming,95.0,95.0,
Star Trek: Trap a Tribble,WMS Gaming,95.0,95.0,
Star Trek: Trek Through Time,WMS Gaming,95.0,95.0,
Star Trek: Trouble With Tribbles,WMS Gaming,95.0,95.0,
Streak of Luck,Playtech,95.0,95.0,
Sultan's Gold,Playtech,95.0,95.0,
Sunset Beach,Playtech,95.0,95.0,
Super Hot Barbeque,Zeus Play,95.0,95.0,
Superman II,Playtech,95.0,95.0,
Talismans of Fortune,Evoplay Entertainment,95.0,95.0,
Tarot Fortune,Virtue Fusion,95.0,95.0,
Temptation Queen,WMS Gaming,95.0,95.0,
Thai Flower,Barcrest,95.0,95.0,
Thai Paradise,Playtech,95.0,95.0,
The Book of Amaterasu,Mascot Gaming,95.0,95.0,
The Greatest Train Robbery,Red Tiger Gaming,95.0,95.0,
The Riches of Don Quixote,Playtech,95.0,95.0,
The Three Stooges II,Realtime Gaming,95.0,95.0,
The Wizard of Oz Ruby Slippers,WMS Gaming,95.0,95.0,
Thor's Thunder,Virtue Fusion,95.0,95.0,
Tiger's Realm,WMS Gaming,95.0,95.0,
Tiki Totems,Gamesys,95.0,95.0,
Toys 'n Treasures,Cozy Games,95.0,95.0,
Treasure Island,Inspired Gaming,95.0,95.0,
Treasures of King Arthur,Cozy Games,95.0,95.0,
Trojan Horse Tiny Heroes,Zeus Play,95.0,95.0,
Tropicool,Elk Studios,95.0,95.0,
Twilight Forest,Gamesys,95.0,95.0,
Valley of the Scarab,Cryptologic,95.0,95.0,
Vegas Nights,Evoplay Entertainment,95.0,95.0,
Vikingmania,Playtech,95.0,95.0,
Volcano Island,Skywind Group,95.0,95.0,
Wintry Wonderland,Virtue Fusion,95.0,95.0,
Wipeout,Barcrest,95.0,95.0,
Wonders of the Deep,Gamesys,95.0,95.0,
World-Cup Soccer Spins,GamesOS,95.0,95.0,
Xmas 3x3,1x2 Gaming,95.0,95.0,
Zany Zebra,Microgaming,95.0,95.0,
Where's The Gold,Aristocrat,95.0,95.0,
Choy Sun Doa,Aristocrat,95.0,95.0,
Pharaoh's Secrets,Playtech,94.0,95.0,
Queen Of The Pyramids,Playtech,94.0,95.0,
Wings of Gold,Playtech,94.0,95.0,
Sumatran Storm,IGT,95.0,95.0,
Hexbreaker 2,IGT,95.0,95.0,
Dragon Kingdom,Playtech,93.0,95.0,
Balloonies Farm,IGT,95.0,95.0,
Pamplona,IGT,95.0,95.0,
Garden Party,IGT,95.0,95.0,
Natural Powers,IGT,95.0,95.0,
Transformers Battle for Cybertron,IGT,95.0,95.0,
Pacific Paradise,IGT,95.0,95.0,
Treasures of the Pyramids,IGT,95.0,95.0,
Magic Castle,IGT,95.0,95.0,
Cash Coaster,IGT,95.0,95.0,
Firehouse Hounds,IGT,95.0,95.0,
Ghostbusters Triple Slime,IGT,95.0,95.0,
Ninja Star,Realtime Gaming,91.0,95.0,
Super Times Pay,IGT,95.0,95.0,
Revolution,Betsoft,95.0,95.0,
Club 2000,StakeLogic,95.0,95.0,
Random 2 Wild,StakeLogic,95.0,95.0,
Random 2 Wins,StakeLogic,95.0,95.0,
Psycho,NextGen,95.0,95.0,
The Spin Lab,NextGen,95.0,95.0,
Wild West,NextGen,95.0,95.0,
Owl Eyes,NextGen,95.0,95.0,
Easy Slider,NextGen,95.0,95.0,
Potion Commotion,NextGen,95.0,95.0,
Eastern Dragon,NextGen,95.0,95.0,
Napoleon Boney Parts,NextGen,95.0,95.0,
The Snake Charmer,NextGen,95.0,95.0,
Tootin Car Man,NextGen,95.0,95.0,
Jungle Explorer,Novomatic,95.0,95.0,
Monkey's Millions,Novomatic,95.0,95.0,
Reel King Potty,Greentube,95.0,95.0,
Wild Horses,Novomatic,95.0,95.0,
5 Line Multiplay,Eurocoin Interactive,95.0,95.0,
Dr. Enlarg-o,Novomatic,95.0,95.0,
Winner´s Car Wash,Novomatic,95.0,95.0,
Hold it Casino,Greentube,95.0,95.0,
Cirque du Cheval,Novomatic,95.0,95.0,
Cupid´s Arrow,Novomatic,95.0,95.0,
Bella Donna,Novomatic,95.0,95.0,
Cash 300 Casino,Eurocoin Interactive,95.0,95.0,
7´s Gold Casino,Eurocoin Interactive,95.0,95.0,
Fruit Fest,Greentube,95.0,95.0,
Dragon's Wild Fire,Novomatic,95.0,95.0,
GOLDEN X casino,Eurocoin Interactive,95.0,95.0,
Twisted Pays,Novomatic,95.0,95.0,
5 Line Jokers,Eurocoin Interactive,95.0,95.0,
King of Cards,Greentube,95.0,95.0,
Jokers Casino,Eurocoin Interactive,95.0,95.0,
Wild Rescue,Novomatic,95.0,95.0,
Grand Slam Casino,Greentube,95.0,95.0,
Armadillo Artie Dash for Cash,Novomatic,95.0,95.0,
Rainbow Reels,Novomatic,95.0,95.0,
Random Runner 15,Greentube,95.0,95.0,
Happy Fruits,Novomatic,95.0,95.0,
Hold your horses,Design Works Gaming,95.0,95.0,
The Real King Aloha Hawaii,Novomatic,95.0,95.0,
Rex,Novomatic,95.0,95.0,
Cat Scratch Fever,Novomatic,95.0,95.0,
Cash Farm,Novomatic,95.0,95.0,
Robo Smash Xmas,iSoftBet,95.0,95.0,
Ca$hino,Barcrest,95.0,95.0,
Flame of Fortune,Barcrest,95.0,95.0,
Rainbow Riches Slot By Barcrest,Barcrest,95.0,95.0,
Super Times Pay Hot Roll,IGT,95.0,95.0,
Jumpin' Rabbit,Games Global,95.0,95.0,
Crazy Camel Cash,Rival Gaming,95.0,95.0,
Snow Wonder,Rival Gaming,95.0,95.0,
Arabian Tales,Rival Gaming,95.0,95.0,
Best of Luck,Rival Gaming,95.0,95.0,
Flying Colors,Rival Gaming,95.0,95.0,
Metal Detector,Rival Gaming,95.0,95.0,
Pigskin Payout,Rival Gaming,95.0,95.0,
Shamrock Isle,Rival Gaming,95.0,95.0,
Wild Carnival,Rival Gaming,95.0,95.0,
Bowled Over,Rival Gaming,95.0,95.0,
Cosmic Quest: Mission Control,Rival Gaming,95.0,95.0,
Fixer Upper,Rival Gaming,95.0,95.0,
Psychedelic Sixties,Rival Gaming,95.0,95.0,
Ice 7 Bar,The Better Platform,95.0,95.0,
The Legend of Emerald,The Better Platform,95.0,95.0,
20 Star Party,CT Gaming,95.0,95.0,
Deadworld,1X2gaming,95.0,95.0,
Fruity 3x3,1X2gaming,95.0,95.0,
Jackpot 3x3,1X2gaming,95.0,95.0,
Summertime,Games Global,95.0,95.0,
Space Invaders,Bell-Fruit Games,95.0,95.0,
Tower Treasure,Sigma Gaming,95.0,95.0,
Big Runner,Greentube,95.0,95.0,
Sizzling Hot 6 extra gold,Greentube,95.0,95.0,
Golden Ghouls,Games Global,95.0,95.0,
Pharaoh's Gems,Games Global,95.0,95.0,
Boom Bucks,Betsoft,95.0,95.0,
King of Atlantis,IGT,95.0,95.0,
Captain Nelson Deluxe,ZeusPlay,95.0,95.0,
Legend of the Sea,ZeusPlay,95.0,95.0,
Guardian of the Sand,ZeusPlay,95.0,95.0,
Princess Chintana,ZeusPlay,95.0,95.0,
Robo Smash,iSoftBet,95.0,95.0,
Sizzling Peppers,StakeLogic,95.0,95.0,
Bars and Bells,Amaya,95.0,95.0,
Bollywood Party,Sigma Gaming,95.0,95.0,
Rollem Rollem,Sigma Gaming,95.0,95.0,
Hi Lo Roller,Sigma Gaming,95.0,95.0,
Mega Ball,Playtech,95.0,95.0,
Aladdin's Legacy,Amaya,95.0,95.0,
Cash Inferno,Amaya,95.0,95.0,
Shogun Showdown,Amaya,95.0,95.0,
Treasures of King Arthur,Cozy,95.0,95.0,
Rubies and Sapphires,Cozy,95.0,95.0,
Roll the Dice,NeoGames,95.0,95.0,
Flora's Secret,GamePlay,95.0,95.0,
Centurion,Inspired Gaming,95.0,95.0,
Tokyo Hunter,GamePlay,95.0,95.0,
Centurion Free Spins 2025,Inspired Gaming,95.0,95.0,
20p Slot,Inspired Gaming,95.0,95.0,
Delhi the Elephant,Inspired Gaming,95.0,95.0,
Fire Goddess,Inspired Gaming,95.0,95.0,
I Heart Puppies,CR Games,95.0,95.0,
Cleopatra,GamePlay,95.0,95.0,
Rise of Anubis,Inspired Gaming,95.0,95.0,
Time For a Deal,SUNFOX Games,95.0,95.0,
The Guardians,Inspired Gaming,95.0,95.0,
I Love Kittens,Inspired Gaming,95.0,95.0,
Tiki Tastic,Inspired Gaming,95.0,95.0,
Spirit of the Samurai,Inspired Gaming,95.0,95.0,
Rainbow Riches Original,Barcrest,95.0,95.0,
Golden Sevens Deluxe,Novomatic,95.0,95.0,
Sky of Thunder,StakeLogic,95.0,95.0,
Atlantis Treasure,Mazooma,95.0,95.0,
Rumble in the Jungle,Mazooma,95.0,95.0,
Little Devil,Mazooma,95.0,95.0,
Pharaoh's Diamonds,Cayetano Gaming,95.0,95.0,
Odds of the Gods,Mazooma,95.0,95.0,
Dragons Wildfire,Mazooma,95.0,95.0,
Legend of Triton,Inspired Gaming,95.0,95.0,
Evel Knievel,Blueprint,95.0,95.0,
Wolf Money Xtra Choice,High Flyer Games,95.0,95.0,
Jungle Queen,Novomatic,95.0,95.0,
Monte Cristo,Amaya,95.0,95.0,
White Knight,Inspired Gaming,95.0,95.0,
Battleship,IGT,95.0,95.0,
Beez Kneez,Eyecon,95.0,95.0,
Choco Munch,Playtech,95.0,95.0,
Super 6,RTG,95.0,95.0,
Bar Star,CORE Gaming,95.0,95.0,
Golden Koi Pull Tab,Realistic,95.0,95.0,
Sunken Treasure Pull Tab,Realistic,95.0,95.0,
Diamonds and Rubies Pull Tab,Realistic,95.0,95.0,
Pot Luck Pull Tab,Realistic,95.0,95.0,
Jewel Mine,Playtech,95.0,95.0,
Zodiac Supernova,Playtech,95.0,95.0,
Piggy Payout,Eyecon,95.0,95.0,
Temple of Iris,Eyecon,95.0,95.0,
9 Figures Club,Spinomenal,95.0,95.0,
Candy Slot Twins,Spinomenal,95.0,95.0,
Cats Gone Wild,Spinomenal,95.0,95.0,
Eat Them All,Spinomenal,95.0,95.0,
Forbidden Slot,Spinomenal,95.0,95.0,
Leonardo's Code,Novomatic,95.0,95.0,
Reel Fighters,Spinomenal,95.0,95.0,
Royal Win,Spinomenal,95.0,95.0,
Safari Samba,Spinomenal,95.0,95.0,
Beat The Bobbies,Eyecon,95.0,95.0,
Twinkle,Eyecon,95.0,95.0,
Glamour Puss,Bwin.Party,95.0,95.0,
Lucky All-Stars 4 in 1,Bwin.Party,95.0,95.0,
Halloween Fortune II,Playtech,94.99,94.99,
Genie's Treasure,2by2 Gaming,94.99,94.99,
Secrets of the tomb,2by2 Gaming,94.99,94.99,
Diamond Dazzle,Rival Gaming,94.99,94.99,
Cash Clams,Games Global,94.99,94.99,
Fruity Friends,NeoGames,94.99,94.99,
Little Monsters,GamePlay,94.99,94.99,
Cracker Jack,Games Global,94.99,94.99,
Jolly Roger,Play'n Go,94.98,94.98,
Wolf Run,IGT,94.98,94.98,
Miss White,IGT,94.98,94.98,
Secrets of the Phoenix,Roxor Gaming,94.98,94.98,
Jewels of the sea,Novomatic,94.98,94.98,
Super Dice,Greentube,94.98,94.98,
Fruit Sensation,Novomatic,94.98,94.98,
Sun & Moon,Aristocrat,94.98,94.98,
Whale O' Winnings,Rival Gaming,94.98,94.98,
Juice and Fruits,Playson,94.98,94.98,
Taiga,Playson,94.98,94.98,
Magic Building,Leander Games,94.98,94.98,
Troy Super Spin,SkillOnNet,94.98,94.98,
Tiki Totems,Roxor Gaming,94.97,94.97,
Gold Strike,Games Warehouse,94.97,94.97,
Tycoon Towers,Rival Gaming,94.97,94.97,
Little Red,Leander Games,94.97,94.97,
Ronnie O'Sullivan,Mazooma,94.97,94.97,
House of Fun,Betsoft,94.96,94.96,
Penguin Splash,Rabcat,94.96,94.96,
Alkemors Tower,Betsoft,94.96,94.96,
Zany Zebra,Games Global,94.96,94.96,
Golden Book,Amatic Industries,94.96,94.96,
Potion Factory,Leander Games,94.95,94.95,
Frederic vs Francois In It for the Monet,Gamesys,94.95,94.95,
Great Czar,Games Global,94.95,94.95,
Cool Buck,Games Global,94.95,94.95,
Khepri,Leander Games,94.95,94.95,
Flying Ace,Games Global,94.95,94.95,
Gold Coast,Games Global,94.95,94.95,
Mistress of Fortune,Blueprint,94.95,94.95,
Fortuna,Games Global,94.95,94.95,
Monkeys vs Sharks HD,Play Labs,94.95,94.95,
Maximum HD,Play Labs,94.95,94.95,
Magic Quest HD,Play Labs,94.95,94.95,
Pelican Pete,Aristocrat,94.94,94.94,
Dungeons and Dragons Crystal Caverns,IGT,94.94,94.94,
Age of the Gods Goddess of Wisdom,Playtech Origins,94.94,94.94,
Fireworks Frenzy,Eyecon,94.94,94.94,
White Wizard,Eyecon,94.94,94.94,
Giovanni's Gems,Betsoft,94.94,94.94,
Da Vinci Diamonds,IGT,94.93,94.93,
Temple Of Fortune,Big Time Gaming,94.93,94.93,
Showgirls,Novomatic,94.93,94.93,
Casper's Mystery Mirror,Blueprint,94.93,94.93,
7 Brothers,GamePlay,94.93,94.93,
Queen of Thrones,Leander Games,94.92,94.92,
Double the Devil,Amaya,94.92,94.92,
HalloWin,Cayetano Gaming,94.92,94.92,
3D Farm HD,Play Labs,94.92,94.92,
Siberian Storm,IGT,94.91,94.91,
"East of the Sun, West of the Moon",Genesis,94.91,94.91,
Wonder World,Eurocoin Interactive,94.91,94.91,
Multi Dice,Greentube,94.91,94.91,
Heart of the Jungle,Playtech,94.91,94.91,
Gold of Machu Picchu,Games Global,94.91,94.91,
Octopus Kingdom,Leander Games,94.91,94.91,
Queen of Atlantis,Pragmatic Play,94.91,94.91,
Triple Red Hot 7s,IGT,94.91,94.91,
Primetime Combat Kings,Genesis,94.91,94.91,
Xingyun Baozhu,Eyecon,94.91,94.91,
A Night of Mystery,High 5 Games,94.9,94.9,
African Legends,Microgaming,94.9,94.9,
Archipelago,GamesOS,94.9,94.9,
Area 21,Cryptologic,94.9,94.9,
Black Knight,WMS Gaming,94.9,94.9,
Chain Reactors,OpenBet,94.9,94.9,
Crazier Jewelry,Sheriff Gaming,94.9,94.9,
Dangerous Beauty,High 5 Games,94.9,94.9,
Double Chilli,Skywind Group,94.9,94.9,
Dungeons & Dragons: Crystal Caverns,IGT,94.9,94.9,
Game of Thrones - 243 ways,Microgaming,94.9,94.9,
Glitz,WMS Gaming,94.9,94.9,
Gusher,WMS Gaming,94.9,94.9,
Gypsy,High 5 Games,94.9,94.9,
Indiana's Quest,Evoplay Entertainment,94.9,94.9,
Let's Go Fish'n,Aristocrat,94.9,94.9,
Michelangelo,High 5 Games,94.9,94.9,
New York Gangs,Skywind Group,94.9,94.9,
Oonga Boonga,Sheriff Gaming,94.9,94.9,
Party Night,Cozy Games,94.9,94.9,
Pay of the Dead,Slingo Originals,94.9,94.9,
Pimp My Slot,OpenBet,94.9,94.9,
Sirens,High 5 Games,94.9,94.9,
Snake Charmer,Cozy Games,94.9,94.9,
Super Jackpot Party,WMS Gaming,94.9,94.9,
The Jazz Club,Playtech,94.9,94.9,
The Lost Treasure,Cozy Games,94.9,94.9,
The Mighty Atlas,High 5 Games,94.9,94.9,
Tiki Luck,Skywind Group,94.9,94.9,
Top Gun,Playtech,94.9,94.9,
Valkyrie Queen,High 5 Games,94.9,94.9,
Vivaldi's Seasons,High 5 Games,94.9,94.9,
Wild Panda,Aristocrat,94.9,94.9,
Tiki Temple,Gamesys,94.4,94.9,
Candy Bars,IGT,92.0,94.9,
Monkey Money,Betsoft,94.9,94.9,
Zombiezee Money,Rival Gaming,94.9,94.9,
Glam or Sham,Leander Games,94.9,94.9,
Jackpot GT Race to Vegas,Ash Gaming,94.9,94.9,
"Ghost Pirates The 100,000 Quest",SkillOnNet,94.9,94.9,
Lobstermania,IGT,94.9,94.9,
Doubleup Ducks,Eyecon,94.9,94.9,
Unicorn Bliss,Eyecon,94.9,94.9,
NYC Real Estate HD,Play Labs,94.9,94.9,
Horror Castle HD,Play Labs,94.9,94.9,
Diamond Queen,IGT,94.89,94.89,
Zombie Rush,Leander Games,94.89,94.89,
Chariots of Fire,Rival Gaming,94.89,94.89,
Queen Of The Nile,Aristocrat,94.88,94.88,
Wild Bandits,Leander Games,94.88,94.88,
Pearls of India,Play'n Go,94.87,94.87,
Paradise Treasures,Cayetano Gaming,94.87,94.87,
Black Dragon,Inspired Gaming,94.86,94.86,
Captain Cashfall,CORE Gaming,94.86,94.86,
Rage to Riches,Play'n Go,94.85,94.85,
Buffalo,Aristocrat,91.82,94.85,94.85
Tiki Torch,Aristocrat,94.85,94.85,
Dam Rich,Amaya,94.85,94.85,
Medusa's Lair HD,Play Labs,94.85,94.85,
Archibald Mayan Ruins HD,Play Labs,94.85,94.85,
Dante's Paradise HD,Play Labs,94.85,94.85,
Bust a Vault,Rival Gaming,94.84,94.84,
Little Pigs,Leander Games,94.84,94.84,
Little Pigs Strike Back,Games Global,94.84,94.84,
Jewel Twist,Blueprint,94.84,94.84,
Kulup,Leander Games,94.84,94.84,
Myth,Play'n Go,94.83,94.83,
Pearl Lagoon,Play'n Go,94.83,94.83,
Sherlock Holmes The Hunt for Blackwood Slot,IGT,94.82,94.82,
Wacky Wedding,Rival Gaming,94.82,94.82,
Age of The Gods™ Prince of Olympus,Playtech,94.82,94.82,
Circus Evolution HD,Play Labs,94.81,94.81,
Scary Fruits HD,Play Labs,94.81,94.81,
Arena de Toros HD,Play Labs,94.81,94.81,
The Ghouls,Betsoft,94.8,94.8,
Armadillo Artie,Cryptologic,94.8,94.8,
Basketball,Evoplay Entertainment,94.8,94.8,
Battle for Olympus,Cryptologic,94.8,94.8,
Beretta's Vendetta,Sheriff Gaming,94.8,94.8,
Captain Cannon's Circus of Cash,Ash Gaming,94.8,94.8,
Cleopatra Treasure,GamesOS,94.8,94.8,
Dante's Paradise,World Match,94.8,94.8,
Dynamite Riches,Red Tiger Gaming,94.8,94.8,
Fire Flies,Cryptologic,94.8,94.8,
Fumi's Fortune,Cryptologic,94.8,94.8,
Golden Jaguar,Cryptologic,94.8,94.8,
Little Pigs Strike Back,Leander Games,94.8,94.8,
No Mercy,Sheriff Gaming,94.8,94.8,
Red Cliff,Evoplay Entertainment,94.8,94.8,
Reel Rich Devil,WMS Gaming,94.8,94.8,
Riches of the Amazon,WMS Gaming,94.8,94.8,
Rickety Cricket,Cryptologic,94.8,94.8,
Shark Bite,Cryptologic,94.8,94.8,
Temple Tumble 2 Dream Drop,Relax Gaming,94.8,94.8,
The McMurphys,Sheriff Gaming,94.8,94.8,
The Myth,Mascot Gaming,94.8,94.8,
USSR 70s,Evoplay Entertainment,94.8,94.8,
Vampires vs Werewolves,Amaya Gaming,94.8,94.8,
Volatile Vikings 2 Dream Drop,Relax Gaming,94.8,94.8,
Age of the Gods: Prince of Olympus,Playtech,93.8,94.8,
Reel Classic 3,Playtech,92.8,94.8,
Wolf Moon,Aristocrat,94.8,94.8,
Diamonds Downunder,Rival Gaming,94.8,94.8,
Future Fortunes,Rival Gaming,94.8,94.8,
Silver Unicorn,Rival Gaming,94.8,94.8,
Swinging Sweethearts,Rival Gaming,94.8,94.8,
Diamond Dragon,Rival Gaming,94.8,94.8,
A Switch in Time,Rival Gaming,94.8,94.8,
Under Water Diving Slot,SkillOnNet,94.8,94.8,
Leprechaun Goes Egypt,Play'n Go,94.79,94.79,
Thai Thai,Cayetano Gaming,94.79,94.79,
Lightning Squad,Inspired Gaming,94.79,94.79,
Cleopatra's Coins,Rival Gaming,94.78,94.78,
Rickety Cricket,Amaya,94.78,94.78,
Indian Princess,Cayetano Gaming,94.78,94.78,
Bells On Fire Rombo,Amatic Industries,94.78,94.78,
Fantastic Fruit Machine,Rival Gaming,94.77,94.77,
Magic monk Rasputin,edict,94.77,94.77,
Mr and Mrs Diamonds,Cayetano Gaming,94.77,94.77,
Miss Kitty,Aristocrat,91.82,94.76,94.76
Baby Boomers,Rival Gaming,94.76,94.76,
3 Lions,Blueprint,94.76,94.76,
At the Movies,Betsoft,94.75,94.75,
Golden Goddess,IGT,94.75,94.75,
Sphinx Gold,Cayetano Gaming,94.75,94.75,
Ten Times Wins,Rival Gaming,94.75,94.75,
10x Wins,Rival Gaming,94.75,94.75,
Glutters,Leander Games,94.75,94.75,
Battle for Olympus,Amaya,94.75,94.75,
Fire Flies,Amaya,94.75,94.75,
Golden Jaguar,Amaya,94.75,94.75,
Lucky Lager,Amaya,94.75,94.75,
Shark Bite,Amaya,94.75,94.75,
Valley of the Scarab,Amaya,94.75,94.75,
Mississippi Queen,Cayetano Gaming,94.75,94.75,
Troll Hunters,Play'n Go,94.74,94.74,
Ball Of Shame,Cayetano Gaming,94.72,94.72,
Rich and Famous,Ash Gaming,94.54,94.72,94.72
50 Dragons,Aristocrat,94.71,94.71,
Samba De Frutas,IGT,94.71,94.71,
Wolf Rising,IGT,94.71,94.71,
Nouveau Riche,IGT,94.71,94.71,
Dam Rich,Cryptologic,94.7,94.7,
Diamond Blitz,Red Tiger Gaming,94.7,94.7,
Dice Dice Dice,Red Tiger Gaming,94.7,94.7,
Dr Magoo's Adventure,Sheriff Gaming,94.7,94.7,
Eagle Riches,Red Tiger Gaming,94.7,94.7,
Egypt Gods,Evoplay Entertainment,94.7,94.7,
Fruit Snap,Red Tiger Gaming,94.7,94.7,
Golden Cryptex,Red Tiger Gaming,94.7,94.7,
Jewel Scarabs,Red Tiger Gaming,94.7,94.7,
Legendary Excalibur,Red Tiger Gaming,94.7,94.7,
Lucky Heroes,Sheriff Gaming,94.7,94.7,
Lucky Oktoberfest,Red Tiger Gaming,94.7,94.7,
Pirates Plenty: Battle For Gold,Red Tiger Gaming,94.7,94.7,
Plants vs Zombies,Blueprint Gaming,94.7,94.7,
Pompeii,Aristocrat,94.7,94.7,
Queen of the Vikings,Skywind Group,94.7,94.7,
Silk Road,Aristocrat,94.7,94.7,
The Pig Wizard,Blueprint Gaming,94.7,94.7,
Lucky 5 Reeler,Barcrest,94.7,94.7,
Wishing Cup,Rival Gaming,94.7,94.7,
Mike Tyson Knockout,Inspired Gaming,94.7,94.7,
Viking Legend HD,Play Labs,94.7,94.7,
Stars Alliance HD,Play Labs,94.7,94.7,
The Pirates Tavern HD,Play Labs,94.7,94.7,
Pablo Picas,Leander Games,94.69,94.69,
Nordic Heroes,IGT,94.68,94.68,
Harry Trotter The Pig Wizard,Blueprint,94.68,94.68,
Wizard of Gems,Play'n Go,94.67,94.67,
Midas Touch,Rival Gaming,94.67,94.67,
Viking Runecraft,Play'n Go,94.66,94.66,
Sugarush HD,Play Labs,94.66,94.66,
Rich Treats,Playtech,94.65,94.65,
Thunderbird,Rival Gaming,94.64,94.64,
Geckos Gone Wild,Amaya,94.64,94.64,
Monkey in the Bank,Amaya,94.64,94.64,
So Hot,Amaya,94.64,94.64,
The Hunt,Cozy,94.64,94.64,
Chain Reactors,Cozy,94.63,94.63,
Prissy Princess,Play'n Go,94.62,94.62,
Spin Sorceress,NextGen,94.62,94.62,
The Back Nine,Rival Gaming,94.62,94.62,
Jousting Wilds,Cayetano Gaming,94.62,94.62,
Rise of Poseidon,Rival Gaming,94.61,94.61,
Money Night,Cayetano Gaming,94.61,94.61,
Tweety Birds,Amatic Industries,94.61,94.61,
Captain Nemo,Cryptologic,94.6,94.6,
Cash 'n' Clovers,Cryptologic,94.6,94.6,
Chain Reactors All Sports,OpenBet,94.6,94.6,
Desert Dreams,Cryptologic,94.6,94.6,
Dolphin Cash,Playtech,94.6,94.6,
Feathered Frenzy Reactors,Big Time Gaming,94.6,94.6,
Millionaires Club III,Cryptologic,94.6,94.6,
Sugarush,World Match,94.6,94.6,
The Hunt,Cozy Games,94.6,94.6,
Gobblers Gold,Rival Gaming,94.6,94.6,
Lost Secret of Atlantis,Rival Gaming,94.6,94.6,
Mystic Wolf,Rival Gaming,94.6,94.6,
Hole in Won,Rival Gaming,94.6,94.6,
Dark Ninja,ZeusPlay,94.6,94.6,
Adventures Beyond Wonderland,SUNFOX Games,89.58,94.6,94.6
Captain Nemo,Amaya,94.6,94.6,
Paddy Power Fan-atics,Cayetano Gaming,94.6,94.6,
Solar Snap,Cayetano Gaming,94.6,94.6,
Happy 60s,SkillOnNet,94.6,94.6,
Happy Halloween,Play'n Go,94.59,94.59,
Western Belles,IGT,94.59,94.59,
Dolly,Leander Games,94.59,94.59,
The Baron,Games Warehouse,94.59,94.59,
A Christmas Carol,Betsoft,94.58,94.58,
The Magic Shoppe,Betsoft,94.58,94.58,
Jumping Jaguar,Rival Gaming,94.58,94.58,
Wild North,Play'n Go,94.57,94.57,
Grim Muerto,Play'n Go,94.57,94.57,
Diamond Cherries,Rival Gaming,94.57,94.57,
Roll out the Barrels,Rival Gaming,94.57,94.57,
Bloodlines,Genesis,94.55,94.55,
Vintage Vegas,Rival Gaming,94.55,94.55,
Legend Lore,1X2gaming,94.55,94.55,
Millionaires Club III,Amaya,94.55,94.55,
Cloud Quest,Play'n Go,94.54,94.54,
More Gold Diggin,Betsoft,94.53,94.53,
Rooks Revenge,Betsoft,94.53,94.53,
Billyonaire,Amatic Industries,94.53,94.53,
Pharaoh's Fortune,IGT,94.52,94.52,
Pistols & Roses,Rival Gaming,94.52,94.52,
Holiday season,Play'n Go,94.51,94.51,
Moon Princess,Play'n Go,94.51,94.51,
Pimped,Play'n Go,94.51,94.51,
Royal Masquerade,Play'n Go,94.51,94.51,
Spin Party,Play'n Go,94.51,94.51,
Super Flip,Play'n Go,94.51,94.51,
Chasin' Treasure,Cozy,94.51,94.51,
"20,000 Leagues",Cryptologic,94.5,94.5,
Amazon Wild,Ash Gaming,94.5,94.5,
Atlantis,Evoplay Entertainment,94.5,94.5,
Barnyard Boogie,Cryptologic,94.5,94.5,
Chasin' Treasure,Cozy Games,94.5,94.5,
Cherry-Go-Round,Viaden,94.5,94.5,
Congo Bongo,Cryptologic,94.5,94.5,
Crazy Crocodile,Microgaming,94.5,94.5,
Doctor Love,Cryptologic,94.5,94.5,
Dolphin King,Cryptologic,94.5,94.5,
Emerald Isle,Cryptologic,94.5,94.5,
Fat Cat,NextGen Gaming,94.5,94.5,
Jade Idol,Cryptologic,94.5,94.5,
Juju Jack,Cryptologic,94.5,94.5,
Kanga Cash,NextGen Gaming,94.5,94.5,
Maya Pyramid HD,Viaden,94.5,94.5,
Old MacDonald's Farm,Cozy Games,94.5,94.5,
Platinum Pyramid,Cryptologic,94.5,94.5,
Prohibition,Evoplay Entertainment,94.5,94.5,
Rags to Riches 20 Line,Cryptologic,94.5,94.5,
Rook's Revenge,Betsoft,94.5,94.5,
The Amazing Spider-Man,Cryptologic,94.5,94.5,
The Flintstones,Playtech,94.5,94.5,
The Great Wall Treasures,Evoplay Entertainment,94.5,94.5,
The Hulk,Cryptologic,94.5,94.5,
The Treasure of Isis,Cryptologic,94.5,94.5,
Wish Upon a Jackpot,Blueprint Gaming,91.6,94.5,
Out of This World,Betsoft,94.5,94.5,
Triple Crown,Betsoft,94.5,94.5,
Jason's Quest,Genesis,94.5,94.5,
Ragnarok,Genesis,94.5,94.5,
Amazon WIld,Playtech,94.5,94.5,
Cash Blox,Playtech,94.5,94.5,
Catwalk,Playtech,94.5,94.5,
Rubik's Riches,Playtech,94.5,94.5,
Costume Party,Rival Gaming,94.5,94.5,
Cream of the Crop,Rival Gaming,94.5,94.5,
Jolly Roger's Jackpot,Rival Gaming,94.5,94.5,
Buccaneer's Bounty,Amaya,94.5,94.5,
Caesar Salad,Amaya,94.5,94.5,
Desert Dreams,Amaya,94.5,94.5,
Dolphin King,Amaya,94.5,94.5,
Juju Jack,Amaya,94.5,94.5,
Jade Idol,Amaya,94.5,94.5,
Congo Bongo,Amaya,94.5,94.5,
Crazy Crocs,Games Global,94.5,94.5,
Larry In Egypt,Bwin.Party,94.5,94.5,
20000 Leagues,Wager Gaming,94.5,94.5,
Dirty Dancing,Playtech,94.49,94.49,
Tumble Dwarf,Cayetano Gaming,94.49,94.49,
Wonder Woman Jackpots,Amaya,94.48,94.48,
Superman Jackpots,Amaya,94.48,94.48,
Jacques Pot,Rival Gaming,94.47,94.47,
Santa's Spins,Cayetano Gaming,94.47,94.47,
Frogged,Rival Gaming,94.46,94.46,
Rhino Rumble,Cayetano Gaming,94.46,94.46,
Frogs Fairy Tale,Novomatic,94.45,94.45,
Platinum Pyramid,Amaya,94.45,94.45,
Rags to Riches,Amaya,94.45,94.45,
Classic Platinum Pyramid,NextGen,94.45,94.45,
Western Wildness,Rival Gaming,94.44,94.44,
Classic Thai Sunrise,NextGen,94.44,94.44,
Cops'N Robbers,Play'n Go,94.43,94.43,
Angeli e ni25 HD,Play Labs,94.43,94.43,
Dragon's Reels HD,Play Labs,94.43,94.43,
Maracaibo HD,Play Labs,94.43,94.43,
Code Red HD,Play Labs,94.43,94.43,
Into The Woods HD,Play Labs,94.43,94.43,
Zen Blade HD,Play Labs,94.43,94.43,
Gentleman Thief HD,Play Labs,94.43,94.43,
Fruits Dimension HD,Play Labs,94.43,94.43,
Bomb The Jackpot,Cayetano Gaming,94.41,94.41,
Ferris Bueller's Day Off,Amaya,94.41,94.41,
Hugo,Play'n Go,94.4,94.4,
Angeli E Demoni 25,World Match,94.4,94.4,
Buccaneer's Bounty,Cryptologic,94.4,94.4,
Caesar Salad,Cryptologic,94.4,94.4,
Eastern Dragon,Cryptologic,94.4,94.4,
Farm Run,Cozy Games,94.4,94.4,
Frogs Fairy Tale,Mazooma,94.4,94.4,
Reel in the Cash,Cryptologic,94.4,94.4,
Thai Sunrise,Cryptologic,94.4,94.4,
Vegas Nights,OpenBet,94.4,94.4,
Wonderland,Gamesys,94.4,94.4,
Beehive Bedlam Reactors,OpenBet,92.8,94.4,
Quest for Gold,Novomatic,94.4,94.4,
Fantasy Fortune,Rival Gaming,94.4,94.4,
Hot Fruits,iGaming2go,94.4,94.4,
The Fabric 4,Inspired Gaming,94.4,94.4,
Castle Cashalot,Playtech,94.4,94.4,
George and the Dragon,Playtech,94.4,94.4,
Shogun's Land,Habanero,94.4,94.4,
Artic Adventure HD,Play Labs,94.39,94.39,
Stinkin Rich,IGT,94.38,94.38,
Fruits´n Sevens,Novomatic,94.38,94.38,
Cubis,NYX Gaming Group,94.38,94.38,
Forrest Gump,Amaya,94.38,94.38,
Big Top Extravaganza,OpenBet,94.38,94.38,
Need For Spin HD,Play Labs,94.38,94.38,
Beehive Bedlam,CORE Gaming,92.84,94.37,94.37
China Long HD,Play Labs,94.37,94.37,
Archibald Discovering Africa HD,Play Labs,94.37,94.37,
Dante's Hell HD,Play Labs,94.37,94.37,
MultiFruit 81,Play'n Go,94.36,94.36,
Castle Pillager,Cayetano Gaming,94.36,94.36,
True Love,Playtech,94.35,94.35,
She's a Rich Girl,IGT,94.35,94.35,
Euro Golden Cup,Genesis,94.35,94.35,
Wild Sheriff,Cayetano Gaming,94.35,94.35,
Money Heat,Ainsworth,94.34,94.34,
Fortuna the Dragon,Gamesys,94.33,94.33,
Balloonies,IGT,94.33,94.33,
Chief's Magic,Games Global,94.33,94.33,
Black Gold,Betsoft,94.31,94.31,
Archibald Africa,World Match,94.3,94.3,
Aztec Reel,Skywind Group,94.3,94.3,
Banana Monkey,Playtech,94.3,94.3,
Book of Ra Deluxe,Novomatic,94.3,94.3,
Candy Dreams,Evoplay Entertainment,94.3,94.3,
Chief's Magic,Microgaming,94.3,94.3,
China Long,World Match,94.3,94.3,
Cubis,Cryptologic,94.3,94.3,
Dante's Hell,World Match,94.3,94.3,
Dragon's Reels,World Match,94.3,94.3,
Empire Fortune,Yggdrasil Gaming,94.3,94.3,
Freaky Gym,GamesOS,94.3,94.3,
Funky Chicken,Sheriff Gaming,94.3,94.3,
Genie Jackpots,Blueprint Gaming,94.3,94.3,
Goblins Gold,Microgaming,94.3,94.3,
Irish Luck,Playtech,94.3,94.3,
Joker Millions,Yggdrasil Gaming,94.3,94.3,
Lucky Pirate,Viaden,94.3,94.3,
Luxor Valley HD,Viaden,94.3,94.3,
Magic Pot,Viaden,94.3,94.3,
Monster Lab,Evoplay Entertainment,94.3,94.3,
New York Gangs,GamesOS,94.3,94.3,
Wild Cup,Skywind Group,94.3,94.3,
Wizard's Castle,Cozy Games,94.3,94.3,
Da Vinci Diamonds Dual Play,IGT,94.3,94.3,
Joker Millions,Yggdrasil,94.3,94.3,
World of Oz,Rival Gaming,94.3,94.3,
Le Mystere de Prince,ZeusPlay,94.3,94.3,
Dollars to Donuts,Rival Gaming,94.3,94.3,
Dragon Gate,Aspect Gaming,94.3,94.3,
Paco and the Popping Peppers,Betsoft,94.29,94.29,
Pots O'luck,Betdigital,94.29,94.29,
Super Pots Bar-X,Betdigital,88.97,94.29,94.29
The Monkey King,GamePlay,94.29,94.29,
Mega Pots Bar X Gold,OpenBet,94.29,94.29,
Family Guy,IGT,94.28,94.28,
Fire Opals,IGT,94.26,94.26,
Robo Jack,Games Global,94.26,94.26,
Roller Derby,Games Global,94.26,94.26,
Leonardo's Loot,Rival Gaming,94.26,94.26,
Catsino,Rival Gaming,94.26,94.26,
Windy Farm,Rival Gaming,94.26,94.26,
Fruit Madness,Ash Gaming,94.26,94.26,
Ruby Walsh Champion's Gold,Cayetano Gaming,94.26,94.26,
Penguin Vacation,Playtech,94.25,94.25,
Book of Dead,Play'n Go,94.25,94.25,
Garden of Riches,Greentube,94.25,94.25,
Asian Riches,Cayetano Gaming,94.25,94.25,
Leonidas,Incredible Technologies,94.25,94.25,
Glitter Gems,Ainsworth,94.25,94.25,
Tower Quest,Play'n Go,94.24,94.24,
Bugs Party,Play'n Go,94.24,94.24,
The Magic Brush,Aspect Gaming,94.24,94.24,
7 Sins,Play'n Go,94.23,94.23,
Sails of Gold,Play'n Go,94.23,94.23,
Sweet 27,Play'n Go,94.23,94.23,
Space Race,Play'n Go,94.23,94.23,
Jokerizer,Yggdrasil Gaming,88.8,94.22,
Jokerizer,Yggdrasil,94.22,94.22,
Kitty Glitter,IGT,94.21,94.21,
Water Dragons,IGT,94.21,94.21,
Champs Élysées,Rival Gaming,94.21,94.21,
Viking Age,Betsoft,94.2,94.2,
Cash Spin,Bally Technologies,94.2,94.2,
Fortune Teller,Play'n Go,94.2,94.2,
Fruitsland,Evoplay Entertainment,94.2,94.2,
Gladiator of Rome,1x2 Gaming,94.2,94.2,
Innocence or Temptation,Ash Gaming,94.2,94.2,
Jackpot Giant,Playtech,94.2,94.2,
Jin Chan's Pond of Riches,Thunderkick,94.2,94.2,
Land of Unicorn,Viaden,94.2,94.2,
Money Machine,Red Tiger Gaming,94.2,94.2,
Riverboat Reel,Skywind Group,94.2,94.2,
Slot of Fortune,Sheriff Gaming,94.2,94.2,
Top Chase,Skywind Group,94.2,94.2,
Wild Spirit,Playtech,94.2,94.2,
World Football Stars 2014,Playtech,94.2,94.2,
Shamrockers Eire to Rock,IGT,94.2,94.2,
Golden Gorilla,Rival Gaming,94.2,94.2,
Grandma's Attic,Rival Gaming,94.2,94.2,
Misty Forest,CT Gaming,94.2,94.2,
Money Bee,iGaming2go,94.2,94.2,
Beetle Mania deluxe,Novomatic,94.19,94.19,
Golden Leprechaun,Cayetano Gaming,94.19,94.19,
Paddy Power Gold,Cayetano Gaming,94.19,94.19,
Crime Records HD,Play Labs,94.19,94.19,
Mythos HD,Play Labs,94.19,94.19,
Bee Crazy HD,Play Labs,94.19,94.19,
Monty Python and the Holy Grail,Playtech,94.18,94.18,
Cop the Lot,Blueprint,94.18,94.18,
Aztec Princess,Play'n Go,94.17,94.17,
Photo Safari,Play'n Go,94.17,94.17,
Kummeli,Others,94.17,94.17,
Charterrejsen,Others,94.17,94.17,
Bavarian Forest,CT Gaming,94.17,94.17,
Apollo God of the Sun,Leander Games,94.17,94.17,
Hoffmania,Novomatic,94.16,94.16,
Beowulf,Pragmatic Play,94.16,94.16,
Trojan Treasure,Ainsworth,94.16,94.16,
Angel or Devil,Ash Gaming,94.16,94.16,
Easter Money,Cayetano Gaming,94.16,94.16,
Dice High,Amusnet,94.16,94.16,
Aztec Idols,Play'n Go,94.15,94.15,
Chinese New Year,Play'n Go,94.15,94.15,
Ninja Fruits,Play'n Go,94.15,94.15,
Matsuri,Play'n Go,94.15,94.15,
Cash Spin,Bally,94.15,94.15,
Cirque du Slots,Rival Gaming,94.15,94.15,
Wild Hunter,Playson,94.15,94.15,
Safari Dream,Cayetano Gaming,94.15,94.15,
Lucky Larry's Lobstermania 2,IGT,94.14,94.14,
Amuns Book HD,ZeusPlay,94.14,94.14,
Page of Fortune Deluxe,ZeusPlay,94.14,94.14,
Gypsy Moon,IGT,94.13,94.13,
Millionaires Club,Amaya,94.13,94.13,
Millionaires Club II,Amaya,94.13,94.13,
Gypsy Luck,Cayetano Gaming,94.13,94.13,
Russian Glory,Cayetano Gaming,94.13,94.13,
Backyard Gold,Gameiom,94.13,94.13,
Cats and Cash,Play'n Go,94.12,94.12,
Bell Of Fortune,Play'n Go,94.12,94.12,
Gift Shop,Play'n Go,94.12,94.12,
Golden Goal,Play'n Go,94.12,94.12,
Speed Cash,Play'n Go,94.12,94.12,
Cash Stax,Barcrest,94.12,94.12,
Fortune 8 Cat,Lightning Box,94.12,94.12,
Super Diamond Deluxe,Blueprint,0.11,94.12,94.12
Diamond Jackpots,Blueprint,94.12,94.12,
Lucky Cabaret,Cayetano Gaming,94.11,94.11,
Robin Hood HD,Play Labs,94.11,94.11,
Ghosts' Night HD,Play Labs,94.11,94.11,
Love Lab HD,Play Labs,94.11,94.11,
Big Vegas,Bally Technologies,94.1,94.1,
Cherry Love,Playtech,94.1,94.1,
Dolphins Treasure,Evoplay Entertainment,94.1,94.1,
Elizabeth,Cozy Games,94.1,94.1,
Enigma HD,Viaden,94.1,94.1,
Frankie Dettori's Magic Seven Jackpot,Playtech,94.1,94.1,
Gladiator,Playtech,94.1,94.1,
Gold Trophy,Play'n Go,94.1,94.1,
Greatest Odyssey,Playtech,94.1,94.1,
Havana Cubana,Bally Technologies,94.1,94.1,
Jewel of the Dragon,Bally Technologies,94.1,94.1,
Marilyn Monroe,Playtech,94.1,94.1,
Millionaires Club,Cryptologic,94.1,94.1,
Millionaires Club II,Cryptologic,94.1,94.1,
Non Stop Party HD,Viaden,94.1,94.1,
Nostradamus Prophecy,Ash Gaming,94.1,94.1,
Pirate on the Edge,Skywind Group,94.1,94.1,
Quick Hit Platinum,Bally Technologies,94.1,94.1,
Sherlock Mystery,Playtech,94.1,94.1,
Sparta,Playtech,94.1,94.1,
USSR Grocery,Evoplay Entertainment,94.1,94.1,
Vegas Hits,Bally Technologies,94.1,94.1,
Wu Long,Playtech,93.9,94.1,
Vegas Hits,Bally,94.1,94.1,
All Aboard,Rival Gaming,94.1,94.1,
Vampires Feast,SkillOnNet,94.1,94.1,
Prowling Panther,IGT,94.09,94.09,
Jackpot Crown,Greentube,94.09,94.09,
Boulder Bucks,Barcrest,94.09,94.09,
Rolling Stone Age,CORE Gaming,92.0,94.09,94.09
Golazo HD,Play Labs,94.09,94.09,
Jungle Mania HD,Play Labs,94.09,94.09,
Burlesque HD,Play Labs,94.09,94.09,
Glamour Hills HD,Play Labs,94.09,94.09,
Diamond Croupier HD,Play Labs,94.09,94.09,
Aquarium HD,Play Labs,94.09,94.09,
Noah's Ark,IGT,94.08,94.08,
Joystick Generation,Bwin.Party,94.08,94.08,
Guns N' Roses,NetEnt,94.07,94.07,
Hot Safari,Pragmatic Play,94.07,94.07,
Thunder Cash,Ainsworth,94.07,94.07,
Wild Gladiators,Pragmatic Play,94.07,94.07,
Party Games Slotto,Novomatic,94.06,94.06,
Fairground Fortunes Ghost Train,Psiclone Games,94.06,94.06,
Elizabeth,Cozy,94.06,94.06,
Sun Chief,Ainsworth,94.06,94.06,
Fruit Shop,NetEnt,94.05,94.05,
Tiki Paradise,Playtech,91.93,94.05,94.05
Butterfly Staxx,NetEnt,94.05,94.05,
Twin Spin,NetEnt,94.04,94.04,
Wheel of Fortune Triple Extreme Spin,IGT,94.04,94.04,
Journey to the West,Pragmatic Play,94.04,94.04,
Cash Cave,Ainsworth,94.04,94.04,
Vegas Slots: Pay It Again,Blueprint,94.04,94.04,
Fruit Stack Deluxe,Cayetano Gaming,94.04,94.04,
Kane's Inferno,Habanero,94.04,94.04,
Midas Millions,Ash Gaming,94.03,94.03,
Anubix,iGaming2go,94.03,94.03,
Heroes Realm,Rival Gaming,94.03,94.03,
Dragon Castle,Habanero,94.03,94.03,
In Bloom,IGT,94.02,94.02,
Moonshiners Moolah,Rival Gaming,94.02,94.02,
Balthazars Wild Emporium,CORE Gaming,94.02,94.02,
Fruit Blast,Skillzzgaming,94.02,94.02,
Dragon Ship,Play'n Go,94.01,94.01,
Riches of Ra Slot,Play'n Go,94.01,94.01,
Spinning Fruits,Novomatic,94.01,94.01,
Captain Venture,Greentube,94.01,94.01,
Pints and Pounds,Amaya,94.01,94.01,
4 Reel Kings,Novomatic,94.0,94.0,
Aloha Island,Bally Technologies,94.0,94.0,
Banana Town Dream Drop,Relax Gaming,94.0,94.0,
Battle of the Gods,Playtech,94.0,94.0,
Beellionaires Dream Drop,Relax Gaming,94.0,94.0,
Big Catch,Novomatic,94.0,94.0,
Block Bashers,Virtue Fusion,94.0,94.0,
Book of Cats,BGaming,94.0,94.0,
Bounty of the Beanstalk,Ash Gaming,94.0,94.0,
Bullion Bars,Novomatic,94.0,94.0,
Burning Cherry HD,Viaden,94.0,94.0,
Cash Wizard,Bally Technologies,94.0,94.0,
Chimney Stacks,Bally Technologies,94.0,94.0,
China River,Bally Technologies,94.0,94.0,
Cluster Tumble Dream Drop,Relax Gaming,94.0,94.0,
Cowboys and Aliens,Playtech,94.0,94.0,
Cupid: Wild at Heart,Blueprint Gaming,94.0,94.0,
Deep Sea,BGaming,94.0,94.0,
Diamond Rhino,Rival Gaming,94.0,94.0,
Dragon 8s,Amaya Gaming,94.0,94.0,
Dream Drop Diamonds,Relax Gaming,94.0,94.0,
Dungeon: Immortal Evil,Evoplay Entertainment,94.0,94.0,
Empire's Glory,Viaden,94.0,94.0,
Everybody's Jackpot,Playtech,94.0,94.0,
Fairest of Them All,Ash Gaming,94.0,94.0,
Fly Cats Dream Drop,Relax Gaming,94.0,94.0,
Football,Evoplay Entertainment,94.0,94.0,
Fortune Teller,Amaya Gaming,94.0,94.0,
Four Lucky Clover,BGaming,94.0,94.0,
Four Lucky Diamonds,BGaming,94.0,94.0,
From Russia With Love,Playtech,94.0,94.0,
Fruit Party,Amaya Gaming,94.0,94.0,
Full Moon Fortunes,Ash Gaming,94.0,94.0,
Funky Fruits,Playtech,94.0,94.0,
Genie Mega Reels,Skywind Group,94.0,94.0,
Golazo,World Match,94.0,94.0,
Grim the Splitter Dream Drop,Relax Gaming,94.0,94.0,
Gumball 3000,Play'n Go,94.0,94.0,
Hawaiian Treasure,Ash Gaming,94.0,94.0,
Hellcatraz 2 Dream Drop,Relax Gaming,94.0,94.0,
Hot Shot,Bally Technologies,94.0,94.0,
Inca Jackpot,Skywind Group,94.0,94.0,
Irish Love,1x2 Gaming,94.0,94.0,
Jenga,Cryptologic,94.0,94.0,
John Wayne,Playtech,94.0,94.0,
Karate Kid,Skywind Group,94.0,94.0,
Lady Robin Hood,Bally Technologies,94.0,94.0,
Lady's Charms,Amaya Gaming,94.0,94.0,
Life of Brian,Ash Gaming,94.0,94.0,
Little Britain,Playtech,94.0,94.0,
Lucky Girls,Evoplay Entertainment,94.0,94.0,
Mayan Treasures,Bally Technologies,94.0,94.0,
Megaquarium,Realtime Gaming,94.0,94.0,
Midnight Marauder Dream Drop,Relax Gaming,94.0,94.0,
Money Train Origins Dream Drop,Relax Gaming,94.0,94.0,
Monkey Love,Amaya Gaming,94.0,94.0,
Monty Python's Spamalot,Playtech,94.0,94.0,
Native Treasure,Cryptologic,94.0,94.0,
Oktoberfest,Amaya Gaming,94.0,94.0,
Pharaoh's Dream,Bally Technologies,94.0,94.0,
Pints and Pounds,Cryptologic,94.0,94.0,
Quest of Kings,Cryptologic,94.0,94.0,
Quick Hit Black Gold,Bally Technologies,94.0,94.0,
Reel King,Novomatic,94.0,94.0,
Riches of Ra,Play'n Go,94.0,94.0,
Roamin' Gnome,Cryptologic,94.0,94.0,
Santa's Stack Dream Drop,Relax Gaming,94.0,94.0,
Scandinavian Babes,Play'n Go,94.0,94.0,
Scandinavian Hunks,Play'n Go,94.0,94.0,
Snake Arena Dream Drop,Relax Gaming,94.0,94.0,
Sweet Party,Playtech,94.0,94.0,
Templar Tumble 2 Dream Drop,Relax Gaming,94.0,94.0,
The Love Boat,Playtech,94.0,94.0,
The Magnificent Seven,Skywind Group,94.0,94.0,
The Six Million Dollar Man,Playtech,94.0,94.0,
The Sopranos,Playtech,94.0,94.0,
The Winnings of Oz,Ash Gaming,94.0,94.0,
Thunderhorn,Bally Technologies,94.0,94.0,
TNT Tumble Dream Drop,Relax Gaming,94.0,94.0,
Treasure Room,Betsoft,94.0,94.0,
Viking Conquest,Viaden,94.0,94.0,
Wheel of Luck: Hold & Win,Tom Horn Gaming,94.0,94.0,
Wild Chapo Dream Drop,Relax Gaming,94.0,94.0,
Wild Huskies,Bally Technologies,94.0,94.0,
Win Wizard,Novomatic,94.0,94.0,
Age of the Gods: Goddess of Wisdom,Playtech,93.9,94.0,
Masques of San Marco,IGT,94.0,94.0,
Cats,IGT,94.0,94.0,
Bubble Craze,IGT,94.0,94.0,
Apollo Rising,IGT,94.0,94.0,
Da Vinci's Vault,Playtech,92.1,94.0,
Black Widow,IGT,94.0,94.0,
Monopoly Once Around Deluxe,WMS Gaming,92.0,94.0,
Beetle Frenzy,NetEnt,94.0,94.0,
Voodoo Vibes,NetEnt,94.0,94.0,
Gumball 3000,Others,94.0,94.0,
Scandinavian Hunks,Others,94.0,94.0,
Big Foot,NextGen,94.0,94.0,
Fruit Fortune,Greentube,94.0,94.0,
Elven Princess,Novomatic,94.0,94.0,
Wild Adventure,Novomatic,94.0,94.0,
Lovely Mermaid,Novomatic,94.0,94.0,
Sparkling Gems,Novomatic,94.0,94.0,
Rings of Fortune,Novomatic,94.0,94.0,
Ultra Sevens,Novomatic,94.0,94.0,
King´s Jester,Novomatic,94.0,94.0,
Two Sevens,Novomatic,94.0,94.0,
Amazing Stars,Greentube,94.0,94.0,
The Royals,Novomatic,94.0,94.0,
Reel King,Inspired Gaming,94.0,94.0,
Golden 7,Novomatic,94.0,94.0,
4 Reel Kings,Greentube,94.0,94.0,
Easy peasy Lemon squeezy,Novomatic,94.0,94.0,
Royal Dynasty,Novomatic,94.0,94.0,
Magic Princess,Novomatic,94.0,94.0,
Jewel Action,Novomatic,94.0,94.0,
Timber Jack,Bluberi,94.0,94.0,
MONOPOLY Once Around Deluxe,WMS,94.0,94.0,
Bounty of the Beanstalk,Playtech,94.0,94.0,
Nostradamus,Playtech,94.0,94.0,
Firestorm 7,Rival Gaming,94.0,94.0,
Win Mill,Rival Gaming,94.0,94.0,
Reel Party,Rival Gaming,94.0,94.0,
Heavyweight Gold,Rival Gaming,94.0,94.0,
The Glass Slipper,SUNFOX Games,94.0,94.0,
Jackpotz,CORE Gaming,94.0,94.0,
Pharaohs Wild,CORE Gaming,94.0,94.0,
Life of Brian,Playtech,94.0,94.0,
Valhalla,Betdigital,94.0,94.0,
Golden Dice 3,ZeusPlay,94.0,94.0,
Dice Tronic,ZeusPlay,94.0,94.0,
Magic Seven Delux,ZeusPlay,94.0,94.0,
Underwater Pearls,ZeusPlay,94.0,94.0,
Trojan Horse,ZeusPlay,94.0,94.0,
Disco Fever,ZeusPlay,94.0,94.0,
Royal Jewels,ZeusPlay,94.0,94.0,
Honey Money,ZeusPlay,94.0,94.0,
Butterfly Hot 20,ZeusPlay,94.0,94.0,
Candy Land,ZeusPlay,94.0,94.0,
Butterfly Classic,ZeusPlay,94.0,94.0,
Cherry's Land,ZeusPlay,94.0,94.0,
Arthur's Quest II,Amaya,94.0,94.0,
Fruit Party,Amaya,94.0,94.0,
Oktoberfest by Amaya,Amaya,94.0,94.0,
Legend of Terra,NeoGames,94.0,94.0,
Triple Bonus Spin 'n Win,Amaya,94.0,94.0,
Free Spin City,Betdigital,94.0,94.0,
The War of the Worlds,Ash Gaming,94.0,94.0,
Cash! Bang! Wallop!,Ash Gaming,94.0,94.0,
Super Hot Fruits,Inspired Gaming,94.0,94.0,
Age of Privateers,Novomatic,94.0,94.0,
Roman Gold,Cayetano Gaming,94.0,94.0,
Wild Jewels,Betdigital,94.0,94.0,
Native Treasure,Amaya,94.0,94.0,
Bull Stampede,KA Gaming,94.0,94.0,
777 Diamonds,MrSlotty,94.0,94.0,
Aztec Pyramids,MrSlotty,94.0,94.0,
Classic 7 Fruits,MrSlotty,94.0,94.0,
Cleopatra 18+,MrSlotty,94.0,94.0,
Crazy Halloween,MrSlotty,94.0,94.0,
Dolphins Gold,MrSlotty,94.0,94.0,
Electric 7 Fruits,MrSlotty,94.0,94.0,
Emoji Slot,MrSlotty,94.0,94.0,
Enchanted 7s,MrSlotty,94.0,94.0,
Fruit Cocktail 7,MrSlotty,94.0,94.0,
Gold Miners,MrSlotty,94.0,94.0,
Golden Joker Dice,MrSlotty,94.0,94.0,
Golden 7 Fruits,MrSlotty,94.0,94.0,
Hot Honey 22,MrSlotty,94.0,94.0,
Hot Honey 22 VIP,MrSlotty,94.0,94.0,
Insects 18+,MrSlotty,94.0,94.0,
Joker Cards,MrSlotty,94.0,94.0,
Joker Dice,MrSlotty,94.0,94.0,
Lion The Lord,MrSlotty,94.0,94.0,
Mars Dinner,MrSlotty,94.0,94.0,
Meme Faces,MrSlotty,94.0,94.0,
Mermaid Gold,MrSlotty,94.0,94.0,
Monster Birds,MrSlotty,94.0,94.0,
Monsterinos,MrSlotty,94.0,94.0,
No More Fruits,MrSlotty,94.0,94.0,
PandaMEME,MrSlotty,94.0,94.0,
Royal 7 Fruits,MrSlotty,94.0,94.0,
She/He Beach,MrSlotty,94.0,94.0,
She/He Club,MrSlotty,94.0,94.0,
Super Dragons Fire,MrSlotty,94.0,94.0,
Treasures of Egypt,MrSlotty,94.0,94.0,
Trendy Skulls,MrSlotty,94.0,94.0,
Troll Faces,MrSlotty,94.0,94.0,
Tropical7Fruits,MrSlotty,94.0,94.0,
Unicorn Gems,MrSlotty,94.0,94.0,
Vegas AfterParty,MrSlotty,94.0,94.0,
Wild7Fruits,MrSlotty,94.0,94.0,
Zeus the Thunderer,MrSlotty,94.0,94.0,
Zeus the Thunderer II,MrSlotty,94.0,94.0,
Cleopatra's Secrets,SkillOnNet,94.0,94.0,
Xmas Joker,Play'n Go,93.99,93.99,
Lucky Diamonds,Play'n Go,93.99,93.99,
Grand Monarch,IGT,93.99,93.99,
Mystery Joker,Play'n Go,93.99,93.99,
Wild Wolf,IGT,93.98,93.98,
Miss Red,IGT,93.98,93.98,
The Alchemist,Novomatic,93.98,93.98,
Dou Di Zhu,Aspect Gaming,93.98,93.98,
Fruit Fall,Octavian Gaming,93.97,93.97,
Egyptian Goddess,Blueprint,93.97,93.97,
Jewel Box,Play'n Go,93.96,93.96,
Lady of Fortune,Play'n Go,93.96,93.96,
Merry Xmas,Play'n Go,93.96,93.96,
Samba Carnival,Play'n Go,93.96,93.96,
Pixies of the Forest,IGT,93.95,93.95,
Quest of Kings,Amaya,93.95,93.95,
Jolly Fruits,Novomatic,93.94,93.94,
Flash Cash,Ainsworth,93.93,93.93,
Pharaoh´s Night,Novomatic,93.92,93.92,
Marines,Cayetano Gaming,93.92,93.92,
Fantasy Realm,Amaya,93.91,93.91,
Aeronauts,Evoplay Entertainment,93.9,93.9,
Age of the Gods: Furious 4,Playtech,93.9,93.9,
Battle Tanks,Evoplay Entertainment,93.9,93.9,
Cash Wave,Bally Technologies,93.9,93.9,
Cupid & Psyche,Bally Technologies,93.9,93.9,
Derby Shot,Skywind Group,93.9,93.9,
Enchanted Beans,Cryptologic,93.9,93.9,
Fairy Magic,Playtech,93.9,93.9,
Fantasy Realm,Cryptologic,93.9,93.9,
Fire Lightning,BGaming,93.9,93.9,
Genie Shot EU,Skywind Group,93.9,93.9,
Honey Shot,Skywind Group,93.9,93.9,
Lothar Matthaus. Be a Winner,Skywind Group,93.9,93.9,
Morocco,Bally Technologies,93.9,93.9,
Mystic Slots,GamesOS,93.9,93.9,
Naughty Girls Cabaret,Evoplay Entertainment,93.9,93.9,
Neko Night Dream Drop,Relax Gaming,93.9,93.9,
Outta Space Adventure,Cryptologic,93.9,93.9,
Silent Screen,Cryptologic,93.9,93.9,
Sunday Afternoon Classics,Cryptologic,93.9,93.9,
Tiger Treasures,Bally Technologies,93.9,93.9,
Title Shot,Skywind Group,93.9,93.9,
"The 100,000 Pyramid",IGT,93.9,93.9,
Hell Raiser,Betsoft,93.9,93.9,
Hot 5 Deluxe,ZeusPlay,93.9,93.9,
Magic Fairies,Cayetano Gaming,93.9,93.9,
Steam Punk Luck,SkillOnNet,93.9,93.9,
Bullion Bonanza,Gamesys,91.72,93.89,93.89
Lady Joker,Amatic Industries,93.89,93.89,
Ming Warrior,Ainsworth,93.88,93.88,
Outta Space Adventure,Amaya,93.87,93.87,
Silent Screen,Amaya,93.87,93.87,
Sunday Afternoon Classics,Amaya,93.87,93.87,
Thai Sunrise,Amaya,93.86,93.86,
Scary Rich 3,Rival Gaming,93.85,93.85,
RockStar,Betsoft,93.84,93.84,
The Enforcer,Ainsworth,93.84,93.84,
Jackpot 5X Wins,Rival Gaming,93.83,93.83,
Mighty Wilds,Ainsworth,93.82,93.82,
Lost,Betsoft,93.8,93.8,
Arabian Nights,Cozy Games,93.8,93.8,
Big Ben,Cozy Games,93.8,93.8,
Cupid's Arrow,Cozy Games,93.8,93.8,
Heist,Betsoft,93.8,93.8,
Ice Run,Playtech,93.8,93.8,
Kung Fu Cash,OpenBet,93.8,93.8,
Ray Gunn vs Calex E. Greed,Gamesys,93.8,93.8,
Sign of Luck,Viaden,93.8,93.8,
Street Fighter II,Cryptologic,93.8,93.8,
Toony Jack,Cozy Games,93.8,93.8,
Space Invasion,Amaya Gaming,92.0,93.8,
Fire Twenty Deluxe,ZeusPlay,93.8,93.8,
Cupid's Arrow,Cozy,93.8,93.8,
Matador,Bwin.Party,93.8,93.8,
King of slots,Cozy,93.78,93.78,
Big Ben,Cozy,93.78,93.78,
Arabian Nights,Cozy,93.78,93.78,
Toony Jack,Cozy,93.78,93.78,
Bloody Love,iGaming2go,93.77,93.77,
Sunshine Reef,Games Global,93.76,93.76,
Sands of Fortune,OpenBet,93.76,93.76,
Coyote Moon,IGT,93.75,93.75,
Kung Fu Cash,Games Global,93.75,93.75,
Mayan Riches,IGT,93.74,93.74,
Wild Melon,Play'n Go,93.72,93.72,
Day of the Dead,IGT,93.71,93.71,
Japanorama,Rival Gaming,93.71,93.71,
Azteca,Playtech,93.7,93.7,
Baywatch,Playtech,93.7,93.7,
Coffee House,Cozy Games,93.7,93.7,
Happy Bugs,Playtech,93.7,93.7,
More Gold Diggin',Betsoft,93.7,93.7,
The Emperor's Tomb,Evoplay Entertainment,93.7,93.7,
Candy Cottage,Rival Gaming,93.7,93.7,
Moonlight Mystery,Rival Gaming,93.7,93.7,
Summer Ease,Rival Gaming,93.7,93.7,
The Explorers' Quest,ZeusPlay,93.7,93.7,
Lady of the Forest,ZeusPlay,93.7,93.7,
Magic Charm,ZeusPlay,93.7,93.7,
Loot'EnKhamun,Bwin.Party,93.69,93.69,
Monte Carlo Racing,Cayetano Gaming,93.68,93.68,
Sin City Nights,Betsoft,93.66,93.66,
Viking Thunder,Cayetano Gaming,93.66,93.66,
Coffee House,Cozy,93.65,93.65,
Bullfight,Cayetano Gaming,93.64,93.64,
Paddy's Luck Mine,Cayetano Gaming,93.62,93.62,
Bargainista,Cozy Games,93.6,93.6,
Blockbusters Drop,OpenBet,93.6,93.6,
Deep Blue HD,Viaden,93.6,93.6,
Mystery Planet,Evoplay Entertainment,93.6,93.6,
Roaring Wilds,Playtech,93.6,93.6,
Adventures in Wonderland,Ash Gaming,86.4,93.6,
Jeopardy!,IGT,93.6,93.6,
Mr. Vegas,Betsoft,93.6,93.6,
Wild Crystal Arrows,SkillOnNet,93.6,93.6,
Bargainista,Cozy,93.58,93.58,
Frontier Fortunes,Habanero,93.58,93.58,
The Naked Gun,Blueprint,93.57,93.57,
Red Mansions,IGT,93.56,93.56,
Treasures of Troy,IGT,93.56,93.56,
Red Emperor,Cayetano Gaming,93.54,93.54,
Sea & Sun,NeoGames,93.51,93.51,
Ramses II,Novomatic,93.506,93.506,
Book of Atem WowPot,Microgaming,93.5,93.5,
Lucky Lady,NextGen Gaming,93.5,93.5,
Penguins in Paradise,Cryptologic,93.5,93.5,
Picnic Panic,Cryptologic,93.5,93.5,
The Last Kingdom,Skywind Group,93.5,93.5,
Ghostbusters,IGT,93.5,93.5,
Icy Wonders,NetEnt,93.5,93.5,
Invaders,Betsoft,93.5,93.5,
Shaaark! Superbet,NextGen,93.5,93.5,
Tahiti Time,Rival Gaming,93.5,93.5,
Astral Luck,Rival Gaming,93.5,93.5,
5th Avenue,NeoGames,93.5,93.5,
Bon Appetit,NeoGames,93.5,93.5,
Picnic Panic,Amaya,93.5,93.5,
Chic Boutique,NeoGames,93.5,93.5,
Circus Mania,NeoGames,93.5,93.5,
Dragon's Gold,NeoGames,93.5,93.5,
Fantasia,NeoGames,93.5,93.5,
Magic Dice,NeoGames,93.5,93.5,
Music Room,NeoGames,93.5,93.5,
Pub House,NeoGames,93.5,93.5,
Nags to Riches,Ash Gaming,93.49,93.49,
Penguins in Paradise,Amaya,93.49,93.49,
5x Magic,Play'n Go,93.47,93.47,
Irish Gold,Play'n Go,93.47,93.47,
Golden Dynasty,Spinomenal,93.47,93.47,
88 Lucky Charms,Spinomenal,93.47,93.47,
Mamma Mia,Betsoft,93.46,93.46,
Wheel of Fortune Ultra 5 reels,IGT,93.46,93.46,
Medieval Money,IGT,93.45,93.45,
Lion's Roar,Rival Gaming,93.42,93.42,
Chinese New Year,Evoplay Entertainment,93.4,93.4,
Little Master,Cryptologic,93.4,93.4,
A Day at the Derby,Rival Gaming,93.4,93.4,
Dragon slot,Leander Games,93.37,93.37,
Count Duckula,Blueprint,93.35,93.35,
Gold of the Gods,Bwin.Party,93.31,93.31,
Legend of Zeus,Bwin.Party,93.31,93.31,
9 Blazing Diamonds WowPot,Microgaming,93.3,93.3,
Beach Life,Playtech,93.3,93.3,
Painted Elephant,Cozy Games,93.3,93.3,
The Discovery,Playtech,93.3,93.3,
Wheel of Wishes,Microgaming,93.3,93.3,
Wizard of Odds,Mazooma,93.3,93.3,
Fortune Teller,NetEnt,93.3,93.3,
Tales of Krakow,NetEnt,93.3,93.3,
Mega Moolah Goddess,Games Global,93.3,93.3,
Aussie Rules,Rival Gaming,93.3,93.3,
Nascash,Genii,93.3,93.3,
Peek Physique,Genii,93.3,93.3,
"Juke Box 10,000",SkillOnNet,93.3,93.3,
Wizard of Odds,Novomatic,93.29,93.29,
Doo Wop Daddy-O,Rival Gaming,93.25,93.25,
Day at the Races,OpenBet,93.25,93.25,
Belissimo!,Games Global,93.23,93.23,
Belissimo,Microgaming,93.2,93.2,
Golden Dragon,Microgaming,93.2,93.2,
Jack's T-Rex,Sheriff Gaming,93.2,93.2,
Jackpot Express,Microgaming,93.2,93.2,
Roman Riches,Microgaming,93.2,93.2,
The Great Conflict,Evoplay Entertainment,93.2,93.2,
Barbary Coast,Betsoft,93.2,93.2,
Global Cup Soccer,Rival Gaming,93.2,93.2,
Fast Lane,Rival Gaming,93.2,93.2,
Tails Of New York,Genii,93.2,93.2,
Scattered skies,Spinomenal,93.13,93.13,
Scattered to hell,Spinomenal,93.13,93.13,
Wealth of monkeys,Spinomenal,93.13,93.13,
Reel Gems,Ash Gaming,93.1,93.1,
Sinbad,Evoplay Entertainment,93.1,93.1,
Top Speed,Cozy Games,93.1,93.1,
Fruit Bonanza,Play'n Go,86.1,93.1,
Geisha Wonders,NetEnt,93.1,93.1,
40 Flaming Lines,ZeusPlay,93.1,93.1,
Double Happiness,Aristocrat,93.06,93.06,
Mystic Secrets,Greentube,93.06,93.06,
Age of the Gods - Fate Sister,Playtech,0.99,93.02,92.95
Mighty Sphinx,NeoGames,93.02,93.02,
Aztec Treasures,Betsoft,93.01,93.01,
Caribbean Holidays,Greentube,93.01,93.01,
Gulliver's Travels,NYX Gaming Group,93.01,93.01,
Ghouls Gold,Betsoft,93.0,93.0,
Lil' Lady,IGT,93.0,93.0,
Chests of Plenty,Ash Gaming,93.0,93.0,
Age of the Gods: Fate Sisters,Playtech,93.0,93.0,
Big Top Tombola,Virtue Fusion,93.0,93.0,
Bouncy Balls,Virtue Fusion,93.0,93.0,
Castle Mania,Sheriff Gaming,93.0,93.0,
Lucky Cherry,Amaya Gaming,93.0,93.0,
Lucky Lager,Cryptologic,93.0,93.0,
Mr Vegas,Betsoft,93.0,93.0,
Sensible Soccer Euro Cup,Ash Gaming,93.0,93.0,
Totem Island,Evoplay Entertainment,93.0,93.0,
Rapunzel's Tower,Quickspin,51.0,93.0,93.0
Gold Money Frog,Net Entertainment,92.3,93.0,
Super Lucky Frog,NetEnt,93.0,93.0,
Tiki Wonders,NetEnt,93.0,93.0,
Tornado: Farm Escape,NetEnt,93.0,93.0,
Captain Cash,Betsoft,93.0,93.0,
Mermaid's Pearl,Betsoft,93.0,93.0,
Lucky Streak,Big Time Gaming,93.0,93.0,
The Link,G.Games,93.0,93.0,
Adventure Jack,NeoGames,93.0,93.0,
Astrodice,NeoGames,93.0,93.0,
Pirate Plunder,Amaya,93.0,93.0,
Funtastic Pets,NeoGames,93.0,93.0,
Monaco Glamour,NeoGames,93.0,93.0,
Royal Slots,NeoGames,93.0,93.0,
The Big Apple,NeoGames,93.0,93.0,
Graveyard Party,NeoGames,93.0,93.0,
Clover Rollover,Playtech,93.0,93.0,
Hollywood Boulevard,Playtech,93.0,93.0,
Jungle Madness,Playtech,93.0,93.0,
Lucky Ladies 88,Playtech,93.0,93.0,
Mafia Millions,Playtech,93.0,93.0,
Marine Mayhem Mini,Playtech,93.0,93.0,
Pet Luck,Playtech,93.0,93.0,
Snow Queens Magic,Playtech,93.0,93.0,
Tarot Fortune,Playtech,93.0,93.0,
Thor's Thunder,Playtech,93.0,93.0,
As the Reels Turn 3,Rival Gaming,92.98,92.98,
Blackbeard's Gold,Amaya,92.98,92.98,
Royal Reels,Betsoft,92.93,92.93,
Notre Dame,OpenBet,92.9,92.9,
What's Cooking,Playtech,92.9,92.9,
White Orchid,IGT,92.9,92.9,
Tropical Holiday,Others,92.9,92.9,
Notre Dame,Mazooma,92.9,92.9,
Fun Fair,Cayetano Gaming,92.88,92.88,
All Fruits HD,Play Labs,92.82,92.82,
Country Life HD,Play Labs,92.82,92.82,
50s PinUp HD,Play Labs,92.82,92.82,
Fruit Reel,Skywind Group,92.8,92.8,
Fruits 4 Jackpot,World Match,92.8,92.8,
Gladiator Reel,Skywind Group,92.8,92.8,
Norse Reel,Skywind Group,92.8,92.8,
Polka Reel,Skywind Group,92.8,92.8,
Wonder Woman,NextGen Gaming,92.8,92.8,
Wild Safari,Rival Gaming,92.8,92.8,
Mad Cubes 25,ZeusPlay,92.8,92.8,
Super Hot,ZeusPlay,92.8,92.8,
27 Hot Lines Delux,ZeusPlay,92.8,92.8,
The Lost Temple,ZeusPlay,92.8,92.8,
Sweets Insanity,SkillOnNet,92.8,92.8,
Terracota Wilds,Spinomenal,92.75,92.75,
Treasures of Egypt,Cozy,92.72,92.72,
Lucky Clover,Cozy,92.72,92.72,
7 Monkeys,Pragmatic Play,92.71,92.71,
Gangster's Slot,Spinomenal,92.71,92.71,
Hawaii Vacation,Spinomenal,92.71,92.71,
Undying Passion,Spinomenal,92.71,92.71,
Lucky Clover,Cozy Games,92.7,92.7,
The Legend of Shaolin,Evoplay Entertainment,92.7,92.7,
Treasures of Egypt,Cozy Games,92.7,92.7,
Gladiator,Betsoft,92.67,92.67,
Worms Reloaded,Blueprint,92.66,92.66,
Wild Bandits,Games Warehouse,92.61,92.61,
Nauticus,Games Global,92.6,92.6,
Deal or No Deal: What's In Your Box,Blueprint,92.6,92.6,
Respinner,Ash Gaming,92.59,92.59,
Siberian Storm Dual Play,IGT,92.53,92.53,
Britain's Got Talent,Playtech,92.52,92.52,
Scary Rich,Rival Gaming,92.52,92.52,
Snake Slot,Leander Games,92.51,92.51,
Jackpot Jamba,Betsoft,92.5,92.5,
Pharaoh King,Betsoft,92.5,92.5,
Britain's Got Talent,Ash Gaming,92.5,92.5,
Freaky Wild West,GamesOS,92.5,92.5,
Queen of Alexandria WowPot,Microgaming,92.5,92.5,
Slots O' Gold,Blueprint Gaming,92.5,92.5,
Super Spinner,Blueprint Gaming,92.5,92.5,
Top Cat,Blueprint Gaming,92.5,92.5,
Jackpot 2000,Betsoft,92.5,92.5,
Mega King,Betsoft,92.5,92.5,
Coins of Olympus,Rival Gaming,92.5,92.5,
Super Spinner Bar X,Blueprint,92.5,92.5,
Toy Factory,Blueprint,92.5,92.5,
Super Spins Bar X Gold,Blueprint,92.5,92.5,
Wild Bugs,Cayetano Gaming,92.49,92.49,
Jackpot King,Blueprint,92.48,92.48,
Top Cat,Blueprint,92.48,92.48,
Slots O' Gold Slot Free Play & Game Review 2025,Blueprint,92.48,92.48,
Wish Upon a Jackpot,Blueprint,92.46,92.46,
Lucky Devil,Cozy,92.42,92.42,
Persian Glory,Cayetano Gaming,92.41,92.41,
Fortune Hill,Playtech,92.4,92.4,
Lucky Devil,Cozy Games,92.4,92.4,
Robinson,Evoplay Entertainment,92.4,92.4,
The X-Factor Jackpot,Ash Gaming,92.4,92.4,
Midway Madness,Rival Gaming,92.4,92.4,
Snake Eyes,ZeusPlay,92.36,92.36,
The X Factor Jackpot,Ash Gaming,92.35,92.35,
Money Wheel,Play'n Go,92.31,92.31,
Big 5,Microgaming,92.3,92.3,
Ghosts of Christmas,Playtech,92.3,92.3,
Sherwood Forest Fortunes,Rival Gaming,92.28,92.28,
Japanese Mystery,Cayetano Gaming,92.27,92.27,
Arrival,Betsoft,92.26,92.26,
Big 5,Games Global,92.26,92.26,
Egyptian Wild HD,Play Labs,92.24,92.24,
Slotsaurus,Spinomenal,92.23,92.23,
Soccer Babes,Spinomenal,92.23,92.23,
Year of the monkey,Spinomenal,92.23,92.23,
Legends of Ra,Evoplay Entertainment,92.2,92.2,
Fruit Stack Locked Gold,Cayetano Gaming,92.19,92.19,
Live Slot,Spinomenal,92.16,92.16,
Steaming Reels,Spinomenal,92.16,92.16,
Ned and His Friends,Betsoft,92.15,92.15,
Smash the Pig,IGT,92.15,92.15,
Book Of Ra,Greentube,92.13,92.13,
Treasure Nile,Games Global,92.11,92.11,
Book of Ra Classic,Novomatic,92.1,92.1,
Cash Volt,Red Tiger Gaming,92.1,92.1,
Funky Fruits Farm,Playtech,92.1,92.1,
Gem Heat,Playtech,92.1,92.1,
Piggies and the Wolf,Playtech,92.1,92.1,
Respin King,Skywind Group,92.1,92.1,
Sherlock and Moriarty WowPot,Microgaming,92.1,92.1,
Stars Luck,Red Tiger Gaming,92.1,92.1,
The Three Musketeers,Playtech,92.1,92.1,
Treasure Nile,Microgaming,92.1,92.1,
Five Reel Bingo,Rival Gaming,92.1,92.1,
Gushers Gold,Rival Gaming,92.1,92.1,
Butterfly Hot 10,ZeusPlay,92.1,92.1,
7UP!,G.Games,92.09,92.09,
Golden Goals,Big Time Gaming,92.07,92.07,
The Glam Life,Betsoft,92.02,92.02,
Red Hot Fruits,Blueprint,92.02,92.02,
Senor Burrito,Blueprint,92.02,92.02,
The Winnings of Oz,Playtech,90.91,92.01,90.91
Bier Haus,WMS Gaming,92.0,92.0,
Cat in Vegas,Playtech,92.0,92.0,
Catwalk,Ash Gaming,92.0,92.0,
Chippendales,Playtech,92.0,92.0,
Disco Dance,Spigo,92.0,92.0,
Farmer's Market,Playtech,92.0,92.0,
Fruits,Spigo,92.0,92.0,
Hat Trick,Spigo,92.0,92.0,
La Chatte Rouge,Playtech,92.0,92.0,
Lucky Mahjong Box,Evoplay Entertainment,92.0,92.0,
Plenty O' Fortune,Playtech,92.0,92.0,
Sisters of Oz WowPot,Microgaming,92.0,92.0,
Super Parrot,Spigo,92.0,92.0,
The Mummy,Playtech,92.0,92.0,
Tivoli,Spigo,92.0,92.0,
Tropicana,Spigo,92.0,92.0,
Wanted Dead Or Alive,Playtech,92.0,92.0,
Zoo,Spigo,92.0,92.0,
Magic Lines,Betsoft,92.0,92.0,
Gorilla Go Wild,NextGen,92.0,92.0,
Power Joker,Greentube,92.0,92.0,
MegaJackpots Isle O'Plenty,IGT,92.0,92.0,
MegaJackpots Siberian Storm,IGT,92.0,92.0,
MegaJackpots Wolf Run,IGT,92.0,92.0,
Mega Jackpots Star Lanterns,IGT,92.0,92.0,
Fortune,G.Games,92.0,92.0,
Magic,G.Games,92.0,92.0,
The Sky's the Limit,Live 5,86.0,92.0,92.0
Pot O' Gold,Amaya,92.0,92.0,
Life of Leisure,Ash Gaming,92.0,92.0,
Fantasy Island HD,Play Labs,91.97,91.97,
The Forbidden City HD,Play Labs,91.97,91.97,
2 Million B.C.,Betsoft,91.94,91.94,
Haunted House,Big Time Gaming,91.9,91.9,
2 Million BC,Betsoft,91.9,91.9,
Tropical Holiday,Play'n Go,91.9,91.9,
Motor Slot Speed Machine,SkillOnNet,91.9,91.9,
Mayan Mystery,Cayetano Gaming,91.84,91.84,
Super Mask,Spinomenal,91.83,91.83,
Striking Viking HD,Play Labs,91.83,91.83,
Fight Night HD,Play Labs,91.83,91.83,
The Pinguizz HD,Play Labs,91.8,91.8,
Mr. Moneymaker HD,Play Labs,91.8,91.8,
Banana King HD,Play Labs,91.8,91.8,
Dragon Parade,Amaya,91.79,91.79,
Amigos Gold,Blueprint,91.74,91.74,
Uga Age HD,Play Labs,91.62,91.62,
Underwater Cowboy,SkillOnNet,91.6,91.6,
Gin Joint Jackpot,Ash Gaming,91.59,91.59,
Plants vs. Zombies: Wild Gargantuar,Blueprint,91.56,91.56,
A Girl's Best Friend,Gamesys,91.54,91.54,
Cash Splash 3 Reel,Games Global,91.51,91.51,
Siberian Siren,Amaya,91.51,91.51,
Cash Splash 3-Reel,Microgaming,91.5,91.5,
Cash Splash 5-Reel,Microgaming,91.5,91.5,
Gladiator Jackpot,Playtech,91.5,91.5,
King Kong,Cryptologic,91.4,91.4,
Football Carnival,Playtech,91.3,91.3,
Leprechaun's Luck,Ash Gaming,91.3,91.3,
Reels of Rock,Genii,91.3,91.3,
Gold Diggers,Betsoft,91.23,91.23,
Fairy Fortunes,Blueprint,91.23,91.23,
Jumpin' Jalapenos,WMS Gaming,91.1,91.1,
Money Magic,Rival Gaming,91.1,91.1,
Legends of Greece,Genii,91.1,91.1,
Rising Sun,Genii,91.1,91.1,
Lucky Duck,Blueprint,91.06,91.06,
Who Wants to be a Millionaire?,Ash Gaming,91.0,91.0,
Diamonds,Spigo,86.0,91.0,
King Cashalot,Games Global,91.0,91.0,
MegaJackpots Cleopatra,IGT,91.0,91.0,
Opera Night,Rival Gaming,91.0,91.0,
Who Wants to Be a Millionaire,Ash Gaming,91.0,91.0,
Fairest of them All,Playtech,89.95,90.96,90.96
Castle Slot,NeoGames,90.82,90.82,
7 Dwarfs' Diamonds,Cayetano Gaming,90.81,90.81,
Premier Trotting,Games Global,90.65,90.65,
Holiday Hotel,NeoGames,90.65,90.65,
Jour de l'Amour,Viaden,90.6,90.6,
One Million Reels BC,Rival Gaming,90.6,90.6,
Reelin' & Rockin',Genii,90.6,90.6,
King Cashalot,Microgaming,90.5,90.5,
Cubana Tropicana,Viaden,90.4,90.4,
Maverick Saloon,Viaden,90.4,90.4,
Pub Crawlers,Rival Gaming,90.4,90.4,
Angel Princess,Blueprint,90.21,90.21,
Deal or No Deal,Gamesys,90.2,90.2,
Jingle Bells Ride,Viaden,90.2,90.2,
Legends of Olympia,Genii,90.2,90.2,
Reef Encounter,Genii,90.2,90.2,
The Penguins: World Tour,Blueprint,90.18,90.18,
Pirates,Cayetano Gaming,90.15,90.15,
Fruit Fiesta 3-Reel,Microgaming,90.1,90.1,
Lotsaloot 5-Reel,Microgaming,90.1,90.1,
White King,Playtech,90.1,90.1,
Spring Queen,Novomatic,90.1,90.1,
Summer Queen™,Novomatic,90.09,90.09,
Lots a Loot,Games Global,90.07,90.07,
Tunzamunni,Games Global,90.03,90.03,
Spinning 7's,Amaya,90.02,90.02,
Downton Abbey,Skywind Group,90.0,90.0,
Football Cup,Viaden,90.0,90.0,
Fruit Fiesta 5-Reel,Microgaming,90.0,90.0,
Hollywood Reels,Amaya Gaming,90.0,90.0,
Lotsaloot 3-Reel,Microgaming,90.0,90.0,
Relic Raiders,Net Entertainment,90.0,90.0,
Tunzamuni,Microgaming,90.0,90.0,
Relic Raiders,NetEnt,90.0,90.0,
Jolly Reels,Novomatic,90.0,90.0,
Lucky Jolly,Novomatic,90.0,90.0,
Temple of Secrets,Novomatic,90.0,90.0,
Spin 'n Win,Amaya,88.0,90.0,88.0
Dragon 8s,Amaya,89.99,89.99,
Lots a Loot 5 Reel,Games Global,89.95,89.95,
Dice Express HD,Viaden,89.9,89.9,
Pina Nevada,Genii,89.8,89.8,
Purse of the Mummy,Genii,89.8,89.8,
House of Scare,Viaden,89.7,89.7,
Wow Pot,Games Global,89.63,89.63,
Eggstravaganza,Rival Gaming,89.5,89.5,
Enchanted,Betsoft,89.4,89.4,
Major Millions 3-Reel,Microgaming,89.4,89.4,
Major Millions 5-Reel,Microgaming,89.4,89.4,
Major Millions,Games Global,89.37,89.37,
Magic Boxes,Games Global,89.37,89.37,
Ice Picks,Rival Gaming,88.4,88.4,
Mega Moolah,Games Global,88.12,88.12,
Mega Moolah,Microgaming,88.1,88.1,
Mega Moolah Summertime,Microgaming,88.1,88.1,
The Dark Knight,Microgaming,88.1,88.1,
Leprechauns Luck,Playtech,88.01,88.01,
Mega Moolah 5 Reel Drive,Microgaming,88.0,88.0,
Mega Moolah Isis,Microgaming,88.0,88.0,
Pyramid Treasure,BF games,85.75,85.75,
Lucky Fruits,Vibra Gaming,85.0,85.0,
Crazy Slots,Greentube,84.0,84.0,
The Zombies,Amaya,76.27,76.27,
Ice Breaker,Push Gaming,21.2,75.59,75.59
Humpty Dumpty,Push Gaming,22.94,73.53,73.53
Meet the Meerkats,Push Gaming,23.1,73.41,73.41
Arabian Dream,ZeusPlay,22.3,71.4,71.4
Sinbad,Quickspin,26.36,70.69,70.69
Gems of the Gods,Push Gaming,26.81,69.74,69.74
Bonus Beans,Push Gaming,10.63,66.71,66.71
Power Force Villains,Push Gaming,5.08,66.34,66.34
Bumper Crop,Playson,30.09,65.44,65.44
Peter & the Lost Boys,Push Gaming,34.58,61.95,61.95
Jewel Quest Riches,Old Skool Studios,7.13,61.56,61.56
Hero's Quest,Bally Wulff,60.0,60.0,
Mystic Force,Bally Wulff,60.0,60.0,
Art of the Heist,Playson,15.77,59.85,59.85
Mighty 40,Bally Wulff,58.74,58.74,
Ultimate Dream Team,Push Gaming,19.26,55.82,55.82
Power Force Heroes,Push Gaming,5.08,55.54,55.54
Golden Farm,Push Gaming,44.41,52.13,52.13
Peek-a-Boo Pixie,Bally,3.94,30.98,30.98
Cupid: Wild at Heart,Blueprint,1.0,1.0,
Glow,NetEnt,,,
Frog Hunter,Betsoft,,,
Jackpot Gagnant,Betsoft,,,
Old Timer,Betsoft,,,
Super Joker,Betsoft,,,
Super Money Wheel,Betsoft,,,
Vegas Joker,Betsoft,,,
Seven Deadly Sins,Genesis,,,
Time Voyagers,Genesis,,,
Cash & Camels,StakeLogic,,,
Fruit Cake,Big Time Gaming,,,
Rocky Reactors,Big Time Gaming,,,
Diamonds,Big Time Gaming,,,
Joker Jackpot,Big Time Gaming,,,
Mr Multiplier,Big Time Gaming,,,
Tumblin' Treasures,Big Time Gaming,,,
Time treasures,2by2 Gaming,,,
Diamond falls,2by2 Gaming,,,
Art masters,2by2 Gaming,,,
Jet Set Rollers,Gamesys,,,
Asian Attraction™,Novomatic,,,
Wild Spinner™,Eurocoin Interactive,,,
Blazing Riches,Novomatic,,,
Cash Runner,Novomatic,,,
Bars & Sevens,Novomatic,,,
The Winning Pick™,Novomatic,,,
Star Lotto,Eurocoin Interactive,,,
Perchta,Novomatic,,,
13,Greentube,,,
Bikini Beach,GamePlay,,,
Dice Winner,Greentube,,,
Fabulous Fruits,Eurocoin Interactive,,,
Highroller Jackpot,Novomatic,,,
Diamond Street,Novomatic,,,
Fates and Furies,Novomatic,,,
Gears of Fortune,G.Games,,,
Multiplayer Avalon,Games Global,,,
Be the King,G.Games,,,
Around the World,Ash Gaming,,,
London Bastards,StakeLogic,,,
Dancing Dragon,Novomatic,,,
Jester´s Crown slot,Novomatic,,,
Kingdom of Legends,Novomatic,,,
Sirenas,Novomatic,,,
The King's Crown,Eurocoin Interactive,,,
Gold Trophy,Others,,,
Keno 8,ZeusPlay,,,
European Roulette 3D Deluxe,ZeusPlay,,,
Barnyard Boogie,Amaya,,,
Atlantis,NeoGames,,,
Bedtime Stories,Booming Games,,,
Auto Show,NeoGames,,,
Cafe Paris,NeoGames,,,
Conga Beat,NeoGames,,,
Dress Up Diva,NeoGames,,,
Egyptian Magic,NeoGames,,,
Fair Play,NeoGames,,,
Ice Land,NeoGames,,,
Lucky Machines,NeoGames,,,
Monte Carlo,NeoGames,,,
Ocean Pearls,NeoGames,,,
Pirates Paradise,Games Global,,,
"Ready, Set, Go!",NeoGames,,,
Sakura Garden,NeoGames,,,
Sky of Love,NeoGames,,,
Casino Royale,GamePlay,,,
Fortune Koi,GamePlay,,,
Fortune Tree,GamePlay,,,
Four Beauties,GamePlay,,,
Four Guardians,GamePlay,,,
Fruitilicious,GamePlay,,,
Fu Lu Shou,GamePlay,,,
God of Fortune,GamePlay,,,
God of Gamblers,GamePlay,,,
Golden Eggs,GamePlay,,,
Golf Tour,GamePlay,,,
Kings of Highway,GamePlay,,,
Klassik,GamePlay,,,
Lady Luck,GamePlay,,,
Lantern Festival,GamePlay,,,
Mafia,GamePlay,,,
Panda,GamePlay,,,
Pharaoh,GamePlay,,,
Phoenix,GamePlay,,,
Pirate's Treasure,GamePlay,,,
Reel Catch,Novomatic,,,
Fruits'n Sevens deluxe,Novomatic,,,
Sorceress,Novomatic,,,
Stories of Infinity,Novomatic,,,
Roman Empire,GamePlay,,,
The Nutcracker,GamePlay,,,
The Red Chamber,GamePlay,,,
Three Kingdoms,GamePlay,,,
World Soccer,GamePlay,,,
Zeus King of Gods,GamePlay,,,
Coffin up the Cash,Ash Gaming,,,
Jewels of Atlantis,Ash Gaming,,,
Open Sesame,Ash Gaming,,,
Pharaohs Treasure,PlayPearls,,,
Sensible Soccer: Euro Cup,Ash Gaming,,,
Time Machine,Ash Gaming,,,
Viva Las Vegas,Ash Gaming,,,
Viva Las Vegas Classic,Ash Gaming,,,
Whale of Fortune,Ash Gaming,,,
The X Factor Platinum,Ash Gaming,,,
Zodiac Zillions,Ash Gaming,,,
Slotris,Ash Gaming,,,
Dino,NeoGames,,,
Lulu & Luigi,IGT,,,
Legends of Fire and Water,IGT,,,
Mermaid Serenade,Genii,,,
Minted Sevens,Genii,,,
Monkey Business,Genii,,,
Big Time Journey,Foxium,,,
Changing Fate 40,Novomatic,,,
Single Zero Roulette,NextGen,,,
Cash Cow,Revolver Gaming,,,
Fairground Fortunes Clowny's,Psiclone Games,,,
High Gear,SkillOnNet,,,
Magic & Wonders,SkillOnNet,,,
Olympic Winners,SkillOnNet,,,
Safe Hackers,SkillOnNet,,,
Funny Money,NextGen,,,
Voodoo Dollars,NextGen,,,
Alice in Bonusland,NextGen,,,
A Girls Night Out,Playtech,,,
Around the World in 80 Plays,Psiclone Games,,,
Money Back Special,Playtech,,,
Vampires Feast Super Spin,SkillOnNet,,,
Vegas 6000,SkillOnNet,,,
Lucky Birds,Playson,,,
Casino Island Deluxe,PAF,,,
King of the Jungle,Gamomat,,,
Black Gold Rush,SkillOnNet,,,
Alice in Wonderland,BetConstruct,,,
Rome Warrior,BF games,,,
Royal Crown,BF games,,,
Voodoo Candy Shop Deluxe,BF games,,,
Dragon's Hoard,Red7,,,
Octopus's Garden,Bwin.Party,,,
Fruits 4 Jackpot HD,Play Labs,,,
Beat The Bank,Wager Gaming,,,
Birds Of Paradise,Wager Gaming,,,
Coral Cash,Wager Gaming,,,
Fire And Ice,Amatic Industries,,,
Magic Forest,Amatic Industries,,,
Superbikes HD,Play Labs,,,
Circus HD,Play Labs,,,
Bikini Beach HD,Play Labs,,,
Contraption Game HD,Play Labs,,,
