game,publisher,min_rtp,max_rtp,default_rtp
Alien Robots,NetEnt,96.3,96.6,96.6
Aliens (NetEnt),NetEnt,96.4,96.4,
Arabian Nights (Netent),NetEnt,90.6,95.6,95.6
Attraction,NetEnt,96.7,96.7,
Beach,NetEnt,96.8,96.8,
Beetle Frenzy,NetEnt,94.0,94.0,
Big Bang (NetEnt),NetEnt,96.0,96.0,
Blood Suckers Demo & Review,NetEnt,98.0,98.0,
Böb: The Epic Viking Quest for the Sword of Tullemutt,NetEnt,98.0,98.0,
Bicicleta,Yggdrasil,96.3,96.3,
Boom Brothers,NetEnt,96.4,96.4,
Champion of the track,NetEnt,96.5,96.5,
Cosmic Fortune,NetEnt,96.9,96.9,
Creature from the Black Lagoon,NetEnt,96.47,96.47,
Crime Scene (NetEnt),NetEnt,96.7,96.7,
Crusade of Fortune,NetEnt,95.9,95.9,
Dazzle Me,NetEnt,96.9,96.9,
Dead or Alive,NetEnt,95.03,95.03,
Demolition Squad,NetEnt,97.1,97.1,
Devil's Delight (NetEnt),NetEnt,97.6,97.6,
Diamond Dogs,NetEnt,96.5,96.5,
Disco Spins,NetEnt,96.4,96.4,
Dracula (NetEnt),NetEnt,96.58,96.58,
Dragon Island,NetEnt,96.6,96.6,
Drive: Multiplier Mayhem Demo & Slot Review,NetEnt,96.7,96.7,
Eggomatic,NetEnt,96.5,96.5,
Egyptian Heroes,NetEnt,96.7,96.7,
Elements: The Awakening,NetEnt,96.02,96.02,
Evolution,NetEnt,96.3,96.3,
Excalibur,NetEnt,95.08,95.08,
Fishy Fortune,NetEnt,95.4,95.4,
Fisticuffs,NetEnt,96.7,96.7,
Flowers,NetEnt,96.32,96.32,
Flowers Christmas Edition,NetEnt,96.32,96.32,
Fortune Teller (NetEnt),NetEnt,93.3,93.3,
Frankenstein (NetEnt),NetEnt,96.6,96.6,
Fruit Case,NetEnt,96.42,96.42,
Fruit Shop (NetEnt),NetEnt,94.05,94.05,
Fruit Shop Christmas Edition,NetEnt,96.71,96.71,
The Funky Seventies,NetEnt,96.5,96.5,
Geisha Wonders,NetEnt,93.1,93.1,
Ghost Pirates (NetEnt),NetEnt,96.88,96.88,
Glow,NetEnt,,,
Go Bananas,NetEnt,96.91,96.91,
Gold Rush (NetEnt),NetEnt,95.4,95.4,
Golden Shamrock,NetEnt,96.4,96.4,
Gonzo's Quest Slot Review & Free Demo,NetEnt,95.97,95.97,
Guns N' Roses,NetEnt,94.07,94.07,
The Groovy Sixties,NetEnt,96.5,96.5,
Hall of Gods,NetEnt,95.3,95.3,
Hook's Heroes,NetEnt,96.82,96.82,
Icy Wonders,NetEnt,93.5,93.5,
Jack and the Beanstalk Slot Review & Free Demo,NetEnt,96.3,96.3,
Jack Hammer,NetEnt,96.96,96.96,
Jack Hammer 2,NetEnt,97.07,97.07,
Jackpot 6000,NetEnt,98.9,98.9,
Jungle Games,NetEnt,96.6,96.6,
Kings of Chicago,NetEnt,97.8,97.8,
King of Slots,NetEnt,96.96,96.96,
Koi Princess,NetEnt,96.23,96.23,
Lights,NetEnt,96.1,96.1,
Lost Island (NetEnt),NetEnt,96.5,96.5,
Lucky 8 Line,NetEnt,96.8,96.8,
Lucky Angler,NetEnt,96.4,96.4,
Magic Love,NetEnt,96.6,96.6,
Magic Portals,NetEnt,96.64,96.64,
"Mega Fortune Slot Review, Free Demo & Best Online Casinos to Play in 2025",NetEnt,96.0,96.0,
Mega Joker Demo & Slot Review,NetEnt,99.0,99.0,
Mr Green: Moonlight,NetEnt,96.7,96.7,
Muse: Wild Inspiration,NetEnt,97.0,97.0,
Mystery at the Mansion,NetEnt,95.1,95.1,
Mythic Maiden,NetEnt,96.58,96.58,
Neon Staxx,NetEnt,96.9,96.9,
Pacific Attack,NetEnt,95.5,95.5,
Pandoras Box (NetEnt),NetEnt,95.1,95.1,
Piggy Riches (NetEnt),NetEnt,96.38,96.38,
Pirates Gold (NetEnt),NetEnt,97.3,97.3,
Pyramid: Quest for Immortality,NetEnt,96.48,96.48,
Reel Rush Slot Review & Free Demo,NetEnt,96.96,96.96,
Reel Steal,NetEnt,95.87,95.87,
Relic Raiders,NetEnt,90.0,90.0,
Robin Hood: Shifting Riches,NetEnt,96.75,96.75,
Safari Madness,NetEnt,96.7,96.7,
Scarface,NetEnt,96.8,96.8,
Secret Code,NetEnt,96.3,96.3,
Secret of the Stones,NetEnt,96.72,96.72,
Secrets of Horus,NetEnt,96.0,96.0,
Silent Run,NetEnt,96.1,96.1,
Simsalabim,NetEnt,97.5,97.5,
South Park,NetEnt,96.7,96.7,
South Park: Reel Chaos,NetEnt,96.8,96.8,
Space Wars (NetEnt),NetEnt,96.75,96.75,
Sparks,NetEnt,96.54,96.54,
Spellcast,NetEnt,95.98,95.98,
Spinata Grande,NetEnt,96.84,96.84,
Starburst Slot Review & Best Casino Sites To Play In 2025,NetEnt,96.09,96.09,
Steam Tower,NetEnt,97.04,97.04,
Stickers,NetEnt,96.69,96.69,
Subtopia,NetEnt,96.1,96.1,
The Super Eighties,NetEnt,96.5,96.5,
Super Lucky Frog (NetEnt),NetEnt,93.0,93.0,
Super Nudge 6000,NetEnt,97.2,97.2,
Tales of Krakow,NetEnt,93.3,93.3,
The Invisible Man,NetEnt,96.3,96.3,
The Wish Master,NetEnt,96.65,96.65,
Thief (NetEnt),NetEnt,96.7,96.7,
Thrill Spin,NetEnt,95.9,95.9,
Thunderfist,NetEnt,96.7,96.7,
Tiki Wonders,NetEnt,93.0,93.0,
Tornado: Farm Escape,NetEnt,93.0,93.0,
Trolls,NetEnt,95.1,95.1,
Twin Spin Slot Review & Free Demo,NetEnt,94.04,94.04,
Victorious,NetEnt,96.88,96.88,
Vikings Treasure,NetEnt,95.9,95.9,
Voodoo Vibes,NetEnt,94.0,94.0,
Wild Rockets,NetEnt,96.66,96.66,
Wild Turkey,NetEnt,96.6,96.6,
Wild Water,NetEnt,96.36,96.36,
Wild Witches (NetEnt),NetEnt,96.1,96.1,
Wonky Wabbits,NetEnt,96.44,96.44,
Zombies (NetEnt),NetEnt,97.2,97.2,
Ariana,Games Global,95.48,95.48,
Asian Beauty,Games Global,96.4,96.4,
Avalon,Games Global,96.01,96.01,
Avalon II,Games Global,95.92,95.92,
Battlestar Galactica,Games Global,96.6,96.6,
Basketball Star,Games Global,96.45,96.45,
Big Break,Games Global,95.29,95.29,
Big Kahuna,Games Global,95.1,95.1,
Booty Time,Games Global,96.48,96.48,
Break Away (Games Global),Games Global,96.29,96.29,
Break da Bank,Games Global,95.43,95.43,
Break da Bank Again,Games Global,95.43,95.43,
Bridesmaids,Games Global,96.71,96.71,
Bulls Eye,Games Global,96.04,96.04,
Burning Desire,Games Global,96.19,96.19,
Bust The Bank,Games Global,96.75,96.75,
Cashapillar,Games Global,95.13,95.13,
Carnaval,Games Global,96.94,96.94,
Cashville,Games Global,95.99,95.99,
Centre Court,Games Global,95.51,95.51,
Chain Mail,Games Global,96.44,96.44,
Cool Wolf,Games Global,96.47,96.47,
Cricket Star,Games Global,97.0,97.0,
Deck the Halls,Games Global,95.38,95.38,
Eagle's Wings,Games Global,96.47,96.47,
Fat Lady Sings,Games Global,96.53,96.53,
Fish Party,Games Global,96.0,96.0,
Football Star (Microgaming),Games Global,96.29,96.29,
Game of Thrones 243 Ways,Games Global,95.07,95.07,
Georgie Porgie,Games Global,95.97,95.97,
Gift Rap,Games Global,96.62,96.62,
Girls With Guns,Games Global,96.55,96.55,
Girls With Guns - Frozen Dawn,Games Global,96.26,96.26,
Gold Factory,Games Global,96.54,96.54,
Golden Era (Microgaming),Games Global,96.56,96.56,
Golden Princess (Microgaming),Games Global,96.18,96.18,
Gopher Gold,Games Global,96.28,96.28,
Great Griffin,Games Global,96.79,96.79,
Gung Pow,Games Global,96.19,96.19,
Halloweenies,Games Global,95.52,95.52,
Happy Holidays (Games Global),Games Global,96.62,96.62,
Hearts & Tarts,Games Global,96.1,96.1,
Hellboy,Games Global,96.49,96.49,
High Society,Games Global,96.8,96.8,
Hitman,Games Global,95.84,95.84,
Ho Ho Ho (Microgaming),Games Global,95.88,95.88,
Hot as Hades,Games Global,96.75,96.75,
Hot Ink,Games Global,96.49,96.49,
Hound Hotel,Games Global,96.25,96.25,
"Immortal Romance Slot Review, Free Demo & Best Casinos to Play",Games Global,96.86,96.86,
Jack & Jill,Games Global,96.43,96.43,
Jekyll And Hyde (Microgaming),Games Global,95.36,95.36,
Jewels of the Orient,Games Global,96.5,96.5,
Karate Pig,Games Global,96.52,96.52,
King Cashalot,Games Global,91.0,91.0,
Kings of Cash,Games Global,96.68,96.68,
Kitty Cabana,Games Global,96.5,96.5,
Ladies Nite,Games Global,96.1,96.1,
Lady in Red,Games Global,96.25,96.25,
Leagues of Fortune,Games Global,96.49,96.49,
Lion's Pride (Microgaming),Games Global,95.9,95.9,
Loose Cannon,Games Global,96.13,96.13,
Lord of the Rings,Games Global,96.3,96.3,
Lots a Loot 5 Reel,Games Global,89.95,89.95,
Lucky Zodiac (Microgaming),Games Global,96.01,96.01,
Mad Hatters,Games Global,96.08,96.08,
Magic Spell,Games Global,96.22,96.22,
Major Millions,Games Global,89.37,89.37,
Max Damage,Games Global,95.98,95.98,
Mega Moolah Slot Review & Free Demo,Games Global,88.12,88.12,
Mega Moolah Goddess Slot Demo and Review | Microgaming,Games Global,93.3,93.3,
Monster Mania,Games Global,95.56,95.56,
Mystic Dreams,Games Global,96.06,96.06,
Octopays,Games Global,96.23,96.23,
Old King Cole,Games Global,96.15,96.15,
Paradise Found,Games Global,95.7,95.7,
Peek-a-Boo,Games Global,96.59,96.59,
Penguin Splash,Rabcat,94.96,94.96,
Phantom Cash,Games Global,96.41,96.41,
Pistoleras,Games Global,95.6,95.6,
Playboy,Games Global,96.57,96.57,
Pollen Nation,Games Global,96.62,96.62,
Pure Platinum,Games Global,96.49,96.49,
Rabbit In The Hat,Games Global,96.61,96.61,
Racing For Pinks,Games Global,96.42,96.42,
Red Hot Devil,Games Global,95.65,95.65,
Reel Gems,Games Global,96.52,96.52,
Reel Strike,Games Global,95.01,95.01,
Retro Reels,Games Global,96.02,96.02,
Retro Reels: Diamond Glitz,Games Global,96.47,96.47,
Retro Reels: Extreme Heat,Games Global,97.5,97.5,
Riviera Riches,Games Global,96.51,96.51,
Robo Jack,Games Global,94.26,94.26,
Rugby Star,Games Global,96.52,96.52,
Santa Paws,Games Global,96.52,96.52,
Santa's Wild Ride,Games Global,96.47,96.47,
Scary Friends,Rabcat,95.47,95.47,
Scrooge (Microgaming),Games Global,96.74,96.74,
Serenity,Games Global,96.56,96.56,
Shoot!,Games Global,96.54,96.54,
Silver Fang,Games Global,96.3,96.3,
Skull Duggery,Games Global,95.8,95.8,
So Many Monsters,Games Global,96.22,96.22,
So Much Candy,Games Global,96.22,96.22,
So Much Sushi,Games Global,96.22,96.22,
Spring Break,Games Global,96.1,96.1,
Star Dust (Microgaming),Games Global,96.59,96.59,
Starlight Kiss,Games Global,96.52,96.52,
Starscape,Games Global,95.85,95.85,
Stash of the Titans,Games Global,95.07,95.07,
Sweet Harvest (Games Global),Games Global,96.29,96.29,
Tally Ho,Games Global,95.87,95.87,
Terminator 2,Games Global,96.62,96.62,
The Dark Knight Rises (Microgaming),Games Global,96.43,96.43,
The Finer Reels of Life,Games Global,96.47,96.47,
Secret Santa,Games Global,96.32,96.32,
The Rat Pack,Games Global,96.14,96.14,
The Osbournes,Games Global,95.89,95.89,
Throne of Egypt,Games Global,96.41,96.41,
Thunderstruck,Games Global,96.1,96.1,
Thunderstruck 2 Slot Review & Free Online Demo,Games Global,96.65,96.65,
Tiger's Eye (Games Global),Games Global,96.26,96.26,
Titans of the Sun Hyperion,Games Global,96.71,96.71,
Titans of the Sun Theia,Games Global,96.67,96.67,
Tomb Raider,Games Global,95.22,95.22,
Tomb Raider Secret of the Sword,Games Global,95.23,95.23,
The Twisted Circus,Games Global,96.36,96.36,
Untamed Bengal Tiger,Games Global,96.2,96.2,
Untamed Crowned Eagle,Games Global,96.32,96.32,
Untamed Giant Panda,Games Global,96.4,96.4,
Untamed Wolf Pack,Games Global,96.17,96.17,
Vinyl Countdown,Games Global,95.56,95.56,
What a Hoot,Games Global,96.94,96.94,
Wheel of Wealth,Games Global,96.04,96.04,
Wild Catch (Microgaming),Games Global,95.52,95.52,
Win Spinner,Games Global,96.0,96.0,
Winning Wizards,Games Global,95.46,95.46,
Apollo Rising,IGT,94.0,94.0,
Black Widow,IGT,94.0,94.0,
Bubble Craze,IGT,94.0,94.0,
Cash Coaster,IGT,95.0,95.0,
Cats,IGT,94.0,94.0,
Cleopatra (IGT),IGT,95.7,95.7,
Coyote Moon,IGT,93.75,93.75,
Da Vinci Diamonds,IGT,94.93,94.93,
Da Vinci Diamonds Dual Play,IGT,94.3,94.3,
Day of the Dead,IGT,93.71,93.71,
Diamond Queen,IGT,94.89,94.89,
Double Diamond,IGT,95.44,95.44,
Fire Opals,IGT,94.26,94.26,
Ghostbusters,IGT,93.5,93.5,
Golden Goddess,IGT,94.75,94.75,
Grand Monarch,IGT,93.99,93.99,
In Bloom,IGT,94.02,94.02,
Jeopardy!,IGT,93.6,93.6,
Kitty Glitter,IGT,94.21,94.21,
Lucky Larry's Lobstermania 2,IGT,94.14,94.14,
Mayan Riches,IGT,93.74,93.74,
Miss Red,IGT,93.98,93.98,
Noah's Ark (IGT),IGT,94.08,94.08,
Nouveau Riche,IGT,94.71,94.71,
Pharaoh's Fortune Slot Demo and Review | IGT,IGT,94.52,94.52,
Pixies of the Forest,IGT,93.95,93.95,
Prowling Panther,IGT,94.09,94.09,
Red Mansions,IGT,93.56,93.56,
She's a Rich Girl,IGT,94.35,94.35,
Siberian Storm,IGT,94.91,94.91,
Stinkin Rich (IGT),IGT,94.38,94.38,
Super Times Pay,IGT,95.0,95.0,
"The 100,000 Pyramid",IGT,93.9,93.9,
Treasures of Troy,IGT,93.56,93.56,
Triple Diamond,IGT,95.06,95.06,
"Vegas, Baby!",IGT,95.02,95.02,
Water Dragons,IGT,94.21,94.21,
Western Belles,IGT,94.59,94.59,
Wheel of Fortune Triple Extreme Spin,IGT,94.04,94.04,
White Orchid,IGT,92.9,92.9,
Wild Wolf (IGT),IGT,93.98,93.98,
Wolf Rising,IGT,94.71,94.71,
Wolf Run,IGT,94.98,94.98,
Taco Brothers,ELK Studios,96.3,96.3,
Golden Fish Tank,Yggdrasil,95.9,95.9,
Seasons (Yggdrasil),Yggdrasil,96.1,96.1,
Cazino Zeppelin,Yggdrasil,96.0,96.0,
Chibeasties,Yggdrasil,96.2,96.2,
Cyrus the Virus,Yggdrasil,96.3,96.3,
Doubles,Yggdrasil,96.0,96.0,
Draglings,Yggdrasil,96.4,96.4,
Fruitoids,Yggdrasil,96.7,96.7,
Holmes and the Stolen Stones,Yggdrasil,96.8,96.8,
Incinerator,Yggdrasil,96.1,96.1,
Joker Millions,Yggdrasil,94.3,94.3,
Jokerizer,Yggdrasil,94.22,94.22,
Magic Mushrooms (Yggdrasil),Yggdrasil,96.4,96.4,
Nirvana,Yggdrasil,96.2,96.2,
Pyrons,Yggdrasil,96.1,96.1,
Reef Run,Yggdrasil,96.4,96.5,96.4
Robotnik,Yggdrasil,96.7,96.7,
The Dark Joker Rizes,Yggdrasil,96.3,96.3,
Vikings Go Wild,Yggdrasil,96.3,96.3,
Winter Berries,Yggdrasil,96.7,96.7,
DJ WÏLD,ELK Studios,96.3,96.3,
Electric SAM,ELK Studios,96.0,96.0,
The Lab,ELK Studios,96.3,96.3,
Champion's Goal,ELK Studios,95.7,95.7,
Aloha! Cluster Pays,NetEnt,96.42,96.42,
Jimi Hendrix,NetEnt,96.9,96.9,
Fantasini: Master of Mystery,NetEnt,96.6,96.6,
Bloopers,ELK Studios,96.1,96.1,
Wicked Circus,Yggdrasil,96.5,96.5,
Family Guy,IGT,94.28,94.28,
Samba De Frutas,IGT,94.71,94.71,
Shamrockers Eire to Rock,IGT,94.2,94.2,
Sherlock Holmes The Hunt for Blackwood Slot,IGT,94.82,94.82,
Balloonies,IGT,94.33,94.33,
4 of a King,Endorphina,96.0,96.0,
Blast Boom Bang,Endorphina,96.0,96.0,
Football (Endorphina),Endorphina,96.0,96.0,
Chimney Sweep,Endorphina,96.0,96.0,
Fairy Tale,Endorphina,96.0,96.0,
Fresh Fruits (Endorphina),Endorphina,96.0,96.0,
Geisha (Endorphina),Endorphina,96.0,96.0,
Gems & Stones,Endorphina,96.0,96.0,
Gladiators (Endorphina),Endorphina,96.0,96.0,
Ice Pirates,Endorphina,96.0,96.0,
Jetsetter,Endorphina,96.0,96.0,
Macarons,Endorphina,96.0,96.0,
Minotaurus,Endorphina,96.0,96.0,
Mongol Treasures,Endorphina,96.0,96.0,
More Fresh Fruits,Endorphina,96.0,96.0,
Origami,Endorphina,96.0,96.0,
Pachamama,Endorphina,96.0,96.0,
Retromania,Endorphina,96.0,96.0,
Safari (Endorphina),Endorphina,96.0,96.0,
Satoshi's Secret,Endorphina,96.0,96.0,
Shaman,Endorphina,96.0,96.0,
Sparkling Fresh,Endorphina,96.0,96.0,
Stone Age (Endorphina),Endorphina,96.0,96.0,
Sushi (Endorphina),Endorphina,96.0,96.0,
Temple Cats,Endorphina,96.0,96.0,
The Emirate,Endorphina,96.0,96.0,
The King (Endorphina),Endorphina,96.0,96.0,
The Ninja,Endorphina,96.0,96.0,
The Vampires,Endorphina,96.0,96.0,
The Vikings (Endorphina),Endorphina,96.0,96.0,
Ultra Fresh,Endorphina,96.0,96.0,
Undine's Deep,Endorphina,96.0,96.0,
Urartu,Endorphina,96.0,96.0,
Wild Fruits (Endorphina),Endorphina,96.0,96.0,
Football: Champions Cup,NetEnt,96.82,96.82,
Legend of the Golden Monkey,Yggdrasil,96.1,96.1,
When Pigs Fly (Netent),NetEnt,97.0,97.0,
Bollywood Story,NetEnt,96.1,96.1,
Theme Park: Tickets of Fortune,NetEnt,96.52,96.52,
Cloud Quest,Play'n Go,94.54,94.54,
100 Hand All American (NetEnt) Game ᐈ RTP + Game info,NetEnt,98.11,98.11,
Aztec Idols,Play'n Go,94.15,94.15,
Bohemia Joker Demo & Slot Review,Casimi,96.98,96.98,
Book of Dead Demo & Review,Play'n Go,94.25,94.25,
Cats and Cash,Play'n Go,94.12,94.12,
Poltava - flames of war,ELK Studios,96.4,96.4,
Chinese New Year (Play'n Go),Play'n Go,94.15,94.15,
Cops'N Robbers (Play'n Go),Play'n Go,94.43,94.43,
Dragon Ship,Play'n Go,94.01,94.01,
Voodoo,Endorphina,96.0,96.0,
Twerk,Endorphina,96.0,96.0,
Gumball 3000,Others,94.0,94.0,
Gunslinger (Others),Others,96.0,96.0,
Happy Halloween,Play'n Go,94.59,94.59,
Jazz of New Orleans,Games Inc,96.2,96.2,
Jewel Box,Play'n Go,93.96,93.96,
Jolly Roger (Play'n Go),Play'n Go,94.98,94.98,
Kummeli,Others,94.17,94.17,
Lady of Fortune,Play'n Go,93.96,93.96,
Leprechaun Goes Egypt,Play'n Go,94.79,94.79,
Merry Xmas (Play'n Go),Play'n Go,93.96,93.96,
Myth,Play'n Go,94.83,94.83,
Ninja Fruits,Play'n Go,94.15,94.15,
Pearl Lagoon,Play'n Go,94.83,94.83,
Pearls of India,Play'n Go,94.87,94.87,
Photo Safari,Play'n Go,94.17,94.17,
Pimped,Play'n Go,94.51,94.51,
Rage to Riches,Play'n Go,94.85,94.85,
Riches of Ra Slot,Play'n Go,94.01,94.01,
Ring the Bells,Games Inc,97.03,97.03,
Royal Masquerade (Play'n Go),Play'n Go,94.51,94.51,
Sails of Gold,Play'n Go,94.23,94.23,
Samba Carnival,Play'n Go,93.96,93.96,
Scandinavian Babes,Play'n Go,94.0,94.0,
Scandinavian Hunks,Others,94.0,94.0,
Space Race,Play'n Go,94.23,94.23,
Spin Party,Play'n Go,94.51,94.51,
Super Flip,Play'n Go,94.51,94.51,
Tower Quest,Play'n Go,94.24,94.24,
Troll Hunters,Play'n Go,94.74,94.74,
Tropical Holiday,Others,92.9,92.9,
Wild Blood,Play'n Go,96.17,96.17,
Wild North (Play’n Go),Play'n Go,94.57,94.57,
Wizard of Gems,Play'n Go,94.67,94.67,
Xmas Joker,Play'n Go,93.99,93.99,
Money Wheel (Play'n Go) Game ᐈ Game Info + Where to play,Play'n Go,92.31,92.31,
Football Gladiators,StakeLogic,96.1,96.1,
Aztec Princess,Play'n Go,94.17,94.17,
Hugo,Play'n Go,94.4,94.4,
Legend of the White Snake Lady,Yggdrasil,96.1,96.1,
Mr. Green's Old Jolly Grand Tour,NetEnt,97.0,97.0,
Beowulf (Quickspin),Quickspin,97.21,97.21,
Big Bad Wolf Slot Review & Best Casinos To Play in 2025,Quickspin,97.34,97.34,
Crystal Queen,Quickspin,96.16,96.16,
Firestorm,Quickspin,96.56,96.56,
Genies Touch,Quickspin,96.9,96.9,
Goldilocks,Quickspin,96.84,96.84,
Hidden Valley,Quickspin,95.69,95.69,
Illuminous,Quickspin,96.57,96.57,
Jewel Blast,Quickspin,96.57,96.57,
King Colossus,Quickspin,96.6,96.6,
Rapunzel's Tower,Quickspin,51.0,93.0,93.0
Razortooth,Quickspin,96.6,96.6,
Royal Frog,Quickspin,95.43,96.77,96.77
Second Strike,Quickspin,96.22,96.22,
Sevens High (Quickspin),Quickspin,96.54,96.54,
Sinbad (Quickspin),Quickspin,26.36,70.69,70.69
Sugar Trail,Quickspin,96.52,96.52,
Supernova (Quickspin),Quickspin,97.05,97.05,
The Epic Journey (Quickspin),Quickspin,96.6,96.6,
The Three Musketeers (Quickspin),Quickspin,96.63,96.63,
The Wild Chase,Quickspin,96.77,96.77,
Titan Thunder,Quickspin,96.48,96.48,
Treasure Island (Quickspin),Quickspin,97.07,97.07,
Spinions,Quickspin,96.05,96.05,
Vegas Party (NetEnt),NetEnt,96.6,96.6,
2 Million B.C.,Betsoft,91.94,91.94,
4 Seasons,Betsoft,95.3,95.3,
7th Heaven,Betsoft,96.92,96.92,
A Christmas Carol,Betsoft,94.58,94.58,
A Night in Paris JP,Betsoft,96.92,96.92,
After Night Falls,Betsoft,97.27,97.27,
Alkemors Tower,Betsoft,94.96,94.96,
Arrival,Betsoft,92.26,92.26,
At the Copa,Betsoft,97.42,97.42,
At the Movies,Betsoft,94.75,94.75,
Aztec Treasures (Betsoft),Betsoft,93.01,93.01,
Back In Time,Betsoft,97.0,97.0,
Barbary Coast,Betsoft,93.2,93.2,
Birds!,Betsoft,96.55,96.55,
Black Gold,Betsoft,94.31,94.31,
Boomanji,Betsoft,95.96,95.96,
Captain Cash,Betsoft,93.0,93.0,
Chase the Cheese,Betsoft,96.0,96.0,
Diamond Dreams,Betsoft,97.0,97.0,
Diamond Jackpot,Betsoft,96.0,96.0,
Enchanted (Betsoft),Betsoft,89.4,89.4,
Event Horizon,Betsoft,96.51,96.51,
Frog Hunter,Betsoft,,,
Fruit Zen,Betsoft,97.3,97.3,
Gemscapades,Betsoft,95.5,95.5,
Genie's Fortune,Betsoft,95.61,95.61,
Ghouls Gold,Betsoft,93.0,93.0,
Gladiator (Betsoft),Betsoft,92.67,92.67,
Gold Diggers,Betsoft,91.23,91.23,
Good Girl Bad Girl,Betsoft,95.59,95.59,
Greedy Goblins,Betsoft,97.2,97.2,
Gypsy Rose (Betsoft),Betsoft,97.63,97.63,
Heist (Betsoft),Betsoft,93.8,93.8,
Hell Raiser,Betsoft,93.9,93.9,
Hidden Loot,Betsoft,97.0,97.0,
House of Fun,Betsoft,94.96,94.96,
Invaders,Betsoft,93.5,93.5,
It Came From Venus,Betsoft,95.8,95.8,
Jackpot 2000,Betsoft,92.5,92.5,
Jackpot Gagnant,Betsoft,,,
Jackpot Jamba,Betsoft,92.5,92.5,
Dr. Jekyll & Mr. Hyde,Betsoft,96.17,96.17,
Lost,Betsoft,93.8,93.8,
Lucky 7 (Betsoft),Betsoft,97.0,97.0,
Mad Scientist (Betsoft),Betsoft,96.0,96.0,
Madder Scientist,Betsoft,95.18,95.18,
Magic Lines,Betsoft,92.0,92.0,
Mamma Mia (Betsoft),Betsoft,93.46,93.46,
Mega Gems,Betsoft,95.18,95.18,
Mega Glam Life,Betsoft,96.29,96.29,
Mega King,Betsoft,92.5,92.5,
Mermaid's Pearl (Betsoft),Betsoft,93.0,93.0,
Monkey Money (Betsoft),Betsoft,94.9,94.9,
More Gold Diggin,Betsoft,94.53,94.53,
Mr. Vegas,Betsoft,93.6,93.6,
Ned and His Friends,Betsoft,92.15,92.15,
Old Timer,Betsoft,,,
Once Upon a Time (Betsoft),Betsoft,95.28,95.28,
Out of This World (Betsoft),Betsoft,94.5,94.5,
Paco and the Popping Peppers,Betsoft,94.29,94.29,
Pharaoh King,Betsoft,92.5,92.5,
Pinocchio (Betsoft),Betsoft,96.53,96.53,
Plumbo,Betsoft,96.0,96.0,
Puppy Love (Betsoft),Betsoft,97.23,97.23,
Red White Blue 7s,Betsoft,97.2,97.2,
Reel Outlaws,Betsoft,95.2,95.2,
Revolution (Betsoft),Betsoft,95.0,95.0,
RockStar,Betsoft,93.84,93.84,
Rooks Revenge,Betsoft,94.53,94.53,
Royal Reels,Betsoft,92.93,92.93,
Safari Sam,Betsoft,97.5,97.5,
Slotfather,Betsoft,95.69,95.69,
Slots Angels,Betsoft,96.89,96.89,
SugarPop (Betsoft),Betsoft,97.6,97.6,
Super Joker (Betsoft),Betsoft,,,
Super Money Wheel,Betsoft,,,
Sushi Bar,Betsoft,94.75,97.48,97.48
The Bees,Betsoft,95.5,95.5,
The Curious Machine,Betsoft,95.5,95.5,
The Exterminator,Betsoft,96.27,96.27,
The Ghouls (Betsoft),Betsoft,94.8,94.8,
The Glam Life,Betsoft,92.02,92.02,
The Tipsy Tourist,Betsoft,97.1,97.1,
Three Wishes,Betsoft,95.61,95.61,
Treasure Room,Betsoft,94.0,94.0,
Triple Crown (Betsoft),Betsoft,94.5,94.5,
True Illusions,Betsoft,96.62,96.62,
True Sheriff,Betsoft,97.03,97.03,
Tycoons,Betsoft,95.34,95.34,
Under the Bed,Betsoft,96.4,96.4,
Under the Sea (Betsoft),Betsoft,96.4,96.4,
Vegas Joker (Betsoft),Betsoft,,,
Viking Age,Betsoft,94.2,94.2,
Weekend In Vegas,Betsoft,96.6,96.6,
Who Spun It?,Betsoft,97.64,97.64,
Wizard's Castle,Betsoft,96.0,96.0,
NRVNA,NetEnt,96.6,96.6,
Grim Muerto,Play'n Go,94.57,94.57,
Nordic Heroes,IGT,94.68,94.68,
Big Blox,Yggdrasil,96.2,96.2,
Double Dragons (Yggdrasil ),Yggdrasil,96.1,96.1,
Secrets of Atlantis,NetEnt,97.07,97.07,
Ortaköyün Yaramazi,Play'n Go,96.75,96.75,
Danish Flip,Play'n Go,96.53,96.53,
Charterrejsen,Others,94.17,94.17,
Charms and Clovers,Betsoft,96.31,96.31,
Medieval Money,IGT,93.45,93.45,
Reel Spinner,Games Global,96.0,96.0,
Motörhead,NetEnt,96.98,96.98,
Zoom,Thunderkick,96.2,96.2,
300 Shields,NextGen,95.299,95.299,
1429 Uncharted Seas,Thunderkick,98.5,98.5,
Arcader,Thunderkick,96.1,96.1,
Barber Shop,Thunderkick,97.0,97.0,
Børk The Berzerker,Thunderkick,97.3,97.3,
Esqueleto Explosivo,Thunderkick,96.0,96.0,
Flux,Thunderkick,96.2,96.2,
Fruit Warp,Thunderkick,97.0,97.0,
Magicious,Thunderkick,96.0,96.0,
Sunny Scoops,Thunderkick,96.0,96.0,
The Rift,Thunderkick,96.3,96.3,
Toki Time,Thunderkick,97.1,97.1,
Bonus Beans,Push Gaming,10.63,66.71,66.71
Gems of the Gods,Push Gaming,26.81,69.74,69.74
Humpty Dumpty (Push Gaming),Push Gaming,22.94,73.53,73.53
Peter & the Lost Boys,Push Gaming,34.58,61.95,61.95
Ultimate Dream Team,Push Gaming,19.26,55.82,55.82
Jungle Jim El Dorado,Games Global,96.31,96.31,
Tarzan (Microgaming),Games Global,96.0,96.0,
Dragonz,Games Global,96.46,96.46,
Joker Pro,NetEnt,96.8,96.8,
Arabian Caravan,Games Global,95.88,95.88,
Alaxe in Zombieland,Games Global,96.55,96.55,
Antique Riches,Genesis,97.05,97.05,
Bier Fest,Genesis,96.55,96.55,
Bloodlines,Genesis,94.55,94.55,
Mirror Magic,Genesis,97.34,97.34,
Cash Cauldron,Genesis,96.48,96.48,
Clash of Queens,Genesis,95.57,95.57,
Cool As Ice,Genesis,95.92,95.92,
Dinosaur Adventure,Genesis,97.25,97.25,
Dragons Rock,Genesis,97.13,97.13,
Drone Wars,Games Global,95.99,95.99,
"East of the Sun, West of the Moon",Genesis,94.91,94.91,
Euro Golden Cup,Genesis,94.35,94.35,
Gingerbread Lane,Genesis,95.88,95.88,
Gods of Giza (Genesis),Genesis,96.13,96.13,
Gothic,Games Global,95.33,95.33,
Hansel & Gretel (iSoftBet),iSoftBet,96.51,96.51,
Haunted Night,Genesis,95.72,95.72,
Hells Grannies,Games Global,95.14,95.14,
Jason's Quest,Genesis,94.5,94.5,
Leprechaun Legends,Genesis,96.03,96.03,
Lucky Rabbits Loot,Games Global,95.21,95.21,
Machine Gun Unicorn,Genesis,97.18,97.18,
More Cheese Please,Genesis,95.27,95.27,
Mount Olympus,Games Global,96.01,96.01,
Mystique Grove,Games Global,95.33,95.33,
Orc's Battle,Games Global,95.2,95.2,
Orion,Genesis,95.21,95.21,
Path of the Wizard,Games Global,97.0,97.0,
Phoenix and the Dragon,Games Global,95.6,95.6,
Ragnarok (Genesis),Genesis,94.5,94.5,
Reindeer Wild Wins,Genesis,96.21,96.21,
Robyn,Genesis,95.04,95.04,
Roller Derby,Games Global,94.26,94.26,
Royal Roller,Games Global,96.5,96.5,
Savanna King,Genesis,96.19,96.19,
Seven Deadly Sins,Genesis,,,
Space Botz,Genesis,95.24,95.24,
Star Crystals,Genesis,96.87,96.87,
Steam Punk Heroes,Games Global,95.88,95.88,
Surf Safari,Games Global,95.88,95.88,
Taboo Spell,Games Global,95.57,95.57,
Temple of Luxor,Genesis,97.1,97.1,
The Great Cashby,Genesis,97.09,97.09,
The Great Escape Artist,Genesis,97.23,97.23,
The Lost Princess Anastasia,Games Global,95.18,95.18,
Time Voyagers,Genesis,,,
Today's Weather,Genesis,96.13,96.13,
Valley of the Kings,Gamesys,95.2,95.2,
Victorian Villain,Games Global,95.72,95.72,
Winstones Resort & Casino,Genesis,95.65,95.65,
Yggdrasil: The Tree of Life Slots,Genesis,95.5,95.5,
Deep Sea Diver,Genesis,97.0,97.0,
Mystic Monkeys,Genesis,97.06,97.06,
Ski Jump,Genesis,97.3,97.3,
Disco Night Fright,Games Global,95.36,95.36,
Carnival Royale,Games Global,95.72,95.72,
Cannonball Bay,Games Global,96.0,96.0,
Dragon's Temple,IGT,96.5,96.5,
Skulls of Legend,iSoftBet,96.0,97.0,96.0
Emerald Isle (Flash),NextGen,94.5,94.5,
Great Wild Elk,NextGen,95.2,95.2,
Babushkas,Thunderkick,95.8,95.8,
Dancing in Rio,WMS,95.97,95.97,
Platoon Wild,iSoftBet,96.0,97.0,96.0
Cloud Tales,iSoftBet,95.0,96.0,95.0
24,iSoftBet,96.07,96.07,
Absolute Super Reels,iSoftBet,95.5,95.5,
Alice Adventure,iSoftBet,95.17,95.17,
Ambiance,iSoftBet,95.06,95.06,
Astro Magic,iSoftBet,96.54,96.54,
Basic Instinct,iSoftBet,95.76,95.76,
Best Things in Life,iSoftBet,95.56,95.56,
Beverley Hills 90210,iSoftBet,97.09,97.09,
Bewitched,iSoftBet,95.35,95.35,
Diamond Wild,iSoftBet,95.2,95.2,
Dolphin's Island,iSoftBet,96.56,96.56,
Fruit Boxes,iSoftBet,97.1,97.1,
Happy Birds,iSoftBet,95.64,95.64,
Heavy Metal Warriors,iSoftBet,96.29,96.29,
Illusions 2,iSoftBet,95.17,95.17,
Jackpot Rango,iSoftBet,95.41,95.41,
Kobushi,iSoftBet,95.56,95.56,
Lucky Leprechaun (Microgaming),Games Global,96.33,96.33,
Luxury Rome,iSoftBet,96.49,96.49,
Mega Boy,iSoftBet,95.54,95.54,
Million Cents HD,iSoftBet,95.5,95.5,
Mona Lisa Jewels,iSoftBet,95.56,95.56,
Musketeer Slot,iSoftBet,96.69,96.69,
Nacho Libre,iSoftBet,95.67,95.67,
Neon Reels,iSoftBet,95.4,95.4,
Ninja Chef,iSoftBet,95.17,95.17,
Pin Up Girls (iSoftBet),iSoftBet,95.24,95.24,
Platoon,iSoftBet,96.96,96.96,
Rambo (iSoftBet),iSoftBet,97.02,97.02,
Red Dragon Wild,iSoftBet,96.1,96.1,
Royal Cash,iSoftBet,95.22,95.22,
Scrolls of RA,iSoftBet,95.71,95.71,
Shaolin Spin,iSoftBet,97.15,97.15,
Spin or Reels,iSoftBet,95.8,95.8,
Spooky Family,iSoftBet,95.02,95.02,
Super Fast Hot Hot,iSoftBet,95.4,95.4,
Super Lady Luck,iSoftBet,95.46,95.46,
Super Lucky Reels,iSoftBet,95.5,95.5,
Super Multitimes Progressive,iSoftBet,95.5,95.5,
The Best Witch,iSoftBet,95.01,95.01,
The Love Guru,iSoftBet,95.41,95.41,
The Warriors,iSoftBet,95.01,95.01,
Ultimate Super Reels,iSoftBet,95.5,95.5,
Wisps (iSoftBet),iSoftBet,97.1,97.1,
World Tour (	iSoftBet),iSoftBet,95.0,96.0,95.0
2016 Gladiators,Endorphina,96.0,96.0,
Burning Hot (Amusnet),Amusnet,96.45,96.45,
Phoenix Sun,Quickspin,96.08,96.08,
Frozen Diamonds,Rabcat,97.0,97.0,
Max Damage and the Alien Attack Game ᐈ Game Info + Where to play,Games Global,96.71,96.71,
Wild Wild West,NetEnt,96.74,96.74,
Dragon's Myth,Rabcat,96.1,96.1,
Spectra,Thunderkick,96.4,96.4,
Emerald Isle,NextGen,96.59,96.59,
Fairytale Legends: Red Riding Hood,NetEnt,96.33,96.33,
Warlords: Crystals of Power,NetEnt,96.89,96.89,
Lost Vegas,Games Global,96.0,96.0,
1421 Voyages of Zheng He,IGT,96.03,96.03,
Great 88,Betsoft,95.36,95.36,
Bar Bar Black Sheep,Games Global,95.32,95.32,
Wild Orient,Games Global,97.5,97.5,
108 Heroes (MahiGaming),MahiGaming,96.56,96.56,
Sun Tide,Games Global,96.5,96.5,
Lucky Koi (Microgaming),Games Global,96.47,96.47,
Live Jazz,Genesis,97.26,97.26,
Ninja Magic,MahiGaming,96.15,96.15,
Golden Farm (Push Gaming),Push Gaming,44.41,52.13,52.13
Meet the Meerkats,Push Gaming,23.1,73.41,73.41
Slammin' 7s,iSoftBet,96.57,96.57,
River of Riches,Rabcat,96.0,96.0,
Forsaken Kingdom,Rabcat,96.54,96.54,
Castle Builder,Rabcat,96.47,96.47,
Legend of Olympus,Rabcat,95.47,95.47,
Club 2000,StakeLogic,95.0,95.0,
Dice Fortune Game ᐈ Free demo game!,StakeLogic,95.82,95.82,
Monkeys of the Universe,StakeLogic,96.52,96.52,
Extreme (StakeLogic),StakeLogic,96.59,96.59,
King Bam Bam,StakeLogic,95.82,95.82,
The Amsterdam Masterplan,StakeLogic,96.63,96.63,
Las Vegas Fever,StakeLogic,96.3,96.3,
Spartus,StakeLogic,96.61,96.61,
Joker Fortune,StakeLogic,95.89,95.89,
Fruit Smasher,StakeLogic,96.29,96.29,
Game 2000,StakeLogic,95.57,95.57,
Random 2 Wild,StakeLogic,95.0,95.0,
Random 2 Wins,StakeLogic,95.0,95.0,
Twin Joker,StakeLogic,97.79,97.79,
Cash & Camels,StakeLogic,,,
Random Runner (StakeLogic),StakeLogic,95.49,95.49,
Queen of Riches,Big Time Gaming,96.9,96.9,
Dragon Born,Big Time Gaming,95.0,95.0,
Temple Quest,Big Time Gaming,96.0,96.0,
Lucky Streak (Big Time Gaming),Big Time Gaming,93.0,93.0,
Viking Quest,Big Time Gaming,96.0,96.0,
Golden Goals,Big Time Gaming,92.07,92.07,
Haunted House (BTG),Big Time Gaming,91.9,91.9,
Temple Of Fortune,Big Time Gaming,94.93,94.93,
Gold (Big Time Gaming),Big Time Gaming,95.03,95.03,
Fruit Cake,Big Time Gaming,,,
Vegas Dreams,Big Time Gaming,96.3,96.3,
Feathered Frenzy Slot,Big Time Gaming,97.0,97.0,
Rocky Reactors,Big Time Gaming,,,
Diamonds (BTG),Big Time Gaming,,,
Feathered Frenzy,Big Time Gaming,96.3,96.3,
Joker Jackpot (Big Time Gaming),Big Time Gaming,,,
Mr Multiplier,Big Time Gaming,,,
Tumblin' Treasures,Big Time Gaming,,,
Bugs Party Game ᐈ Game Info + Where to play,Play'n Go,94.24,94.24,
Frog Grog,Thunderkick,96.1,96.1,
Dreams of Fortune,2by2 Gaming,96.02,96.02,
StarQuest,Big Time Gaming,96.9,96.9,
Wolf heart,2by2 Gaming,96.02,96.02,
Genie's Treasure (2by2),2by2 Gaming,94.99,94.99,
Time treasures,2by2 Gaming,,,
Gunsmoke,2by2 Gaming,96.01,96.01,
The voyages of Sinbad,2by2 Gaming,95.05,95.05,
Secrets of the tomb,2by2 Gaming,94.99,94.99,
Legends of Africa,2by2 Gaming,95.51,95.51,
Mandarin fortune,2by2 Gaming,95.05,95.05,
Diamond falls,2by2 Gaming,,,
Art masters,2by2 Gaming,,,
Greener Pasteur,2by2 Gaming,96.0,96.0,
Spell of Odin,2by2 Gaming,96.11,96.11,
The Forbidden Chamber,GamePlay,95.17,95.17,
Superman (NextGen),NextGen,95.4,95.4,
Monster Wins,NextGen,97.122,97.122,
Batman,NextGen,92.2,95.712,92.2
Green Lantern (NextGen),NextGen,92.35,95.341,92.35
The Flash (NextGen),NextGen,95.5,95.5,
Robin Hood - The Prince of Tweets,NextGen,93.383,96.965,96.965
Wolfpack Pays,NextGen,97.76,97.76,
King Kong NextGen,NextGen,95.142,95.142,
A Dragon Story,NextGen,95.223,95.618,95.618
Witch Pickings,NextGen,95.938,95.938,
Spin Sorceress,NextGen,94.62,94.62,
James Dean,NextGen,95.416,95.416,
Jack's Beanstalk,NextGen,95.459,95.459,
Cash Stampede,NextGen,95.27,95.27,
Starmania,NextGen,97.867,97.867,
Jackpot Jester Wild Nudge,NextGen,95.1,95.1,
Double Play SuperBet,NextGen,96.0,96.0,
Psycho,NextGen,95.0,95.0,
Bingo Billions,NextGen,95.044,95.044,
Gorilla Go Wild,NextGen,92.0,92.0,
The Spin Lab,NextGen,95.0,95.0,
An Evening with Holly Madison,NextGen,95.083,95.083,
Miss Midas,NextGen,95.0,96.0,95.0
Volcano Eruption,NextGen,95.0,96.0,95.0
Pandamania,NextGen,95.533,95.533,
Foxin' Wins Again,NextGen,95.6,95.6,
Judge Dredd,NextGen,95.0,96.0,95.0
Titan Storm,NextGen,95.453,95.453,
Wild West (NextGen),NextGen,95.0,95.0,
Casinomeister,NextGen,95.21,95.21,
Owl Eyes,NextGen,95.0,95.0,
1 Can 2 Can,NextGen,95.245,95.245,
Medusa 2,NextGen,97.07,97.07,
A While On The Nile,NextGen,95.631,95.631,
Merlin's Magic Respins,NextGen,95.323,95.323,
Dragon Drop,NextGen,95.23,95.23,
Extra Cash!!,NextGen,95.0,96.0,95.0
Foxin Wins,NextGen,95.6,95.6,
Merlin's Millions Superbet,NextGen,95.08,95.08,
Jackpot Jester 50k,NextGen,95.08,95.08,
Medusa (NextGen),NextGen,95.416,95.416,
Easy Slider,NextGen,95.0,95.0,
Super Safari,NextGen,95.416,95.416,
Irish Eyes 2,NextGen,95.04,95.04,
Potion Commotion,NextGen,95.0,95.0,
Wild Cat Canyon,NextGen,95.5,95.5,
5 Knights,NextGen,95.354,95.354,
Andre The Giant,NextGen,95.46,95.46,
Bangkok Nights,NextGen,95.12,95.12,
Big Foot (NextGen),NextGen,94.0,94.0,
Bobby 7's,NextGen,95.2,95.2,
Butterflies,NextGen,95.36,95.36,
California Gold,NextGen,95.199,95.199,
Call Of The Colosseum,NextGen,95.3,95.3,
Cherry Blossoms,NextGen,96.0,97.0,96.0
Crocodopolis,NextGen,95.332,95.383,95.383
Doctor Love,NextGen,95.04,95.04,
Doctor Love On Vacation,NextGen,95.4,95.4,
Dynasty,NextGen,95.293,95.293,
Eastern Dragon,NextGen,95.0,95.0,
Emperor's Garden,NextGen,95.3,95.3,
Enchanted Mermaid,NextGen,95.2,95.2,
Fairie's Forest,NextGen,95.3,95.3,
Fire Hawk,NextGen,95.0,96.0,95.0
Genie Wild,NextGen,95.34,95.34,
Gold A'hoy,NextGen,95.375,95.375,
Hot Roller,NextGen,95.12,95.12,
Irish Eyes,NextGen,95.1,95.1,
Joker Jester,NextGen,96.0,96.0,
King Tiger,NextGen,95.1,95.1,
Love Bugs,NextGen,95.0,96.0,95.0
Mad Mad Monkey,NextGen,95.4,95.4,
Maid o Money,NextGen,95.4,95.4,
Munchers,NextGen,95.4,95.4,
Napoleon Boney Parts,NextGen,95.0,95.0,
Oil Mania,NextGen,95.66,95.66,
Pizza Prize,NextGen,95.46,95.46,
Ramesses Riches,NextGen,95.4,95.4,
Shaaark! Superbet,NextGen,93.5,93.5,
Spanish Eyes,NextGen,95.1,95.1,
The Bermuda Mysteries,NextGen,95.3,95.3,
The Cod Father,NextGen,95.199,95.199,
The Snake Charmer,NextGen,95.0,95.0,
Tootin Car Man,NextGen,95.0,95.0,
Unicorn Legend (NextGen),NextGen,95.4,95.4,
Venetian Rose,NextGen,95.1,95.1,
La Cucaracha,NextGen,95.33,95.33,
Halloween Fortune II,Playtech,94.99,94.99,
Sapphire Sorceress,Gamesys,95.9,95.9,
Secrets of Christmas,NetEnt,96.72,96.72,
Paranormal Activity,iSoftBet,96.75,96.75,
Attack of the Zombies,Genesis,96.37,96.37,
Tianlong,GamesLab,95.239,95.239,
Bounty Hunt (Reel Play),Reel Play,95.54,95.54,
Snow Queen (2by2 Gaming),2by2 Gaming,96.02,96.02,
Wild Toro,ELK Studios,96.4,96.4,
Zuma (Gamesys),Gamesys,95.74,95.74,
A Girl's Best Friend,Gamesys,91.54,91.54,
Agatha Christie's Mystery Wilds,Gamesys,95.87,95.87,
Ballroom Stars,Gamesys,95.52,95.52,
Barnyard Bonanza (Gamesys),Gamesys,95.29,95.29,
Bejeweled 2,Gamesys,95.01,95.01,
Breakfast at Tiffany's,Gamesys,95.63,95.63,
Bullion Bonanza,Gamesys,91.72,93.89,93.89
Chasin Rainbows,Gamesys,95.25,95.25,
Deal or No Deal (Gamesys),Gamesys,90.2,90.2,
Double Bubble Slot Review & Best Casino Sites To Play In 2025,Roxor Gaming,96.02,96.02,
Family Fortunes,Gamesys,96.6,96.6,
Fortuna the Dragon,Gamesys,94.33,94.33,
Fun of the Fair,Gamesys,96.71,96.71,
Fun on the Seafront,Gamesys,95.9,95.9,
Houdini (Roxor Gaming),Roxor Gaming,96.27,96.27,
Frederic vs Francois  In It for the Monet,Gamesys,94.95,94.95,
Jalapeno Racers,Roxor Gaming,96.18,96.18,
Jet Set Rollers,Gamesys,,,
Jungle Jump,Gamesys,95.94,95.94,
Monopoly Paradise Mansion,Gamesys,96.29,96.29,
Secrets of the Phoenix,Roxor Gaming,94.98,94.98,
Tiki Totems,Roxor Gaming,94.97,94.97,
Buster Hammer,Reel Play,95.89,95.89,
Lolly Land (Chance Interactive),Chance Interactive,95.18,95.18,
Bloodlore Vampire clan,NextGen,95.43,95.43,
Fruit Fortune,Greentube,94.0,94.0,
Kingdom of Legend™,Novomatic,95.15,95.15,
Sea Beauty™,Novomatic,95.04,95.04,
Asian Attraction™,Novomatic,,,
Autumn Queen™,Novomatic,95.04,95.04,
Wild Spinner™,Eurocoin Interactive,,,
Blazing Riches,Novomatic,,,
Cash Runner,Novomatic,,,
Bars & Sevens,Novomatic,,,
Reel King™ Free Spin Frenzy,Novomatic,95.31,95.31,
Super Hot 7's (Green Tube),Novomatic,95.31,95.31,
The Wild Wood™,Novomatic,95.17,95.17,
Random Runner VIP,Greentube,95.29,95.29,
Jolly Reels,Novomatic,90.0,90.0,
Helena™,Novomatic,95.12,95.12,
Dynasty of Ra™,Greentube,95.01,95.01,
Lucky Jolly,Novomatic,90.0,90.0,
Summer Queen™,Novomatic,90.09,90.09,
The Winning Pick™,Novomatic,,,
Star Lotto,Eurocoin Interactive,,,
Perchta,Novomatic,,,
Red Hot Repeater (Green Tube),Novomatic,95.67,95.67,
13,Greentube,,,
Bikini Beach (GamePlay),GamePlay,,,
Jungle Explorer (Greentube),Novomatic,95.0,95.0,
King of the Pride,Mazooma,95.11,95.11,
Spring Queen,Novomatic,90.1,90.1,
Dragon's Pearl (Amatic),Amatic Industries,96.0,96.0,
Monkey's Millions,Novomatic,95.0,95.0,
Jewels of the sea,Novomatic,94.98,94.98,
Dice Winner,Greentube,,,
Fabulous Fruits,Eurocoin Interactive,,,
Highroller Jackpot,Novomatic,,,
Reel King Potty,Greentube,95.0,95.0,
Wild West (Mazooma),Novomatic,97.06,97.06,
Wild Horses (Green Tube),Novomatic,95.0,95.0,
Diamond Street,Novomatic,,,
Cleopatra's Choice,Novomatic,95.13,95.13,
Fates and Furies,Novomatic,,,
Zenia Queen of War,Novomatic,95.1,95.1,
Jackpot Diamonds,Novomatic,97.07,97.07,
5 Line Multiplay,Eurocoin Interactive,95.0,95.0,
Dr. Enlarg-o,Novomatic,95.0,95.0,
Winner´s Car Wash,Novomatic,95.0,95.0,
Cleopatra Last of the Pharaohs,Novomatic,95.17,95.17,
Hold it Casino,Greentube,95.0,95.0,
Spinning Fruits (Green Tube),Novomatic,94.01,94.01,
Reel Attraction,Novomatic,95.11,95.11,
Elven Princess,Novomatic,94.0,94.0,
Haul of Hades,Greentube,96.01,96.01,
5 Line Mystery,Greentube,95.6,95.6,
Cirque du Cheval,Novomatic,95.0,95.0,
Cupid´s Arrow,Novomatic,95.0,95.0,
Slick Riches (Greentube),Novomatic,96.0,96.0,
Wild Adventure (Green Tube),Novomatic,94.0,94.0,
Bella Donna,Novomatic,95.0,95.0,
Jingle Jackpot,Novomatic,96.45,96.45,
Lovely Mermaid,Novomatic,94.0,94.0,
Cash 300 Casino,Eurocoin Interactive,95.0,95.0,
7´s Gold Casino,Eurocoin Interactive,95.0,95.0,
Dragon's Deep,Big Wave Gaming,95.06,95.06,
Faust,Greentube,95.1,95.1,
Shooting Stars,Greentube,96.12,96.12,
Plenty of Fruit 20 Hot,Greentube,95.24,95.24,
Plenty of Fruit 40,Greentube,95.1,95.1,
Plenty of Jewels 20 Hot,Novomatic,95.24,95.24,
Plenty of Fruit 20,Greentube,95.24,95.24,
Fruit Fall,Octavian Gaming,93.97,93.97,
Pharaoh´s Night,Novomatic,93.92,93.92,
Sparkling Gems,Novomatic,94.0,94.0,
Rings of Fortune,Novomatic,94.0,94.0,
Pumpkin Power,Novomatic,95.19,95.19,
Fruit Fest,Greentube,95.0,95.0,
Lava Loot,Novomatic,95.03,95.03,
American Gangster,Big Wave Gaming,95.04,95.04,
Sweet Spins,Big Wave Gaming,95.01,95.01,
Ultra Sevens,Novomatic,94.0,94.0,
Book of Maya (Greentube),Greentube,95.18,95.18,
Crazy Slots,Greentube,84.0,84.0,
Frogs Fairy Tale,Novomatic,94.45,94.45,
Dragon's Wild Fire,Novomatic,95.0,95.0,
Gryphon's Gold deluxe,Novomatic,95.13,95.13,
King´s Jester,Novomatic,94.0,94.0,
Book of Ra deluxe 6,Greentube,95.03,95.03,
GOLDEN X casino,Eurocoin Interactive,95.0,95.0,
Twisted Pays,Novomatic,95.0,95.0,
5 Line Jokers,Eurocoin Interactive,95.0,95.0,
Seven´s,iGaming2go,95.23,95.23,
Frog Princess (iGaming2go),iGaming2go,95.76,95.76,
Book of Stars,Greentube,95.16,95.16,
Zrecnyk Magik®,Novomatic,95.29,95.29,
Always Hot Cubes,Greentube,95.36,95.36,
Supra Hot,Greentube,95.2,95.2,
Bubbles (Greentube),Novomatic,96.15,96.15,
River Queen,Greentube,95.26,95.26,
King of Cards,Greentube,95.0,95.0,
Bar 7's,Novomatic,95.02,95.02,
Two Sevens,Novomatic,94.0,94.0,
Magic27,Novomatic,95.08,95.08,
Fruit Drops,Novomatic,95.08,95.08,
Pure Jewels,Novomatic,95.05,95.05,
Wonder World (Eurocoin Interactive),Eurocoin Interactive,94.91,94.91,
Ninja´s Path,Big Wave Gaming,95.095,95.095,
Diamonds of Fortune,Novomatic,96.45,96.45,
Jokers Casino,Eurocoin Interactive,95.0,95.0,
Power Joker,Greentube,92.0,92.0,
Always Hot deluxe,Greentube,95.36,95.36,
Volcanic Cash,Novomatic,95.03,95.03,
Red Lady,Greentube,95.1,95.1,
Mighty Trident,Novomatic,95.5,95.5,
Multi Dice,Greentube,94.91,94.91,
Sizzling Gems,Greentube,95.66,95.66,
Wild Rescue,Novomatic,95.0,95.0,
Wild Thing,Eurocoin Interactive,95.02,95.02,
Inferno (Gamshy),Gamshy,96.05,96.05,
Amazing Stars,Greentube,94.0,94.0,
Magic 81 Lines,Greentube,95.06,95.06,
Cleopatra Queen of Slots (Green Tube),Novomatic,95.17,95.17,
Sinderella,Novomatic,95.07,95.07,
Grand Slam Casino,Greentube,95.0,95.0,
Bloody Love,iGaming2go,93.77,93.77,
Anubix (iGaming2go),iGaming2go,94.03,94.03,
Garden of Riches,Greentube,94.25,94.25,
Sizzling 6,Novomatic,95.09,95.09,
Flamenco Roses,Greentube,95.09,95.09,
Spinderella,Novomatic,95.17,95.17,
Gemstone Jackpot,Novomatic,95.08,95.08,
Hoffmeister,Novomatic,95.09,95.09,
Armadillo Artie Dash for Cash,Novomatic,95.0,95.0,
Clockwork Oranges,Novomatic,95.07,95.07,
Showgirls,Novomatic,94.93,94.93,
Sizzling Hot Quattro,Greentube,95.36,95.36,
Rainbow Reels (Greentube),Novomatic,95.0,95.0,
Super Dice,Greentube,94.98,94.98,
Random Runner 15,Greentube,95.0,95.0,
Wizard of Odds,Novomatic,93.29,93.29,
Bear Tracks,Design Works Gaming,96.21,96.21,
Mystery Star (Eurocoin Interactive),Eurocoin Interactive,95.1,95.1,
Happy Fruits,Novomatic,95.0,95.0,
Hold your horses,Design Works Gaming,95.0,95.0,
Golden Cobras deluxe,Novomatic,95.41,95.41,
The Real King Aloha Hawaii,Novomatic,95.0,95.0,
Hoffmania,Novomatic,94.16,94.16,
The Royals,Novomatic,94.0,94.0,
Orca (Greentube),Novomatic,95.06,95.06,
Caribbean Holidays,Greentube,93.01,93.01,
Fruits´n Sevens,Novomatic,94.38,94.38,
Bugs´n Bees,Novomatic,96.99,96.99,
Xtra Hot,Greentube,95.66,95.66,
Win Wizard,Novomatic,94.0,94.0,
Ultra Hot deluxe,Greentube,95.17,95.17,
Spinning Stars,Novomatic,95.11,95.11,
Sizzling Hot Deluxe Demo & Review,Greentube,95.66,95.66,
Roaring Forties,Greentube,95.48,95.48,
Reel King Slot Review & Free Demo,Inspired Gaming,94.0,94.0,
Power Stars,Greentube,95.54,95.54,
Plenty on Twenty,Greentube,95.61,95.61,
Party Games Slotto,Novomatic,94.06,94.06,
Mega Joker (Novomatic),Greentube,95.05,95.05,
Just Jewels deluxe,Greentube,95.42,95.42,
Jolly Fruits,Novomatic,93.94,93.94,
Jackpot Crown,Greentube,94.09,94.09,
Hot Chance,Greentube,95.17,95.17,
Golden Sevens (Green Tube),Greentube,95.1,95.1,
Golden 7 (Green Tube),Novomatic,94.0,94.0,
4 Reel Kings,Greentube,94.0,94.0,
Fruits´n Royals,Novomatic,95.66,95.66,
Fruit Sensation,Novomatic,94.98,94.98,
Fruit Farm (Green Tube),Novomatic,95.13,95.13,
Firestarter,Novomatic,95.16,95.16,
Easy peasy Lemon squeezy,Novomatic,94.0,94.0,
Diamond 7 (Greentube),Novomatic,95.66,95.66,
Bullion Bars (Greentube),Novomatic,94.0,94.0,
Cops'n' Robbers  (Green Tube),Greentube,95.02,95.02,
Win Wizards,Novomatic,95.18,95.18,
Two Mayans,Novomatic,95.18,95.18,
The Alchemist (Green Tube),Novomatic,93.98,93.98,
Sharky,Novomatic,95.53,95.53,
Secrets of the Sand,Novomatic,95.1,95.1,
Secret Elixir,Novomatic,95.05,95.05,
Sea Sirens,Novomatic,95.13,95.13,
Rumpel Wildspins,Greentube,95.1,95.1,
Royal Dynasty,Novomatic,94.0,94.0,
Rex,Novomatic,95.0,95.0,
Ramses II,Novomatic,93.506,93.506,
Rainbow King,Novomatic,95.0,95.0,
Quest for Gold,Novomatic,94.4,94.4,
Queen of Hearts deluxe,Greentube,95.31,95.31,
Pharaoh´s Tomb (Green Tube),Greentube,95.08,95.08,
Pharaoh's Ring,Greentube,95.19,95.19,
Mystic Secrets,Greentube,93.06,93.06,
Mermaid's Pearl (Novomatic),Greentube,95.21,95.21,
Mayan Moons,Novomatic,95.16,95.16,
Magic Princess,Novomatic,94.0,94.0,
Lucky Rose,Novomatic,95.23,95.23,
Lord of the Ocean,Greentube,95.1,95.1,
King´s Treasure,Novomatic,95.85,95.85,
Knights Quest,Novomatic,95.29,95.29,
Katana (Greentube),Greentube,95.02,95.02,
Jewel Action,Novomatic,94.0,94.0,
Indian Spirit,Greentube,95.34,95.34,
Gorilla,Greentube,95.09,95.09,
Golden Ark,Greentube,95.1,95.1,
Flame Dancer,Greentube,95.29,95.29,
Fairy Queen,Greentube,95.09,95.09,
Dolphin´s Pearl deluxe,Greentube,95.13,95.13,
Dolphin's Pearl,Greentube,95.13,95.13,
Dazzling Diamonds,Novomatic,95.42,95.42,
Costa del Cash,Novomatic,95.01,95.01,
Columbus deluxe,Greentube,95.02,95.02,
Cindereela,Novomatic,95.12,95.12,
Chicago (Green Tube),Greentube,95.03,95.03,
Cat Scratch Fever,Novomatic,95.0,95.0,
Cash Farm,Novomatic,95.0,95.0,
Captain Venture,Greentube,94.01,94.01,
Book of Ra Deluxe Slot Review & Free Play,Greentube,95.1,95.1,
Big Catch,Novomatic,94.0,94.0,
Beetle Mania deluxe,Novomatic,94.19,94.19,
Aztec Power,Novomatic,95.25,95.25,
African Simba,Greentube,95.2,95.2,
Book Of Ra Demo & Review,Greentube,92.13,92.13,
Lucky Lady's Charm deluxe Slot ᐈ Review + Where to play,Greentube,95.13,95.13,
Kawaii Kitty,Betsoft,95.27,95.27,
EiG2016,Endorphina,96.0,96.0,
Cherry Trio,iSoftBet,96.3,96.3,
Turning Totems,Thunderkick,96.1,96.1,
Manic Millions,NextGen,95.25,95.25,
Charms and Witches,Side City,95.533,95.533,
Batman & Catwoman Cash,Playtech,0.99,95.11,95.11
Batman & The Joker Jewels,Playtech,95.01,95.01,
John Doe,StakeLogic,95.97,95.97,
The Book,StakeLogic,96.7,96.7,
7 Monkeys,Pragmatic Play,92.71,92.71,
Journey to the West (Pragmatic Play),Pragmatic Play,94.04,94.04,
Justice League (NextGen),NextGen,96.5,96.5,
Haunted House (Playtech),Playtech,96.71,96.71,
Xcalibur (Microgaming),Games Global,97.62,97.62,
Mega fortune dreams,NetEnt,95.9,95.9,
Huangdi-The Yellow Emperor,Games Global,96.5,96.5,
Vikings Go Berzerk,Yggdrasil,96.1,96.1,
221B Baker Street,Merkur,96.0,96.0,
5x Magic,Play'n Go,93.47,93.47,
Bikini Party (Microgaming),Games Global,96.52,96.52,
Bell Of Fortune,Play'n Go,94.12,94.12,
Gift Shop,Play'n Go,94.12,94.12,
Golden Goal,Play'n Go,94.12,94.12,
Jurassic Park Slot Demo + Review | Microgaming,Games Global,96.67,96.67,
Bonanza Megaways Slot Review & Free Demo,Big Time Gaming,96.0,96.0,
Holiday season,Play'n Go,94.51,94.51,
7 Sins,Play'n Go,94.23,94.23,
Secret Admirer,Games Global,96.08,96.08,
Texas Tea Demo & Slot Review,IGT,97.35,97.35,
Taco Brothers Saving Christmas,ELK Studios,96.4,96.4,
Wonder Woman (Amaya),Amaya,95.41,95.41,
Lost City of Incas,2by2 Gaming,96.5,96.5,
Golden Money Frog,Sigma Gaming,1.8,95.04,95.0
Oktoberfest (Nolimitcity),Nolimit City,96.75,96.75,
Space Arcade (Nolimitcity),Nolimit City,96.47,96.47,
Mystery Joker,Play'n Go,93.99,93.99,
88 Fortunes (Light and Wonder) Slot 🎰 Review and Play for free,Light and Wonder,96.0,96.0,
Dr. Magoo's Adventure,StakeLogic,96.33,96.33,
Dreams & Dollars,StakeLogic,96.0,96.0,
Spartania,StakeLogic,97.22,97.22,
Robo Smash Xmas,iSoftBet,95.0,95.0,
Timber Jack,Bluberi,94.0,94.0,
7's To Burn,Barcrest,95.1,95.1,
Arabian Charms,Barcrest,95.0,95.0,
Barkin' Mad,Barcrest,96.0,96.0,
Black Magic Fruits,Barcrest,95.82,95.82,
Boulder Bucks,Barcrest,94.09,94.09,
Call of Fruity,Barcrest,95.2,95.2,
Cash Spin,Bally,94.15,94.15,
Cash Stax,Barcrest,94.12,94.12,
Ca$hino,Barcrest,95.0,95.0,
Cool Jewels,WMS,96.1,96.1,
Crown Gems Hi Roller,Barcrest,96.08,96.08,
Flame of Fortune,Barcrest,95.0,95.0,
Fu Dao Le,Bally,96.0,96.0,
Giant's Gold (WMS),WMS,96.21,96.21,
Hercules High & Mighty,Barcrest,96.0,96.0,
Hot Frootastic,Barcrest,95.96,95.96,
Jackpot Jewels,Barcrest,96.5,96.5,
Lucky 5 Reeler,Barcrest,94.7,94.7,
Merry Money,Barcrest,95.1,95.1,
Michael Jackson King of Pop,Bally,96.01,96.01,
Money Mad Martians Cosmic Cash,Barcrest,95.09,95.09,
MONOPOLY Big Event,Barcrest,96.0,96.0,
MONOPOLY Once Around Deluxe,WMS,94.0,94.0,
Monty's Millions,Barcrest,95.02,95.02,
Moon Shadow,Barcrest,96.07,98.01,96.07
Ooh Aah Dracula,Barcrest,96.0,96.0,
Peek-a-Boo Pixie,Bally,3.94,30.98,30.98
Rainbow Riches Slot By Barcrest Review & Free Demo,Barcrest,95.0,95.0,
Rainforest Dream,WMS,96.5,96.5,
Vegas Hits,Bally,94.1,94.1,
Wonder Woman Gold,Bally,95.84,95.84,
Zeus (Spadegaming),Spadegaming,96.98,96.98,
Life of Riches,Games Global,96.1,96.1,
Galacticons,Games Global,96.14,96.14,
Adventures In Wonderland (Playtech),Playtech,96.95,96.95,
Age of the Gods - Fate Sister,Playtech,0.99,93.02,92.95
Amazon WIld,Playtech,94.5,94.5,
Batman & Mr Freeze Fortune,Playtech,96.04,96.04,
Batman & The Batgirl Bonanza,Playtech,96.0,96.0,
Batman & The Penguin Prize,Playtech,96.06,96.06,
Bounty of the Beanstalk,Playtech,94.0,94.0,
Britain's Got Talent (Playtech),Playtech,92.52,92.52,
Cash Blox Game ᐈ Game Info + Where to play,Playtech,94.5,94.5,
Catwalk,Playtech,94.5,94.5,
Fairest of them All,Playtech,89.95,90.96,90.96
Firemen,Playtech,95.03,95.03,
Hawaiian Treasure,Playtech,96.29,96.29,
Heart of the Jungle,Playtech,94.91,94.91,
Jekyll and Hyde (Playtech),Playtech,96.16,96.22,96.16
Jungle trouble,Playtech,96.04,96.07,96.07
Jurassic Island,Playtech,96.47,96.53,96.47
Leprechauns Luck,Playtech,88.01,88.01,
Little Britain,Playtech,94.0,94.0,
Neon Life,Playtech,96.25,96.25,
Nostradamus,Playtech,94.0,94.0,
Rubik's Riches,Playtech,94.5,94.5,
Sinbad's Golden Voyage,Playtech,97.01,97.01,
The Winnings of Oz,Playtech,90.91,92.01,90.91
Wild Gambler,Playtech,97.0,97.0,
Wild Wishes,Playtech,96.12,96.12,
Crown Jewels,Barcrest,94.0,98.0,96.0
Forest Mania,iSoftBet,95.62,95.62,
Batman & The Riddler Riches,Playtech,95.1,95.1,
Sin City Nights,Betsoft,93.66,93.66,
Jin Qian Wa,Playtech,96.96,96.96,
Lucky Panda (Playteh),Playtech,95.5,95.5,
Penguin Vacation (Playtech),Playtech,94.25,94.25,
Queen of Wands,Skywind Group,96.96,96.96,
Spud OReillys Crops of Gold,Playtech,97.05,97.05,
Sultan's Fortune,Playtech,97.26,97.26,
True Love,Playtech,94.35,94.35,
Beowulf (Pragmatic),Pragmatic Play,94.16,94.16,
Dwarven Gold Deluxe,Pragmatic Play,96.47,96.47,
Go! Monkey Game ᐈ Game Info + Where to play,Pragmatic Play,95.95,95.95,
Hot Safari,Pragmatic Play,94.07,94.07,
KTV,Pragmatic Play,96.13,96.13,
Lady Godiva (Pragmatic),Pragmatic Play,96.54,96.54,
Lucky Dragons (Pragmatic Play),Pragmatic Play,95.19,95.19,
Sugar Rush Summer Time,Pragmatic Play,95.25,95.25,
The Catfather Part II,Pragmatic Play,96.07,96.07,
Divine Fortune Demo & Review,NetEnt,96.59,96.59,
Birthday Bonanza,Sigma Gaming,95.03,95.03,
Dragons Treasure (edict),edict,95.56,95.56,
Explodiac,Gamomat,96.12,96.12,
Fancy Fruits,Gamomat,96.06,96.06,
Fire of Egypt,edict,95.8,95.8,
Fortunes of Sparta,Blueprint,97.04,97.04,
Fruit Mania (Bally Wulff),Gamomat,96.12,96.12,
Honey Bee,edict,96.0,96.0,
Magic Mirror,edict,95.94,95.94,
The Final Frontier,edict,96.4,96.4,
Alaskan Husky,Amaya,95.43,95.43,
Wish Upon a Jackpot Slot Review & Free Demo,Blueprint,92.46,92.46,
Genie Jackpots Slot Free Play & Game Review 2025,Blueprint,96.49,96.49,
Spirits of the East,Merkur,96.1,96.1,
Fruit vs Candy,Games Global,96.0,96.0,
Angel's Touch,Lightning Box,95.0,96.5,95.0
Chilli Gold,Lightning Box,96.8,96.8,
Chilli Gold x2,Lightning Box,95.32,95.32,
Diamond Tower,Lightning Box,97.0,97.0,
Druidess Gold,Lightning Box,96.15,96.15,
Five Pirates,Lightning Box,95.47,95.47,
Fortune 8 Cat,Lightning Box,94.12,94.12,
Frogs 'n Flies,Lightning Box,97.0,97.0,
Lost Temple,Lightning Box,97.0,97.0,
Moon Temple,Lightning Box,97.02,97.02,
Queen of Legends,Lightning Box,95.47,95.47,
Samurai Princess,Lightning Box,96.91,96.91,
Serengeti Diamonds,Lightning Box,97.0,97.0,
Fire Horse,IGT,96.0,96.0,
Miss White,IGT,94.98,94.98,
5 Dragons (Aristocrat),Aristocrat,95.17,95.17,
50 Dragons,Aristocrat,94.71,94.71,
Big Ben,Aristocrat,95.55,95.55,
Buffalo (Aristocrat),Aristocrat,91.82,94.85,94.85
Choy Sun Doa (Aristocrat),Aristocrat,95.0,95.0,
Double Happiness (Aristocrat),Aristocrat,93.06,93.06,
Dragon Emperor (Aristocrat),Aristocrat,95.19,95.19,
Jaguar Mist,Aristocrat,95.15,95.15,
Lucky 88,Aristocrat,97.0,97.0,
Miss Kitty,Aristocrat,91.82,94.76,94.76
More Chilli,Aristocrat,95.691,95.691,
More Hearts,Aristocrat,95.691,95.691,
Pelican Pete,Aristocrat,94.94,94.94,
Queen Of The Nile (Aristocrat),Aristocrat,94.88,94.88,
Queen of the Nile 2,Aristocrat,95.86,95.86,
Sun & Moon,Aristocrat,94.98,94.98,
Tiki Torch,Aristocrat,94.85,94.85,
Werewolf Wild,Aristocrat,95.3,95.3,
Where's The Gold,Aristocrat,95.0,95.0,
Wolf Moon (Aristocrat),Aristocrat,94.8,94.8,
Zorro (Aristocrat),Aristocrat,95.5,95.5,
Golden,NextGen,97.22,97.22,
Teddy bear's Picnic,NextGen,95.35,95.35,
Cashing Rainbows,Realistic,95.47,95.47,
Hot Cross Bunnies Loadsabunny,Realistic,95.47,95.47,
Best of British,Nektan,96.6,96.6,
Candy Swap,Nektan,96.34,96.34,
Cave Raiders,Nektan,96.34,96.34,
Dragons Dynasty,Nektan,96.6,96.6,
Fiesta (Nektan),Nektan,96.59,96.59,
Get Fruity,Nektan,96.34,96.34,
Gunslingers' Gold,Nektan,96.6,96.6,
Loaded PI,Nektan,96.3,96.3,
Magic Touch,Nektan,96.34,96.34,
Mayan Marvels,Nektan,95.57,95.57,
Meow Money,Nektan,96.34,96.34,
Mummy Gold,Nektan,96.34,96.34,
Pearl's Fortune,Nektan,96.34,96.34,
Plucky Pirates,Nektan,96.34,96.34,
Shamrock'n Roll,Nektan,96.3,96.3,
Elf and Safety,Nektan,95.46,95.46,
Heroic,Nektan,95.46,95.46,
Troll's Tale,Nektan,95.01,95.01,
Gears of Fortune Game ᐈ Game Info + Where to play,G.Games,,,
The Link,G.Games,93.0,93.0,
Epic Gems,G.Games,96.5,96.5,
Cherries Gone Wild,Games Global,95.4,95.4,
Dr Watts Up,Games Global,96.61,96.61,
Dolphin Quest,Games Global,96.12,96.12,
Great Czar,Games Global,94.95,94.95,
Potion Factory,Leander Games,94.95,94.95,
Cleopatra PLUS,IGT,96.5,96.5,
The Marvellous Mr Green,NetEnt,96.1,96.1,
Superman: Last Son of Krypton,Amaya,95.41,95.41,
Game of Thrones 15 lines,Games Global,96.4,96.4,
Wheel of Fortune on tour,IGT,96.6,96.6,
Wheel of Fortune Ultra 5 reels,IGT,93.46,93.46,
Irish Gold (Play'n Go),Play'n Go,93.47,93.47,
Crown of Egypt,IGT,95.03,95.03,
Dungeons and Dragons Crystal Caverns,IGT,94.94,94.94,
Lil' Lady,IGT,93.0,93.0,
Transformers Battle for Cybertron,IGT,95.0,95.0,
Hexbreaker 2,IGT,95.0,95.0,
Super Times Pay Hot Roll,IGT,95.0,95.0,
Pacific Paradise,IGT,95.0,95.0,
Treasures of the Pyramids,IGT,95.0,95.0,
Prime Property,Games Global,95.99,95.99,
The Dark Knight (Microgaming),Games Global,97.0,97.0,
Conga Party,Bluberi,96.0,96.0,
Hercules Son of Zeus,Pragmatic Play,95.19,95.19,
Maori,Endorphina,96.0,96.0,
Faeries Fortune,Games Global,96.0,96.0,
Firehouse Hounds,IGT,95.0,95.0,
Dragon Kingdom (Pragmatic),Pragmatic Play,96.47,96.47,
Garden Party,IGT,95.0,95.0,
Gold Strike (Games Warehouse),Games Warehouse,94.97,94.97,
Honey Buziness,Games Global,95.01,95.01,
Jewel of the Arts,IGT,96.08,96.08,
Joker 8000,Games Global,96.5,96.5,
Kathmandu,Games Global,96.29,96.29,
Masques of San Marco,IGT,94.0,94.0,
Match Times Pay Jacks or Better Game ᐈ RTP + Game info,IGT,99.6,99.6,
Mega Spins Break Da Bank Again,Games Global,95.43,95.43,
Megadeth,Leander Games,96.97,96.97,
MegaJackpots Cleopatra,IGT,91.0,91.0,
MegaJackpots Isle O'Plenty,IGT,92.0,92.0,
MegaJackpots Siberian Storm,IGT,92.0,92.0,
MegaJackpots Wolf Run,IGT,92.0,92.0,
Merlins Magic Respins Christmas,NextGen,95.32,95.32,
Natural Powers,IGT,95.0,95.0,
Pamplona,IGT,95.0,95.0,
Sticky Diamonds,Gamomat,96.08,96.08,
Winstar,Blueprint,96.0,96.0,
The Jungle II,Magic Dreams,96.02,96.02,
Dogfather,Games Global,95.52,95.52,
Jumpin' Rabbit,Games Global,95.0,95.0,
Gold of Machu Picchu,Games Global,94.91,94.91,
Mega Money Rush Game ᐈ Game Info + Where to play,Skillzzgaming,97.0,97.0,
Multiplayer Avalon,Games Global,,,
Nauticus,Games Global,92.6,92.6,
Piggy Fortune (Games Global),Games Global,95.93,95.93,
SlotFather II,Betsoft,96.6,96.6,
Secret Romance,Games Global,96.0,96.0,
Reel Thunder,Games Global,96.95,96.95,
Snake Slot,Leander Games,92.51,92.51,
Sam on the Beach,ELK Studios,96.3,96.3,
Soccer Safari,Games Global,96.54,96.54,
Sterling Silver 3D/2D,Games Global,96.3,96.3,
Big Cash Win,Rival Gaming,95.7,95.7,
Bust a Vault (Rival Gaming),Rival Gaming,94.84,94.84,
Chicken Little,Rival Gaming,95.3,95.3,
Costume Party,Rival Gaming,94.5,94.5,
Crazy Camel Cash,Rival Gaming,95.0,95.0,
Diamond Cherries,Rival Gaming,94.57,94.57,
Diamond Dazzle,Rival Gaming,94.99,94.99,
Eggstravaganza (Rival Gaming),Rival Gaming,89.5,89.5,
Fantastic Fruit Machine,Rival Gaming,94.77,94.77,
Firestorm 7,Rival Gaming,94.0,94.0,
Flea Market,Rival Gaming,95.8,95.8,
Global Cup Soccer,Rival Gaming,93.2,93.2,
Gold Rush (Rival),Rival Gaming,95.94,95.94,
Heroes Realm,Rival Gaming,94.03,94.03,
Loco 7's,Rival Gaming,95.2,95.2,
Pistols & Roses,Rival Gaming,94.52,94.52,
Snow Wonder,Rival Gaming,95.0,95.0,
Tahiti Time,Rival Gaming,93.5,93.5,
Win Mill,Rival Gaming,94.0,94.0,
Five Times Wins,Rival Gaming,95.73,95.73,
Ten Times Wins,Rival Gaming,94.75,94.75,
5 Reel Circus,Rival Gaming,95.56,95.56,
A Day at the Derby,Rival Gaming,93.4,93.4,
All Aboard,Rival Gaming,94.1,94.1,
Arabian Tales (Rival Gaming),Rival Gaming,95.0,95.0,
Astral Luck,Rival Gaming,93.5,93.5,
Atomic Age,Rival Gaming,96.0,96.0,
Aussie Rules,Rival Gaming,93.3,93.3,
Best of Luck,Rival Gaming,95.0,95.0,
Candy Cottage,Rival Gaming,93.7,93.7,
Cirque du Slots,Rival Gaming,94.15,94.15,
Cleopatra's Coins,Rival Gaming,94.78,94.78,
Coins of Olympus,Rival Gaming,92.5,92.5,
Cream of the Crop,Rival Gaming,94.5,94.5,
Diamonds Downunder,Rival Gaming,94.8,94.8,
Diggin' Deep,Rival Gaming,95.31,95.31,
Dog Pound Dollars,Rival Gaming,95.4,95.4,
Doo Wop Daddy-O,Rival Gaming,93.25,93.25,
Fantasy Fortune (Rival Gaming),Rival Gaming,94.4,94.4,
Fast Lane,Rival Gaming,93.2,93.2,
Five Reel Bingo,Rival Gaming,92.1,92.1,
Flying Colors,Rival Gaming,95.0,95.0,
For Love and Money,Rival Gaming,95.58,95.58,
Frogged,Rival Gaming,94.46,94.46,
Future Fortunes,Rival Gaming,94.8,94.8,
Gnome Sweet Home,Rival Gaming,95.4,95.4,
Gobblers Gold,Rival Gaming,94.6,94.6,
Golden Gorilla,Rival Gaming,94.2,94.2,
Goldenman,Rival Gaming,96.0,96.0,
Grandma's Attic Demo & Slot Review,Rival Gaming,94.2,94.2,
Gushers Gold,Rival Gaming,92.1,92.1,
Hobo's Hoard,Rival Gaming,95.65,95.65,
Ice Picks,Rival Gaming,88.4,88.4,
Jacques Pot,Rival Gaming,94.47,94.47,
Jenny Nevada,Rival Gaming,96.0,96.0,
Jolly Roger's Jackpot,Rival Gaming,94.5,94.5,
Leonardo's Loot,Rival Gaming,94.26,94.26,
Lion's Roar (Rival Gaming),Rival Gaming,93.42,93.42,
Lost Secret of Atlantis,Rival Gaming,94.6,94.6,
Metal Detector,Rival Gaming,95.0,95.0,
Moonlight Mystery,Rival Gaming,93.7,93.7,
Moonshiners Moolah,Rival Gaming,94.02,94.02,
Mystic Wolf (Rival Gaming),Rival Gaming,94.6,94.6,
Nuclear Fishin',Rival Gaming,95.21,95.21,
Ocean Treasure,Rival Gaming,96.0,96.0,
Opera Night,Rival Gaming,91.0,91.0,
Pigskin Payout,Rival Gaming,95.0,95.0,
Pub Crawlers,Rival Gaming,90.4,90.4,
Reel of Fortune,Rival Gaming,96.2,96.2,
Reel Party,Rival Gaming,94.0,94.0,
Reel Party Platinum,Rival Gaming,96.0,96.0,
Roll out the Barrels,Rival Gaming,94.57,94.57,
Scary Rich,Rival Gaming,92.52,92.52,
Scary Rich 2,Rival Gaming,95.49,95.49,
Scary Rich 3,Rival Gaming,93.85,93.85,
Secret Garden (Rival),Rival Gaming,95.81,95.81,
Shamrock Isle,Rival Gaming,95.0,95.0,
Silver Unicorn,Rival Gaming,94.8,94.8,
So 80's,Rival Gaming,95.45,95.45,
Spartan Warrior (Rival Gaming),Rival Gaming,95.5,95.5,
Star Jewels (Rival Gaming),Rival Gaming,95.3,95.3,
Summer Ease,Rival Gaming,93.7,93.7,
Swinging Sweethearts,Rival Gaming,94.8,94.8,
Travel Bug,Rival Gaming,96.0,96.0,
Tycoon Towers,Rival Gaming,94.97,94.97,
Vintage Vegas,Rival Gaming,94.55,94.55,
Wacky Wedding,Rival Gaming,94.82,94.82,
Watch the Birdie,Rival Gaming,96.29,96.29,
Western Wildness,Rival Gaming,94.44,94.44,
Whale O' Winnings,Rival Gaming,94.98,94.98,
Wheel of Cash,Rival Gaming,96.29,96.29,
Wild Carnival,Rival Gaming,95.0,95.0,
Winter Wonders (Rival),Rival Gaming,95.2,95.2,
World of Oz,Rival Gaming,94.3,94.3,
Zombiezee Money,Rival Gaming,94.9,94.9,
Catsino,Rival Gaming,94.26,94.26,
Champs Élysées,Rival Gaming,94.21,94.21,
Diamond Dragon,Rival Gaming,94.8,94.8,
Rise of Poseidon (Rival Gaming),Rival Gaming,94.61,94.61,
Thunderbird (Rival),Rival Gaming,94.64,94.64,
Windy Farm,Rival Gaming,94.26,94.26,
Wishing Cup,Rival Gaming,94.7,94.7,
A Switch in Time,Rival Gaming,94.8,94.8,
As the Reels Turn 1,Rival Gaming,95.2,95.2,
As the Reels Turn 2,Rival Gaming,96.06,96.06,
As the Reels Turn 3,Rival Gaming,92.98,92.98,
Baby Boomers,Rival Gaming,94.76,94.76,
Bowled Over (Rival Gaming),Rival Gaming,95.0,95.0,
Cosmic Quest: Mission Control,Rival Gaming,95.0,95.0,
Cosmic Quest: Mystery Planets,Rival Gaming,98.95,98.95,
Fixer Upper,Rival Gaming,95.0,95.0,
Heavyweight Gold,Rival Gaming,94.0,94.0,
Hole in Won,Rival Gaming,94.6,94.6,
Japanorama,Rival Gaming,93.71,93.71,
Midway Madness,Rival Gaming,92.4,92.4,
Psychedelic Sixties,Rival Gaming,95.0,95.0,
Reel Crime: Art Heist,Rival Gaming,97.03,97.03,
Reel Crime: Bank Heist,Rival Gaming,95.5,95.5,
Rock On!,Rival Gaming,98.0,98.0,
Sherwood Forest Fortunes,Rival Gaming,92.28,92.28,
Spy Game,Rival Gaming,95.1,95.1,
The Back Nine,Rival Gaming,94.62,94.62,
Wild Safari (Rival),Rival Gaming,92.8,92.8,
Money Magic,Rival Gaming,91.1,91.1,
One Million Reels BC,Rival Gaming,90.6,90.6,
Jackpot 5X Wins,Rival Gaming,93.83,93.83,
Craps (Rival) Game ᐈ RTP + Game info,Rival Gaming,99.7,99.7,
Red Dog (Rival) Game ᐈ RTP + Game info,Rival Gaming,97.2,97.2,
Aces and Faces (Rival) Game ᐈ RTP + Game info,Rival Gaming,99.26,99.26,
Deuces and Joker MH (Rival) Game ᐈ RTP + Game info,Rival Gaming,99.07,99.07,
Double Joker (Rival Gaming) Game ᐈ RTP + Game info,Rival Gaming,98.1,98.1,
Supe it Up,Games Global,95.22,95.22,
Tiger vs Bear,Games Global,95.61,95.61,
Space Lights,Playson,96.11,96.11,
Alice in Wonderslots,Playson,95.21,95.21,
Aquarium,Playson,95.53,95.53,
Art of the Heist,Playson,15.77,59.85,59.85
Bumper Crop,Playson,30.09,65.44,65.44
Burlesque Queen,Playson,96.38,96.38,
Christmas Eve (Playson),Playson,95.93,95.93,
Down the Pub,Playson,95.73,95.73,
Dracula's Family,Playson,95.55,95.55,
Eastern Delights,Playson,95.22,95.22,
Fruits and Stars (Playson),Playson,95.72,95.72,
Fruits of the Nile,Playson,95.37,95.37,
Gold Rush (Playson),Playson,95.79,95.79,
Happy Jungle,Playson,95.15,95.15,
Juice and Fruits,Playson,94.98,94.98,
Lucky Pirates,Playson,95.79,95.79,
Lucky Reels (Playson),Playson,96.06,96.06,
Merry Christmas (Playson),Playson,95.18,95.18,
Odysseus,Playson,95.64,95.64,
Sky Way,Playson,95.24,95.24,
Space Corsairs,Playson,96.01,96.01,
SpellCraft,Playson,96.4,96.4,
Taiga,Playson,94.98,94.98,
Thunder Reels,Playson,96.13,96.13,
Treasure of Tombs,Playson,95.12,95.12,
Wild Hunter (Playson),Playson,94.15,94.15,
Zombirthday,Playson,95.86,95.86,
Ancient Script,Red Tiger,95.14,95.14,
Arcade Bomb,Red Tiger,96.15,96.15,
Blue Diamond (Red Tiger),Red Tiger,95.12,95.12,
Chinese Treasures,Red Tiger,95.24,95.24,
Divine Ways,Red Tiger,95.15,95.15,
Dragon's Luck Slot Demo & Review 2025,Red Tiger,96.24,96.24,
Epic Journey (Red Tiger),Red Tiger,95.08,95.08,
Fortune Fest,Red Tiger,95.3,95.3,
Fortune House,Red Tiger,95.25,95.25,
Gems Gone Wild,Red Tiger,95.15,95.15,
Golden Lotus (Red Tiger),Red Tiger,95.15,95.15,
Golden Offer,Red Tiger,95.19,95.19,
Gold Star,Red Tiger,95.16,95.16,
Imperial Palace,Red Tiger,95.13,95.13,
Jade Charms,Red Tiger,95.25,95.25,
Jingle Bells (Red Tiger),Red Tiger,95.28,95.28,
Lucky Fortune Cat (Red Tiger),Red Tiger,95.26,95.26,
Lucky Halloween,Red Tiger,95.07,95.07,
Lucky Wizard,Red Tiger,95.12,95.12,
Magic Gate,Red Tiger,95.18,95.18,
Mega Jade,Red Tiger,95.1,95.1,
Ocean Fortune (Red Tiger),Red Tiger,95.18,95.18,
Persian Fortune,Red Tiger,95.08,95.08,
Punto Banco (Red Tiger) Game ᐈ Free demo game!,Red Tiger,99.55,99.55,
Puss'N Boots,Red Tiger,95.17,95.17,
Rainbow Jackpots Slot Review & Free Demo,Red Tiger,96.15,96.15,
Phoenix (Red Tiger),Red Tiger,95.18,95.18,
Stage 888,Red Tiger,95.16,95.16,
Golden Temple (Red Tiger),Red Tiger,96.25,96.25,
Three Kingdoms (Red Tiger),Red Tiger,95.1,95.1,
Wild Fight,Red Tiger,95.15,95.15,
Wild Spartans,Red Tiger,95.13,95.13,
Wild Wild Chest,Red Tiger,95.07,95.07,
Winter Wonders (Red Tiger),Red Tiger,95.12,95.12,
Scruffy Duck,NetEnt,96.38,96.38,
Treasure Nile,Games Global,92.11,92.11,
Wasabi San,Games Global,96.56,96.56,
Witches Wealth,Games Global,95.5,95.5,
Hot Sync,Quickspin,96.29,96.29,
Epic City,Old Skool Studios,95.03,95.03,
Lucky Diamonds,Play'n Go,93.99,93.99,
Speed Cash,Play'n Go,94.12,94.12,
Wild Melon,Play'n Go,93.72,93.72,
Bridezilla,Games Global,95.98,95.98,
Super Multitimes Progressive HD,iSoftBet,95.37,95.37,
Fruit Loot,Concept Gaming,96.0,96.0,
Happy New Year (Microgaming),Games Global,95.75,95.75,
The Diamond Vapor,Endorphina,96.0,96.0,
Lucky Firecracker,Games Global,96.19,96.19,
Lucky Witch (Microgaming),Games Global,96.4,96.4,
Sure Win,Games Global,96.29,96.29,
Super Diamond Deluxe,Blueprint,0.11,94.12,94.12
Apocalypse Knights,The Better Platform,95.5,95.5,
Aztec Temple (Join Games),The Better Platform,95.66,95.66,
Caesar's Glory (Join Games),The Better Platform,95.56,95.56,
Cyber Ninja,The Better Platform,96.06,96.06,
Dojo,The Better Platform,96.22,96.22,
Ice 7 Bar,The Better Platform,95.0,95.0,
Kleopatra,The Better Platform,96.14,96.14,
Naga King,The Better Platform,96.38,96.38,
Sakura,The Better Platform,95.93,95.93,
The Dragon,The Better Platform,95.37,95.37,
The Legend of Emerald,The Better Platform,95.0,95.0,
Venice Carnival,The Better Platform,96.06,96.06,
Zombie Escape,The Better Platform,96.0,96.0,
Enchanted Woods (Games Global),Games Global,96.4,96.4,
40 Shining Jewels,CT Gaming,95.9,95.9,
African Magic,CT Gaming,96.4,96.4,
Alaska Wild,CT Gaming,96.1,96.1,
American Gigolo,CT Gaming,96.7,96.7,
Australian Magic,CT Gaming,96.4,96.4,
Aztec Gold (CT),CT Gaming,96.5,96.5,
Banana Party,CT Gaming,96.35,96.35,
Beetle Star,CT Gaming,96.7,96.7,
Brilliants Hot,CT Gaming,95.4,95.4,
Bye Bye Spy Guy,CT Gaming,96.75,96.75,
Gladius Of Honor,CT Gaming,96.6,96.6,
Penguin Party (Casino Technology),CT Gaming,96.8,96.8,
Fruit-O-Matic,FUGA Gaming,96.0,96.0,
The Glass Slipper,SUNFOX Games,94.0,94.0,
Wild Gambler - Arctic Adventures,Ash Gaming,89.9,96.0,96.0
Leprechaun Hills,Quickspin,96.51,96.51,
Alchymedes,Yggdrasil,96.1,96.1,
Be the King Game ᐈ Game Info + Where to play,G.Games,,,
Count Duckula,Blueprint,93.35,93.35,
X-Men,Playtech,95.03,95.03,
20 Star Party,CT Gaming,95.0,95.0,
Classic 243,Rabcat,97.0,97.0,
Desert Treasure (Playtech),Playtech,97.05,97.05,
Isis,Games Global,95.22,95.22,
Chunjie,Endorphina,96.0,96.0,
Tiki Paradise (Playtech),Playtech,91.93,94.05,94.05
Alice and the Red Queen,1X2gaming,96.21,96.21,
Aztec Secrets,1X2gaming,97.5,97.5,
Blood Bank,1X2gaming,97.32,97.32,
Candy Cash (1x2gaming),1X2gaming,96.0,96.0,
Celebrity in the Jungle,1X2gaming,97.7,97.7,
Charming Lady Luck,1X2gaming,97.32,97.32,
Classic Fruit (1X2gaming),1X2gaming,97.37,97.37,
Dark Thirst,1X2gaming,97.32,97.32,
Deadworld,1X2gaming,95.0,95.0,
Downtown,1X2gaming,97.7,97.7,
Fruity 3x3 Game ᐈ Game Info + Where to play,1X2gaming,95.0,95.0,
Gingerbread Joy,1X2gaming,96.26,96.26,
Gladiator of Rome,1X2gaming,97.32,97.32,
Gods of Olympus,1X2gaming,97.5,97.5,
Halloween Horrors,1X2gaming,96.26,96.26,
Jackpot 3x3 Game ᐈ Game Info + Where to play,1X2gaming,95.0,95.0,
Kick Ass,1X2gaming,96.9,96.9,
Kitty Cash,1X2gaming,97.86,97.86,
Legend Lore,1X2gaming,94.55,94.55,
Lucky Stars (1X2gaming),1X2gaming,96.26,96.26,
Mamma Mia 2D,1X2gaming,97.02,97.02,
Piggy Bank 1x2,1X2gaming,95.69,95.69,
Puppy Payday,1X2gaming,97.23,97.23,
Red Dragon (1X2gaming),1X2gaming,97.32,97.32,
Roboslots,1X2gaming,96.25,96.25,
Soccer Slots,1X2gaming,97.37,97.37,
Super Caribbean Cashpot,1X2gaming,97.5,97.5,
Super Fruit 7,1X2gaming,96.5,96.5,
Thor: Stormlord,1X2gaming,97.5,97.5,
Treasure of the Pyramids,1X2gaming,96.22,96.22,
Under The Sea 1x2,1X2gaming,96.8,96.8,
Yule Be Rich,1X2gaming,96.33,96.33,
Hot Hot Volcano,NextGen,95.41,95.41,
Summertime,Games Global,95.0,95.0,
The Grand Journey,Games Global,96.35,96.35,
Treasure Palace,Games Global,96.95,96.95,
Voila!,Games Global,96.37,96.37,
Alchemist's Spell (GamePlay),GamePlay,96.52,96.52,
Aquatica,Playson,97.3,97.3,
Jungle Spirit: Call of the Wild,NetEnt,96.47,96.47,
Dancing Dragon Spring Festival,Playson,95.79,95.79,
Queen of gold,Pragmatic Play,95.5,95.5,
Grand Wheel,Red Tiger,95.13,95.13,
Aztec Empire (Playson),Playson,95.63,95.63,
Ocean's Secret,FUGA Gaming,96.0,96.0,
Mr. Illusio,FUGA Gaming,96.0,96.0,
Around the World (Ash Gaming),Ash Gaming,,,
Arctic Bear,MultiSlot,97.04,97.04,
Bank Robbery (MultiSlot),MultiSlot,97.66,97.66,
Bavarian Forest,CT Gaming,94.17,94.17,
Snowflakes,NextGen,96.58,96.58,
Shangri La (NextGen),NextGen,96.63,96.63,
Time is money,Realistic,95.45,95.45,
Rainbow Magic,Realistic,95.25,95.25,
Belissimo!,Games Global,93.23,93.23,
Big Top (Games Global),Games Global,96.94,96.94,
Big Top Circus,MultiSlot,96.88,96.88,
Paint,Iron Dog Studio,95.8,95.8,
Well of Wonders,Thunderkick,96.1,96.1,
Superman The Movie,Playtech,94.02,95.01,95.01
Superman II Slot,Playtech,95.03,95.03,
Jackpot King,Blueprint,92.48,92.48,
Shocking Wild,StakeLogic,96.13,96.13,
Fiesta Cubana,Side City,95.272,95.272,
Fortunes of the Amazons,Side City,95.8,95.8,
Space Invaders,Bell-Fruit Games,95.0,95.0,
Bug's World,iSoftBet,95.71,95.71,
Bunny Boiler Game ᐈ Game Info + Where to play,Games Global,95.27,95.27,
Bunny Boiler Gold Game ᐈ Game Info + Where to play,Games Global,95.27,95.27,
Giant Gems,Betdigital,96.12,96.12,
Captain Quids Treasure Quest,IGT,95.04,95.04,
Cash Cave,Ainsworth,94.04,94.04,
Planet of the Apes,NetEnt,96.33,96.33,
Jurassic World,Games Global,95.45,95.45,
Cash Clams,Games Global,94.99,94.99,
The Heat Is On (MahiGaming),MahiGaming,96.01,96.01,
Xing Guardian,NextGen,97.01,97.01,
Emojiplanet,NetEnt,96.4,96.4,
Cash Garden,MultiSlot,97.94,97.94,
Man of Steel,Playtech,0.99,95.05,95.05
Cash Splash 3 Reel,Games Global,91.51,91.51,
Champions,MultiSlot,95.91,95.91,
Gypsy Moon,IGT,94.13,94.13,
Beauty & The Beast (Yggdrasil),Yggdrasil,96.3,96.3,
Tower Treasure,Sigma Gaming,95.0,95.0,
Sakura Fortune,Quickspin,96.58,96.58,
Age of The Gods™ Prince of Olympus,Playtech,94.82,94.82,
Emperor's Gold,Barcrest,96.0,96.0,
Prissy Princess,Play'n Go,94.62,94.62,
10x Wins,Rival Gaming,94.75,94.75,
Hong Kong Tower,ELK Studios,96.3,96.3,
Gangster's Slot,Spinomenal,92.71,92.71,
Charmorama,Relax Gaming,96.96,96.96,
Circus Deluxe,Playson,95.21,95.21,
Cool Buck (Flash),Games Global,94.95,94.95,
Cosmic Cat,Games Global,96.52,96.52,
Couch Potato (Games Global),Games Global,97.43,97.43,
Crazy 80s,Games Global,96.94,96.94,
Crazy Chameleons,Games Global,96.07,96.07,
Critters,MultiSlot,96.15,96.15,
Dawn Of The Bread Game ᐈ Game Info + Where to play,Games Global,96.0,96.0,
Dino Might,Games Global,96.42,96.42,
Fields of Fortune,Playtech,96.22,96.22,
Mega Jackpots Star Lanterns,IGT,92.0,92.0,
888 Gold,Pragmatic Play,97.52,97.52,
Dice on Fire,StakeLogic,96.23,96.23,
Devils,StakeLogic,95.57,95.57,
Lord of Darkness,StakeLogic,96.41,96.41,
Midnight Rush,StakeLogic,96.63,96.63,
Tropical Adventure,StakeLogic,96.04,96.04,
London Bastards,StakeLogic,,,
Big Runner,Greentube,95.0,95.0,
Dancing Dragon (GT),Novomatic,,,
Jester´s Crown slot,Novomatic,,,
Kingdom of Legends,Novomatic,,,
Magic Jester,Novomatic,95.07,95.07,
Sirenas,Novomatic,,,
Sizzling Hot 6 extra gold,Greentube,95.0,95.0,
Temple of Secrets,Novomatic,90.0,90.0,
The King's Crown,Eurocoin Interactive,,,
Ultra Fruits,Novomatic,95.19,95.19,
7 Lucky Dwarfs,Leander Games,95.31,95.31,
Ali Baba,Jili Games,95.07,95.07,
Kites Kingdom,Sigma Gaming,95.5,95.5,
Dolly,Leander Games,94.59,94.59,
Dragon slot,Leander Games,93.37,93.37,
Glam or Sham,Leander Games,94.9,94.9,
Golden Rome,Leander Games,95.24,95.24,
Glutters,Leander Games,94.75,94.75,
Khepri,Leander Games,94.95,94.95,
Little Pigs,Leander Games,94.84,94.84,
Little Red	(Leander Games),Leander Games,94.97,94.97,
Mad Pinatas,Leander Games,95.25,95.25,
Magic Building,Leander Games,94.98,94.98,
Magic Gems (Leander Games),Leander Games,95.32,95.32,
Octopus Kingdom,Leander Games,94.91,94.91,
Pablo Picas,Leander Games,94.69,94.69,
Queen of Thrones,Leander Games,94.92,94.92,
Taxi! (Amaya),Amaya,97.0,97.0,
Zombie Rush,Leander Games,94.89,94.89,
Champion Raceway Game ᐈ Game Info + Where to play,IGT,96.66,96.66,
Double Magic (Games Global),Games Global,95.58,95.58,
3 Hit Pay,iSoftBet,95.41,95.41,
Arctic Agents,Games Global,96.13,96.13,
Lucky Fairy,Sigma Gaming,95.05,95.05,
Blood Suckers 2,NetEnt,96.94,96.94,
Easter Egg Hunt,MultiSlot,97.07,97.07,
Flying Ace,Games Global,94.95,94.95,
Foamy Fortunes Game ᐈ Game Info + Where to play,Games Global,96.0,96.0,
Cool Buck 2017,Games Global,96.0,96.0,
Mega Money Multiplier,MahiGaming,96.15,96.15,
Castle Builder II,Rabcat,95.5,95.5,
Chibeasties 2,Yggdrasil,96.2,96.2,
Gem Stones (MultiSlot),MultiSlot,96.5,96.5,
Gold Coast,Games Global,94.95,94.95,
Gold Trophy,Others,,,
Golden Ghouls Game ᐈ Game Info + Where to play,Games Global,95.0,95.0,
Orient Express,Yggdrasil,96.2,96.2,
Golden Legacy (MultiSlot),MultiSlot,98.25,98.25,
Wolf Cub,NetEnt,96.34,96.34,
Mr. Billionaire,Leander Games,96.02,96.02,
Lucky Easter,Red Tiger,95.24,95.24,
Lucky Valentine,Red Tiger,95.08,95.08,
Power Force Villains,Push Gaming,5.08,66.34,66.34
Power Force Heroes,Push Gaming,5.08,55.54,55.54
Apollo God of the Sun (Leander Games),Leander Games,94.17,94.17,
Luchadora,Thunderkick,96.2,96.2,
Roasty McFry and the Flame Busters,Thunderkick,96.1,96.1,
Journey Of The Sun,Games Global,95.88,95.88,
King Arthur (Microgaming),Games Global,95.07,95.07,
Cherry Blast (Iron Dog Studio),Iron Dog Studio,96.0,96.0,
Chain Reactors,Cozy,94.63,94.63,
Chain Reactors Trails,Cozy,94.58,95.08,94.58
Elven Magic,Red Tiger,95.02,95.02,
Lucky Pets,MultiSlot,98.19,98.19,
Four By Four,Games Global,96.87,96.87,
Magic Boxes,Games Global,89.37,89.37,
Money Mad Monkey,Games Global,96.23,96.23,
Munchkins,Games Global,95.33,95.33,
Premier Trotting Game ᐈ Game Info + Where to play,Games Global,90.65,90.65,
Sovereign Of The Seven Seas,Games Global,96.01,96.01,
Sumatran Storm,IGT,95.0,95.0,
Viking Runecraft,Play'n Go,94.66,94.66,
Cowboy Treasure,Games Inc,96.37,96.37,
Sun Quest,Games Global,95.22,95.22,
Hunt for Gold,Others,97.0,97.0,
Mr Toad,Play'n Go,97.0,97.0,
Oily Business,Others,96.2,96.2,
Misty Forest,CT Gaming,94.2,94.2,
Penalty Shoot Out (Playtech) Game ᐈ Game Info + Where to play,Playtech,97.2,97.2,
The Hidden Temple,Push Gaming,96.69,96.69,
In It to Win It,Games Global,96.34,96.34,
Beetle Jewels,iSoftBet,96.4,96.4,
KGB Bears,The Games Company,96.01,96.01,
Light Racers,The Games Company,96.01,96.01,
Little Pigs Strike Back,Games Global,94.84,94.84,
Oriental Fortune,Games Global,96.12,96.12,
Western Frontier,Games Global,96.75,96.75,
Meerkat Mayhem,Games Global,95.9,95.9,
Sunshine Reef,Games Global,93.76,93.76,
The Olympic Slots,iSoftBet,96.0,96.0,
Magic Charms,Games Global,95.99,95.99,
Super Tricolor,iSoftBet,94.8,95.3,95.3
Queen of Atlantis,Pragmatic Play,94.91,94.91,
Panda Pow,Lightning Box,95.51,95.51,
Irish Charms (Pragmatic Play),Pragmatic Play,96.96,96.96,
Lion Dance (Red Tiger),Red Tiger,95.18,95.18,
Matsuri (Play'n Go),Play'n Go,94.15,94.15,
The Forgotten Land of Lemuria,Games Global,95.26,95.26,
The Joy of Six,Games Global,96.21,96.21,
Wild Antics,Blueprint,95.5,95.5,
Wheel of Wealth Special Edition,Games Global,95.87,95.87,
Track And Field Mouse,Games Global,96.5,96.5,
Triple Red Hot 7s,IGT,94.91,94.91,
Tiger Moon,Aristocrat,96.1,96.1,
Wow Pot,Games Global,89.63,89.63,
Jukepot,NYX Gaming Group,97.07,97.07,
Lots a Loot,Games Global,90.07,90.07,
Money Bee,iGaming2go,94.2,94.2,
Hot Fruits (iGaming2go),iGaming2go,94.4,94.4,
Top Cat,Blueprint,92.48,92.48,
Casper's Mystery Mirror,Blueprint,94.93,94.93,
Cleopatra's Gold (Leander Games),Leander Games,96.37,96.37,
Fortune (G.Games) Game ᐈ Game Info + Where to play,G.Games,92.0,92.0,
Magic Game ᐈ Game Info + Where to play,G.Games,92.0,92.0,
Gulliver's Travels,NYX Gaming Group,93.01,93.01,
Imperial Dragon,Blueprint,95.53,95.53,
Jewel Strike,Blueprint,96.09,96.09,
Jewel Twist,Blueprint,94.84,94.84,
Jungle Jackpots,Blueprint,95.63,95.63,
Luck O' The Irish Fortune Spins Slot Review & Free Demo,Blueprint,95.05,95.05,
Slots O' Gold Slot Free Play & Game Review 2025,Blueprint,92.48,92.48,
Pirates Treasures Deluxe,Playson,96.6,96.6,
Supershots,Leander Games,95.05,95.05,
Supertimer,Leander Games,95.48,95.48,
Super Spinner Bar X,Blueprint,92.5,92.5,
The Baron,Games Warehouse,94.59,94.59,
King Stones,Relax Gaming,96.78,96.78,
Magical Dice Game ᐈ Game Info + Where to play,Relax Gaming,99.875,99.875,
Jewel Quest Riches,Old Skool Studios,7.13,61.56,61.56
Prosperity Twin,NextGen,95.446,96.287,96.287
Golden Mane,NextGen,96.96,96.96,
"Jackpot Jester 50,000",NextGen,95.08,99.902,95.08
Balthazars Wild Emporium,CORE Gaming,94.02,94.02,
Mandarin Orchid,CORE Gaming,95.39,95.39,
Jackpotz,CORE Gaming,94.0,94.0,
Beehive Bedlam,CORE Gaming,92.84,94.37,94.37
Pharaohs Wild,CORE Gaming,94.0,94.0,
Rainbow Riches Free Spins,Barcrest,95.17,95.17,
Crystal Ball (Gamomat),Gamomat,96.12,96.12,
Maaax Diamonds,Bally Wulff,96.07,96.07,
Treasures of Tombs Hidden Gold,Playson,95.08,95.08,
Panther Queen,Pragmatic Play,95.5,95.5,
Time Warp Guardian,Playson,96.44,96.44,
Slotomoji,Endorphina,96.0,96.0,
Ming Warrior,Ainsworth,93.88,93.88,
Trojan Treasure,Ainsworth,94.16,94.16,
Sahara Queen,Genesis,97.2,97.2,
Lucky Dragon Boat,Genesis,97.56,97.56,
Piñata Bandidos,Genesis,97.19,97.19,
Black Beauty,Bally Wulff,96.1,96.1,
Wild Rapa Nui,Bally Wulff,96.14,96.14,
Chuzzle,Blueprint,95.01,95.01,
Theatre of Night,NextGen,96.14,96.14,
Forbidden Throne,MahiGaming,96.01,96.01,
Candy Dreams (Microgaming),Games Global,96.82,96.82,
Fortune Girl (Microgaming),Games Global,95.02,95.02,
Night Wolves,Gamomat,96.11,96.11,
Tiki Land,MultiSlot,96.57,96.57,
Balloonies Farm,IGT,95.0,95.0,
Eye Of Horus Demo & Review,Merkur,96.31,96.31,
Magic monk Rasputin,edict,94.77,94.77,
Age of the Gods Goddess of Wisdom,Playtech Origins,94.94,94.94,
Copy Cats,NetEnt,96.76,96.76,
Fairytale Legends: Hansel and Gretel,NetEnt,96.71,96.71,
Fruit Blast (Skillzzgaming),Skillzzgaming,94.02,94.02,
Chests of Plenty,Ash Gaming,93.0,93.0,
King Kong Cash Slot Review & Free Demo,Blueprint,95.8,95.8,
The Odd Forest,Foxium,96.12,96.12,
Gifts of Ostara,Iron Dog Studio,96.7,96.7,
The Lost Riches of Amazon,Foxium,96.06,96.06,
Juicy Booty,SUNFOX Games,96.03,96.03,
The Wild Life,IGT,96.16,96.16,
Lucky3,iSoftBet,96.0,96.0,
Totem Lightning,Red Tiger,95.27,95.27,
Zany Zebra,Games Global,94.96,94.96,
Life of Brian,Playtech,94.0,94.0,
2027 ISS,Endorphina,96.0,96.0,
Tunzamunni,Games Global,90.03,90.03,
Creepy Castle,Chance Interactive,95.124,95.124,
Toy Factory,Blueprint,92.5,92.5,
Who Wants to Be a Millionaire (Ash Gaming),Ash Gaming,91.0,91.0,
Cubis,NYX Gaming Group,94.38,94.38,
White Buffalo (Microgaming),Games Global,95.56,95.56,
White Buffalo (Amaya),Amaya,96.0,96.0,
Hit2Split,NetEnt,96.3,96.3,
Kitchen drama Sushi Mania,Nolimit City,96.77,96.77,
Ted Slot Game Review & Free Demo,Blueprint,95.81,95.81,
Pharaoh's Gems Game ᐈ Game Info + Where to play,Games Global,95.0,95.0,
Crazy Pop,GamesLab,95.082,96.022,96.022
King Kong: Island of Skull Mountain,NYX Gaming Group,96.0,96.0,
Jewel of the Jungle,GamesLab,96.6,96.6,
Wolf Gold Demo & Review,Pragmatic Play,96.01,96.01,
Ice Breaker,Push Gaming,21.2,75.59,75.59
Boom Bucks,Betsoft,95.0,95.0,
The Sky's the Limit,Live 5,86.0,92.0,92.0
Cuckoo (Endorphina),Endorphina,96.0,96.0,
Lady Jester,Novomatic,96.0,96.0,
Crystal Odyssey,Eurocoin Interactive,96.0,96.0,
Winter Queen,Novomatic,95.02,95.02,
Read our Minesweeper slot review and play demo for free,BGAMING,98.4,98.4,
Asena,Bally Wulff,96.18,96.18,
Big Buck Bunny,Merkur,96.0,96.0,
Book of Romeo & Julia,Gamomat,96.12,96.12,
Power plant,Yggdrasil,96.0,96.0,
King of Atlantis (IGT),IGT,95.0,95.0,
Legend of the Pharaohs,Barcrest,96.1,98.1,96.1
Rolling Stone Age,CORE Gaming,92.0,94.09,94.09
The Angler,Betsoft,97.1,97.1,
Siberian Storm Dual Play,IGT,92.53,92.53,
3 Kingdoms – Battle of Red Cliffs,Pragmatic Play,96.5,96.5,
In Jazz,Endorphina,96.0,96.0,
Magic Dragon,GameArt,95.8,95.8,
Money Farm 2,GameArt,95.74,95.74,
Texas Rangers Reward,GameArt,95.66,95.66,
Tiger Heart,GameArt,95.14,95.14,
Hero's Quest,Bally Wulff,60.0,60.0,
Mighty 40,Bally Wulff,58.74,58.74,
Mystic Force,Bally Wulff,60.0,60.0,
Thor's Hammer,Bally Wulff,96.09,96.09,
La Rouge,Old Skool Studios,95.03,95.03,
Chang'e Goddess Of The Moon (Genesis),Genesis,95.26,95.26,
Cai Shen's Fortune,Genesis,97.21,97.21,
Danger High Voltage,Big Time Gaming,95.67,95.67,
Thunder Cash,Ainsworth,94.07,94.07,
The Enforcer,Ainsworth,93.84,93.84,
221b Baker Street HD,Merkur,97.0,97.0,
Big Rex,WMS,96.0,96.0,
Aztec Warrior Princess,Play'n Go,96.69,96.69,
Butterfly Staxx,NetEnt,94.05,94.05,
RoboCop,Playtech,96.24,96.24,
Angel Princess,Blueprint,90.21,90.21,
Ice Cave,Playtech Vikings,96.13,96.13,
Valhalla (Betdigital),Betdigital,94.0,94.0,
Owl Eyes NEW,NextGen,95.3,95.3,
Horror Circus,The Better Platform,95.87,95.87,
Re-Trigger Happy Pull Tab Game ᐈ Game Info + Where to play,Realistic,96.13,96.13,
Mobster Lobster,Genesis,95.26,95.26,
Wins of Fortune,Quickspin,96.54,96.54,
Enchanting Spells,2by2 Gaming,95.98,95.98,
Magic Book 6,Bally Wulff,95.99,95.99,
Queen Of The North,Bally Wulff,96.09,96.09,
Texas Tycoon,Bally Wulff,95.95,95.95,
Tom Sawyer,Bally Wulff,96.4,96.4,
The Shaman King,Bally Wulff,96.36,96.36,
Sunny Shores,Yggdrasil,96.2,96.2,
Marioni Show,Playson,95.16,95.16,
Sea Raider,Bunfox,96.72,96.72,
Pot O' Gold (Amaya),Amaya,92.0,92.0,
Magic Castle,IGT,95.0,95.0,
Cinderella (Red Tiger),Red Tiger,95.2,95.2,
Three Musketeers (Red Tiger),Red Tiger,95.26,95.26,
Beautiful Bones,Games Global,96.55,96.55,
Monty Python and the Holy Grail,Playtech,94.18,94.18,
SatoshiSlot Flash,satoshislot,96.5,96.5,
Redroo,Lightning Box,95.3,95.3,
The Explorers' Quest,ZeusPlay,93.7,93.7,
MultiFruit 81,Play'n Go,94.36,94.36,
Get Clucky,IGT,95.7,95.7,
Golden Dice 3,ZeusPlay,94.0,94.0,
Mad Cubes 25,ZeusPlay,92.8,92.8,
Sticky Bandits,Quickspin,96.58,96.58,
Goldilocks with Achievements Engine,Quickspin,96.84,96.84,
Stellar Jackpots with Serengeti Lions,Lightning Box,97.01,97.01,
Dice Tronic,ZeusPlay,94.0,94.0,
Super Hot (Zeus),ZeusPlay,92.8,92.8,
40 Flaming Lines,ZeusPlay,93.1,93.1,
Eternal Desire Demo & Slot Review,ZeusPlay,96.0,96.0,
Amuns Book HD,ZeusPlay,94.14,94.14,
Captain Nelson Deluxe,ZeusPlay,95.0,95.0,
Dark Ninja,ZeusPlay,94.6,94.6,
Le Mystere de Prince,ZeusPlay,94.3,94.3,
Legend of the Sea,ZeusPlay,95.0,95.0,
Magic Seven Delux,ZeusPlay,94.0,94.0,
Snake Eyes,ZeusPlay,92.36,92.36,
Keno 8 (ZeusPlay) Game ᐈ Game Info + Where to play,ZeusPlay,,,
Page of Fortune Deluxe,ZeusPlay,94.14,94.14,
27 Hot Lines Delux,ZeusPlay,92.8,92.8,
Fire Twenty Deluxe,ZeusPlay,93.8,93.8,
Age of the Gods: God of Storms Demo & Slot Review,Playtech Vikings,96.14,96.14,
Adventures Beyond Wonderland (SUNFOX Games),SUNFOX Games,89.58,94.6,94.6
Heart of the Frontier,Playtech,96.09,96.09,
Kulup (Club),Leander Games,94.84,94.84,
Fruit Spin,NetEnt,96.84,96.84,
Amazon's Diamonds,Greentube,95.05,95.05,
Book of Ra Deluxe Jackpot Edition,Novomatic,95.1,95.1,
Dragon Sisters,Push Gaming,96.73,96.73,
Pick A Fortune,Sigma Gaming,95.79,95.79,
Ivanhoe,ELK Studios,96.3,96.3,
Barber Shop Uncut,Thunderkick,97.0,97.0,
RA's Legend,Red Tiger,95.26,95.26,
8 Bit Intruders,Genesis,97.28,97.28,
Crosstown Chicken,Genesis,96.29,96.29,
Super Sumo,Fantasma Games,95.18,95.18,
Underwater Pearls,ZeusPlay,94.0,94.0,
Trojan Horse,ZeusPlay,94.0,94.0,
Disco Fever (Zeus Play),ZeusPlay,94.0,94.0,
Royal Jewels (Zeus Play),ZeusPlay,94.0,94.0,
Honey Money (Zeus Play),ZeusPlay,94.0,94.0,
Arabian Dream,ZeusPlay,22.3,71.4,71.4
Butterfly Hot 10,ZeusPlay,92.1,92.1,
Butterfly Hot 20,ZeusPlay,94.0,94.0,
Dr. Jekyll Goes Wild,Barcrest,96.0,96.0,
Candy Land (Zeus Play),ZeusPlay,94.0,94.0,
Guardian of the Sand,ZeusPlay,95.0,95.0,
Hot 5 Deluxe,ZeusPlay,93.9,93.9,
Lady of the Forest,ZeusPlay,93.7,93.7,
Magic Charm,ZeusPlay,93.7,93.7,
Princess Chintana,ZeusPlay,95.0,95.0,
Butterfly Classic,ZeusPlay,94.0,94.0,
Cherry's Land,ZeusPlay,94.0,94.0,
The Lost Temple,ZeusPlay,92.8,92.8,
European Roulette 3D Deluxe Game ᐈ RTP + Game info,ZeusPlay,,,
Fruitful Siesta,Playson,95.44,95.44,
Robo Smash,iSoftBet,95.0,95.0,
Wizard of Oz Road to Emerald City,WMS,96.0,96.0,
Tumble Dwarf,Cayetano Gaming,94.49,94.49,
Sizzling Peppers,StakeLogic,95.0,95.0,
The Magic Shoppe,Betsoft,94.58,94.58,
Gnome Wood,Rabcat,96.16,96.16,
Gold Train (Pragmatic Play),Pragmatic Play,96.17,96.17,
8 Dragons (Pragmatic Play),Pragmatic Play,96.37,96.37,
Booster,iSoftBet,95.6,95.6,
Castle Blood,GameArt,96.95,96.95,
Spina Colada,Yggdrasil,96.3,96.3,
Joker Poker (FUGA Gaming) Game ᐈ RTP + Game info,FUGA Gaming,96.0,96.0,
Mighty Wilds,Ainsworth,93.82,93.82,
Flash Cash,Ainsworth,93.93,93.93,
Universal Monsters: The Phantom's Curse,NetEnt,96.57,96.57,
Bars and Bells (Amaya),Amaya,95.0,95.0,
Man in Mask,Capecod Gaming,97.19,97.19,
Black Gold Texas Riches,Capecod Gaming,97.3,97.3,
Neon Strike,Capecod Gaming,98.0,98.0,
Vikings (Capecod Gaming),Capecod Gaming,97.05,97.05,
Er Colosseo,Capecod Gaming,98.01,98.01,
Portals & Dragons,Capecod Gaming,98.12,98.12,
Cavemen,Capecod Gaming,96.48,96.48,
Cupid: Wild at Heart,Blueprint,1.0,1.0,
Austin Powers,Blueprint,95.53,95.53,
3 Lions,Blueprint,94.76,94.76,
Amigos Gold,Blueprint,91.74,91.74,
Bejeweled Cascades,Blueprint,96.11,96.11,
Cleopatras Riches,Leander Games,95.75,95.75,
Lucky Duck (Blueprint),Blueprint,91.06,91.06,
Cop the Lot,Blueprint,94.18,94.18,
Worms (Blueprint),Blueprint,95.24,95.24,
Worms Reloaded,Blueprint,92.66,92.66,
Wild Play SuperBet,NextGen,97.46,97.46,
Deal or No Deal: What's In Your Box,Blueprint,92.6,92.6,
Diamond Jackpots,Blueprint,94.12,94.12,
Egyptian Goddess,Blueprint,93.97,93.97,
Fairy Fortunes,Blueprint,91.23,91.23,
Gold Leaf Clover,Blueprint,95.51,95.51,
Harry Trotter The Pig Wizard,Blueprint,94.68,94.68,
Heroes of Spin (Blueprint),Blueprint,95.58,95.58,
Kingdom of Wealth,Blueprint,95.93,95.93,
Once upon a Rhyme,Blueprint,96.36,96.36,
Peggle Slots,Blueprint,95.15,95.15,
Bollywood Party,Sigma Gaming,95.0,95.0,
Rollem Rollem,Sigma Gaming,95.0,95.0,
Hi Lo Roller,Sigma Gaming,95.0,95.0,
The Jewel Thief,Sigma Gaming,95.14,95.14,
Gringo Dineros,Sigma Gaming,95.14,95.14,
Peter Pan (Blueprint),Blueprint,95.15,95.15,
Red Hot Fruits (Blueprint),Blueprint,92.02,92.02,
Thai Princess,Blueprint,95.53,95.53,
The Naked Gun,Blueprint,93.57,93.57,
Chariots of Fire,Rival Gaming,94.89,94.89,
Ten Suns,Rival Gaming,96.2,96.2,
Alien Spinvasion!,Rival Gaming,95.98,95.98,
Super Spins Bar X Gold,Blueprint,92.5,92.5,
Dollars to Donuts,Rival Gaming,94.3,94.3,
Vegas Slots: Pay It Again,Blueprint,94.04,94.04,
Fairground Fortunes Ghost Train,Psiclone Games,94.06,94.06,
Vikings of Fortune,Blueprint,96.51,96.51,
Viz,Blueprint,95.53,95.53,
Plants vs. Zombies: Wild Gargantuar,Blueprint,91.56,91.56,
Roller Coaster Dice Game ᐈ RTP + Game info,Playtech,96.97,96.97,
Mega Ball (Playtech) Game ᐈ Game Info + Where to play,Playtech,95.0,95.0,
Aladdin's Legacy,Amaya,95.0,95.0,
Amazon Adventure,Amaya,95.5,95.5,
7UP! (Endorphina),Endorphina,96.0,96.0,
Valkyries of Odin,StakeLogic,96.04,96.04,
Arthur's Quest II,Amaya,94.0,94.0,
Barnyard Boogie,Amaya,,,
Battle for Olympus,Amaya,94.75,94.75,
Blackbeard's Gold,Amaya,92.98,92.98,
Buccaneer's Bounty,Amaya,94.5,94.5,
Bullseye Bucks,Amaya,96.63,96.63,
Caesar Salad,Amaya,94.5,94.5,
Captain Nemo (Amaya),Amaya,94.6,94.6,
Cash Inferno,Amaya,95.0,95.0,
Cash n' Clover,Amaya,95.5,95.5,
Cleo Queen of Egypt,Amaya,95.3,95.3,
Dam Rich,Amaya,94.85,94.85,
Desert Dreams,Amaya,94.5,94.5,
Money Heat,Ainsworth,94.34,94.34,
Sugar Parade,Games Global,96.5,96.5,
Six Acrobats,Games Global,96.5,96.5,
Olympus,Genesis,95.05,95.05,
Dolphin King,Amaya,94.5,94.5,
Lust & Fortune,Genesis,97.33,97.33,
Primetime Combat Kings,Genesis,94.91,94.91,
Double the Devil,Amaya,94.92,94.92,
Draco's Fire,Amaya,95.5,95.5,
Dragon 8s,Amaya,89.99,89.99,
Dragon Parade,Amaya,91.79,91.79,
Fantasy Realm,Amaya,93.91,93.91,
Ferris Bueller's Day Off,Amaya,94.41,94.41,
Sweet Sins,Novomatic,95.12,95.12,
Top o' the Money,Novomatic,96.05,96.05,
Savannah Storm,Novomatic,95.19,95.19,
Mystery Reels (Red Tiger) Online Slot Review and Free Demo Play ✔️,Red Tiger,96.24,96.24,
Fire Flies,Amaya,94.75,94.75,
Forrest Gump,Amaya,94.38,94.38,
Fruit Party (Amaya),Amaya,94.0,94.0,
Golden Jaguar,Amaya,94.75,94.75,
Geckos Gone Wild,Amaya,94.64,94.64,
Juju Jack,Amaya,94.5,94.5,
Just Vegas,Amaya,96.4,96.4,
5th Avenue,NeoGames,93.5,93.5,
Adventure Jack,NeoGames,93.0,93.0,
Astrodice,NeoGames,93.0,93.0,
Lucky Lager,Amaya,94.75,94.75,
Millionaires Club,Amaya,94.13,94.13,
Millionaires Club II,Amaya,94.13,94.13,
Sweet 27,Play'n Go,94.23,94.23,
Millionaires Club III,Amaya,94.55,94.55,
Monkey in the Bank,Amaya,94.64,94.64,
Noughty Crosses,Amaya,96.63,96.63,
Atlantis (NeoGames),NeoGames,,,
Bedtime Stories,Booming Games,,,
Auto Show,NeoGames,,,
Bon Appetit (NeoGames),NeoGames,93.5,93.5,
Cafe Paris,NeoGames,,,
Oktoberfest by Amaya,Amaya,94.0,94.0,
Outta Space Adventure,Amaya,93.87,93.87,
Castle Slot,NeoGames,90.82,90.82,
Quest of Kings,Amaya,93.95,93.95,
Penguins in Paradise,Amaya,93.49,93.49,
Picnic Panic,Amaya,93.5,93.5,
Pirate Plunder (Amaya),Amaya,93.0,93.0,
Pints and Pounds,Amaya,94.01,94.01,
Platinum Pyramid,Amaya,94.45,94.45,
Rags to Riches,Amaya,94.45,94.45,
Conga Beat,NeoGames,,,
Rickety Cricket,Amaya,94.78,94.78,
Dress Up Diva,NeoGames,,,
Egyptian Magic (NeoGames),NeoGames,,,
Wonder Woman Jackpots,Amaya,94.48,94.48,
Fair Play,NeoGames,,,
Fruity Friends,NeoGames,94.99,94.99,
Funtastic Pets,NeoGames,93.0,93.0,
Vampires vs Werewolves,Amaya,98.0,98.0,
Samba Nights,Amaya,95.47,95.47,
Savannah Sunrise,Amaya,95.42,95.42,
Shark Bite,Amaya,94.75,94.75,
Shogun Showdown,Amaya,95.0,95.0,
Siberian Siren,Amaya,91.51,91.51,
Silent Screen,Amaya,93.87,93.87,
Grand Crown (NeoGames),NeoGames,96.0,96.0,
Sinful Spins,Amaya,96.0,96.0,
So Hot,Amaya,94.64,94.64,
Spinning 7's,Amaya,90.02,90.02,
Street Fighter II (Amaya),Amaya,95.34,95.34,
Sunday Afternoon Classics,Amaya,93.87,93.87,
Superman Jackpots,Amaya,94.48,94.48,
Holiday Hotel,NeoGames,90.65,90.65,
Ice Land (NeoGames),NeoGames,,,
Midas Touch (Rival Gaming),Rival Gaming,94.67,94.67,
Legend of Terra,NeoGames,94.0,94.0,
Lucky Machines,NeoGames,,,
Fruits Gone Wild,StakeLogic,95.36,95.36,
Jurassic Giants,Pragmatic Play,95.02,95.02,
Sushi Express,Amaya,95.1,95.1,
Taxi! (Amaya),Amaya,97.0,97.0,
Thai Sunrise,Amaya,93.86,93.86,
The Zombies,Amaya,76.27,76.27,
Thundering Zeus,Amaya,97.0,97.0,
Spin 'n Win,Amaya,88.0,90.0,88.0
888 Dragons (Pragmatic Play),Pragmatic Play,95.76,95.76,
Triple Bonus Spin 'n Win,Amaya,94.0,94.0,
Valley of the Scarab,Amaya,94.75,94.75,
Wild Vegas (Cozy),Cozy,95.93,95.93,
Bargainista,Cozy,93.58,93.58,
Rolling in the Dough,Cozy,95.93,95.93,
Mighty Sphinx,NeoGames,93.02,93.02,
Monaco Glamour,NeoGames,93.0,93.0,
Monte Carlo (NeoGames),NeoGames,,,
Lucky Little Devil (Red Tiger),Red Tiger,95.28,95.28,
Clover Tales,Playson,95.64,95.64,
Ocean Pearls,NeoGames,,,
Mandarin Duck,CT Gaming,95.5,95.5,
Treasures of King Arthur,Cozy,95.0,95.0,
Rubies and Sapphires,Cozy,95.0,95.0,
Plushie Pleasure,Cozy,95.93,95.93,
Brittonaire,Cozy,97.5,97.5,
Coffee House (Cozy),Cozy,93.65,93.65,
Santa in Town,Cozy,95.12,95.12,
King of slots (Cozy),Cozy,93.78,93.78,
Treasures of Egypt (Cozy),Cozy,92.72,92.72,
New Honey Bees,Cozy,95.36,95.36,
Pirates Paradise (Microgaming),Games Global,,,
Big Ben (Cozy),Cozy,93.78,93.78,
The Hunt,Cozy,94.64,94.64,
"Ready, Set, Go!",NeoGames,,,
Reel Bandits,NeoGames,96.0,96.0,
Lucky Devil (Cozy),Cozy,92.42,92.42,
Dog 'n' Roll,Cozy,95.71,95.71,
Lucky Clover (Cozy),Cozy,92.72,92.72,
Cupid's Arrow (Cozy),Cozy,93.8,93.8,
Tutti Frutti (Cozy),Cozy,95.36,95.36,
Arabian Nights (Cozy),Cozy,93.78,93.78,
Shaman's Luck,Cozy,95.47,95.47,
Roll the Dice (NeoGames),NeoGames,95.0,95.0,
Royal Treasures (Cozy),Cozy,95.12,95.12,
EmotiCoins (Games Global),Games Global,96.5,96.5,
Fish Toons,Cozy,95.3,95.3,
Oink: Country Love,Triple Edge Studios,96.5,96.5,
Chasin' Treasure,Cozy,94.51,94.51,
Elizabeth,Cozy,94.06,94.06,
Royal Slots,NeoGames,93.0,93.0,
Easter Bunny,Cozy,95.93,95.93,
Sakura Garden,NeoGames,,,
Sea & Sun,NeoGames,93.51,93.51,
Sky of Love,NeoGames,,,
Gas Money,Cozy,95.93,95.93,
The Big Apple,NeoGames,93.0,93.0,
Toony Jack,Cozy,93.78,93.78,
Irish Gold (Cozy),Cozy,95.74,95.74,
Hot Habanero,Cozy,96.22,96.22,
Wild Beats,Playtech,96.01,96.01,
Treasure of Horus,Iron Dog Studio,95.93,95.93,
Kashmir Gold,Amusnet,95.85,95.85,
Halloween (Amusnet),Amusnet,96.04,96.04,
Amazing Amazonia,Amusnet,96.16,96.16,
Forest Band,Amusnet,96.1,96.1,
Cats Royal,Amusnet,96.3,96.3,
Fruits Kingdom,Amusnet,96.25,96.25,
Circus Brilliant,Amusnet,96.14,96.14,
Fairy Gate,Quickspin,96.66,96.66,
Summer Bliss,Amusnet,95.8,95.8,
Wild Bandits (Leander),Leander Games,94.88,94.88,
The Explorers,Amusnet,96.09,96.09,
7 Brothers,GamePlay,94.93,94.93,
Kangaroo Land,Amusnet,96.16,96.16,
Witches' Charm,Amusnet,95.97,95.97,
7 Wonders,GamePlay,95.16,95.16,
Venezia d'Oro,Amusnet,96.25,96.25,
Inca Gold II,Amusnet,96.19,96.19,
Dark Queen,Amusnet,96.04,96.04,
Age of Troy,Amusnet,96.01,96.01,
Fortune Spells,Amusnet,96.09,96.09,
The White Wolf,Amusnet,96.07,96.07,
Gold Dust,Amusnet,96.01,96.01,
777 Golden Wheel,GamePlay,95.06,95.06,
Baseball,GamePlay,95.36,95.36,
Majestic Forest,Amusnet,96.19,96.19,
Boxing,GamePlay,95.3,95.3,
Book of Magic (Amusnet),Amusnet,96.09,96.09,
Great Adventure,Amusnet,96.44,96.44,
Ocean Rush,Amusnet,96.36,96.36,
Great Empire,Amusnet,96.11,96.11,
Imperial Wars,Amusnet,96.14,96.14,
Candylicious,GamePlay,96.82,96.82,
Grace of Cleopatra,Amusnet,96.23,96.23,
Dragon Reels,Amusnet,96.44,96.44,
Casino Royale (GamePlay),GamePlay,,,
Oil Company II,Amusnet,96.04,96.04,
Lucky & Wild,Amusnet,95.76,95.76,
Action Money,Amusnet,96.94,96.94,
Rainbow Queen,Amusnet,96.03,96.03,
Ghostbusters Triple Slime,IGT,95.0,95.0,
Mega Jackpots Star Lanterns,IGT,92.0,92.0,
Smash the Pig,IGT,92.15,92.15,
More Dice & Roll,Amusnet,96.12,96.12,
The Big Easy,IGT,95.01,95.01,
Forest Tale,Amusnet,96.36,96.36,
Game of Luck,Amusnet,95.76,95.76,
Desert Oasis,GamePlay,95.15,95.15,
Dimsumlicious,GamePlay,95.04,95.04,
Versailles Gold (Amusnet),Amusnet,96.09,96.09,
Deep Blue (Magnet),CEGO,96.5,96.5,
Genius of Leonardo,Amusnet,96.19,96.19,
Lucky Hot (Amusnet),Amusnet,95.32,95.32,
Penguin Style,Amusnet,96.08,96.08,
Olympus Glory (Amusnet),Amusnet,96.23,96.23,
20 Diamonds,Amusnet,95.79,95.79,
Zodiac Wheel (Amusnet),Amusnet,96.45,96.45,
Blue Heart,Amusnet,96.03,96.03,
Extra Stars,Amusnet,95.78,95.78,
Frog Story,Amusnet,95.87,95.87,
Ultimate Hot (Amusnet),Amusnet,95.51,95.51,
More Lucky & Wild,Amusnet,96.0,96.0,
100 Cats,Amusnet,96.03,96.03,
Egypt Sky,Amusnet,96.3,96.3,
Royal Secrets (Amusnet),Amusnet,96.37,96.37,
Hot & Cash,Amusnet,96.08,96.08,
Dice & Roll,Amusnet,95.76,95.76,
Flora's Secret,GamePlay,95.0,95.0,
Fortune Cat (GamePLay),GamePlay,96.7,96.7,
Fortune Dice,GamePlay,96.8,96.8,
Mr.Hat: Sunshine,Spinmatic,95.87,95.87,
Fortune Koi (GamePlay),GamePlay,,,
Fortune Tree (GamePlay),GamePlay,,,
Four Beauties (GamePlay),GamePlay,,,
Four Guardians (GamePlay),GamePlay,,,
Fruitilicious (GamePlay),GamePlay,,,
Fu Lu Shou (GamePlay),GamePlay,,,
20 Super Hot (Amusnet),Amusnet,95.79,95.79,
Shining Crown Demo & Slot Review,Amusnet,96.37,96.37,
5 Dazzling Hot (Amusnet),Amusnet,95.74,95.74,
Secrets of Alchemy,Amusnet,96.1,96.1,
Amazons' Battle (Amusnet),Amusnet,96.17,96.17,
40 Super Hot,Amusnet,95.81,95.81,
Supreme Hot,Amusnet,96.24,96.24,
Flaming Hot (Amusnet),Amusnet,95.53,95.53,
The Secrets of London,Amusnet,96.09,96.09,
Rise of Ra,Amusnet,95.97,95.97,
2 Dragons,Amusnet,96.28,96.28,
Extremely Hot,Amusnet,95.74,95.74,
Aloha Party,Amusnet,96.15,96.15,
Mayan Spirit,Amusnet,96.05,96.05,
50 Horses,Amusnet,96.11,96.11,
Retro Style,Amusnet,96.17,96.17,
Super 20,Amusnet,95.79,95.79,
The Great Egypt,Amusnet,96.25,96.25,
Savanna's Life,Amusnet,96.09,96.09,
The Story of Alexander,Amusnet,96.02,96.02,
Lucky Buzz,Amusnet,96.15,96.15,
Rich World,Amusnet,96.11,96.11,
Spanish Passion,Amusnet,96.08,96.08,
Fast Money,Amusnet,96.25,96.25,
Legendary Rome,Amusnet,96.07,96.07,
Magellan,Amusnet,96.14,96.14,
Queen of Rio,Amusnet,96.28,96.28,
Dragon Reborn (Amusnet),Amusnet,96.22,96.22,
Caramel Hot,Amusnet,95.77,95.77,
Wonder Tree,Amusnet,96.18,96.18,
Thumbelina's Dream,Amusnet,96.16,96.16,
Aztec Glory,Amusnet,96.23,96.23,
Jungle Adventure (Amusnet),Amusnet,96.14,96.14,
Route of Mexico,Amusnet,96.29,96.29,
God of Fortune (GamePlay),GamePlay,,,
God of Gamblers (GamePlay),GamePlay,,,
Golden Eggs (GamePlay),GamePlay,,,
Golf Tour,GamePlay,,,
Rainbow Ryan,Yggdrasil,96.3,96.3,
Cybermafia,FUGA Gaming,96.0,96.0,
Chest Of Fortunes,Spinomenal,96.6,96.6,
Kings of Highway,GamePlay,,,
Klassik,GamePlay,,,
Lady Luck (GamePlay),GamePlay,,,
Lantern Festival (GamePly),GamePlay,,,
Bon Bon Bonanza,OpenBet,96.98,96.98,
Little Monsters,GamePlay,94.99,94.99,
Mafia (GamePlay),GamePlay,,,
Panda (GamePlay),GamePlay,,,
Pharaoh (GamePlay),GamePlay,,,
Free Spin City,Betdigital,94.0,94.0,
Pots O'luck (Betdigital),Betdigital,94.29,94.29,
Zeus God of Thunder,WMS,96.01,96.05,96.05
Fire & Steel,Betsoft,95.12,95.12,
Trolls Bridge (Yggdrasil),Yggdrasil,96.0,96.3,96.3
Phoenix (GamePlay),GamePlay,,,
Pirate's Treasure (GamePlay),GamePlay,,,
Qixi Festival,GamePlay,96.0,96.0,
Super Pots Bar-X,Betdigital,88.97,94.29,94.29
Reel Catch,Novomatic,,,
Fruits'n Sevens deluxe,Novomatic,,,
Sorceress,Novomatic,,,
Stories of Infinity,Novomatic,,,
Queen Bee,GamePlay,96.0,96.0,
Roman Empire (GamePlay),GamePlay,,,
Samurai Sushi,GamePlay,97.01,97.01,
Sweet Treats (GamePlay),GamePlay,96.5,96.5,
Route 66,KA Gaming,95.91,95.91,
The Monkey King (GamePlay),GamePlay,94.29,94.29,
The Nutcracker (GamePlay),GamePlay,,,
The Red Chamber,GamePlay,,,
Black Dragon,Inspired Gaming,94.86,94.86,
7UP! (G.Games) Game ᐈ Game Info + Where to play,G.Games,92.09,92.09,
Centurion,Inspired Gaming,95.0,95.0,
Three Kingdoms (GamePlay),GamePlay,,,
Tokyo Hunter,GamePlay,95.0,95.0,
Underwater World,GamePlay,95.3,95.3,
Centurion Free Spins Demo & Slot Review 2025,Inspired Gaming,95.0,95.0,
20p Slot,Inspired Gaming,95.0,95.0,
Atlantis: City of Destiny,Inspired Gaming,95.0,96.0,96.0
Delhi the Elephant,Inspired Gaming,95.0,95.0,
Fire Goddess (Inspided Gaming),Inspired Gaming,95.0,95.0,
Henry VIII,Inspired Gaming,96.1,96.1,
I Heart Puppies,CR Games,95.0,95.0,
World of Warlords,GamePlay,95.17,95.17,
Cleopatra (GamePlay),GamePlay,95.0,95.0,
Burning Reels,Wazdan,96.63,96.63,
World Soccer (GamePlay),GamePlay,,,
Kingdom Of Fortune (Blueprint),Blueprint,95.96,95.96,
Zeus King of Gods,GamePlay,,,
Mike Tyson Knockout,Inspired Gaming,94.7,94.7,
Angel or Devil,Ash Gaming,94.16,94.16,
Aztec Gold Fortune of the Gods,Ash Gaming,95.993,95.993,
Coffin up the Cash,Ash Gaming,,,
Fortune Spinner,Ash Gaming,96.15,96.15,
Fruit Madness,Ash Gaming,94.26,94.26,
Gin Joint Jackpot,Ash Gaming,91.59,91.59,
Gold Rush Showdown,Ash Gaming,97.6,97.6,
Jackpot GT Race to Vegas,Ash Gaming,94.9,94.9,
Jewels of Atlantis,Ash Gaming,,,
Life of Leisure,Ash Gaming,92.0,92.0,
Midas Millions,Ash Gaming,94.03,94.03,
Mini Dragons,Ash Gaming,95.51,95.51,
Rise of Anubis,Inspired Gaming,95.0,95.0,
Nags to Riches,Ash Gaming,93.49,93.49,
Open Sesame (Ash Gaming),Ash Gaming,,,
Pharaohs Treasure (PlayPearls),PlayPearls,,,
Respinner,Ash Gaming,92.59,92.59,
Sensible Soccer: Euro Cup,Ash Gaming,,,
Birdz (Games Warehouse),Games Warehouse,95.42,95.42,
Time For a Deal,SUNFOX Games,95.0,95.0,
The War of the Worlds,Ash Gaming,94.0,94.0,
Time Machine (Ash),Ash Gaming,,,
Viva Las Vegas (Ash Gaming),Ash Gaming,,,
Viva Las Vegas Classic,Ash Gaming,,,
Chic Boutique,NeoGames,93.5,93.5,
Whale of Fortune (Ash Gaming),Ash Gaming,,,
The X Factor Jackpot,Ash Gaming,92.35,92.35,
The X Factor Platinum,Ash Gaming,,,
Zodiac Zillions,Ash Gaming,,,
Cash! Bang! Wallop!,Ash Gaming,94.0,94.0,
Slotris,Ash Gaming,,,
The Guardians,Inspired Gaming,95.0,95.0,
Circus Mania,NeoGames,93.5,93.5,
Dino (NeoGames),NeoGames,,,
Lulu & Luigi,IGT,,,
Legends of Fire and Water,IGT,,,
I Love Kittens,Inspired Gaming,95.0,95.0,
Mayana,Quickspin,96.63,96.63,
Dolphin Gold with Stellar Jackpots,Lightning Box,96.32,96.32,
Dragon's Gold (NeoGames),NeoGames,93.5,93.5,
Fantasia,NeoGames,93.5,93.5,
Graveyard Party,NeoGames,93.0,93.0,
Lightning Squad,Inspired Gaming,94.79,94.79,
The Fabric 4,Inspired Gaming,94.4,94.4,
Tiki Tastic,Inspired Gaming,95.0,95.0,
Shamrock Lock,Inspired Gaming,95.0,96.5,96.5
Super Hot Fruits Demo & Review,Inspired Gaming,94.0,94.0,
Magic Dice (NeoGames),NeoGames,93.5,93.5,
Music Room,NeoGames,93.5,93.5,
Pub House,NeoGames,93.5,93.5,
Spirit of the Samurai,Inspired Gaming,95.0,95.0,
Legends of Greece,Genii,91.1,91.1,
Legends of Olympia,Genii,90.2,90.2,
Mermaid Serenade,Genii,,,
Minted Sevens,Genii,,,
Monkey Business (Genii),Genii,,,
Nascash,Genii,93.3,93.3,
Peek Physique,Genii,93.3,93.3,
Pina Nevada,Genii,89.8,89.8,
Purse of the Mummy,Genii,89.8,89.8,
Reef Encounter,Genii,90.2,90.2,
Reelin' & Rockin',Genii,90.6,90.6,
Reels of Rock,Genii,91.3,91.3,
Rising Sun,Genii,91.1,91.1,
Road Trip (Genii),Genii,95.5,95.5,
Tails Of New York,Genii,93.2,93.2,
Lucky Bakery,Foxium,96.02,96.02,
Fruitz,Foxium,96.96,96.96,
Big Time Journey,Foxium,,,
Aladin's Lamp,Cayetano Gaming,95.07,95.07,
Ali Baba's Treasure,Cayetano Gaming,95.09,95.09,
Bomb The Jackpot,Cayetano Gaming,94.41,94.41,
Bullfight,Cayetano Gaming,93.64,93.64,
Dragons Wild,Cayetano Gaming,95.03,95.03,
Easter Money,Cayetano Gaming,94.16,94.16,
Fruit Stack,Cayetano Gaming,96.28,96.28,
Fruit Stack Deluxe,Cayetano Gaming,94.04,94.04,
Fruit Stack Locked Gold,Cayetano Gaming,92.19,92.19,
Fire N' Fortune,2by2 Gaming,95.99,95.99,
Gold'Erado,Cayetano Gaming,95.68,95.68,
Golden Leprechaun,Cayetano Gaming,94.19,94.19,
Monopoly Bring the House Down,Barcrest,96.1,96.1,
Mystery 7s (iSoftBet),iSoftBet,97.4,97.4,
Golden Thunder,Cayetano Gaming,95.62,95.62,
Captain Cashfall,CORE Gaming,94.86,94.86,
Venice Magic,Side City,96.18,96.18,
Indian Princess,Cayetano Gaming,94.78,94.78,
Irish Clover,Cayetano Gaming,95.02,95.02,
Osiris,GamesLab,97.094,97.094,
Japanese Mystery,Cayetano Gaming,92.27,92.27,
Jousting Wilds,Cayetano Gaming,94.62,94.62,
Little Red Riding Hood (Cayetano Gaming),Cayetano Gaming,95.02,95.02,
Lucky Cabaret,Cayetano Gaming,94.11,94.11,
Paddy's Luck Mine,Cayetano Gaming,93.62,93.62,
Magic Fairies (Cayetano Gaming),Cayetano Gaming,93.9,93.9,
Mayan Mystery,Cayetano Gaming,91.84,91.84,
Moon Princess,Play'n Go,94.51,94.51,
Rainbow Riches Original,Barcrest,95.0,95.0,
Boogie Monsters,Games Global,95.7,95.7,
Monopoly Big Money Reel,WMS,95.95,95.95,
Sun Chief,Ainsworth,94.06,94.06,
Mississippi Queen,Cayetano Gaming,94.75,94.75,
Shooting Stars: Supernova,Mazooma,96.11,96.11,
Money Night,Cayetano Gaming,94.61,94.61,
Monte Carlo Racing,Cayetano Gaming,93.68,93.68,
Age of Privateers,Novomatic,94.0,94.0,
Mr and Mrs Diamonds,Cayetano Gaming,94.77,94.77,
Golden Sevens Deluxe,Novomatic,95.0,95.0,
Sky of Thunder,StakeLogic,95.0,95.0,
Persian Glory,Cayetano Gaming,92.41,92.41,
Pyramid Gold,Cayetano Gaming,95.17,95.17,
Rhino Rumble,Cayetano Gaming,94.46,94.46,
Roman Gold,Cayetano Gaming,94.0,94.0,
Ruby Walsh Champion's Gold,Cayetano Gaming,94.26,94.26,
Safari Dream,Cayetano Gaming,94.15,94.15,
Santa's Spins (Cayetano Gaming),Cayetano Gaming,94.47,94.47,
Sinbad's Gold,Cayetano Gaming,95.37,95.37,
Sphinx Gold,Cayetano Gaming,94.75,94.75,
Thai Thai,Cayetano Gaming,94.79,94.79,
Viking Thunder (Cayetano Gaming),Cayetano Gaming,93.66,93.66,
Wild Sheriff (Cayetano Gaming),Cayetano Gaming,94.35,94.35,
Atlantis Treasure,Mazooma,95.0,95.0,
Rumble in the Jungle,Mazooma,95.0,95.0,
Little Devil,Mazooma,95.0,95.0,
Coral Island,Amusnet,96.22,96.22,
Like a Diamond,Amusnet,96.08,96.08,
Hidden,ELK Studios,96.3,96.3,
The Munchies,Genesis,96.77,96.77,
Night of Sevens,Genesis,97.26,97.26,
7 Dwarfs' Diamonds,Cayetano Gaming,90.81,90.81,
Asian Riches,Cayetano Gaming,94.25,94.25,
Ball Of Shame,Cayetano Gaming,94.72,94.72,
Beauty's Beast,Cayetano Gaming,95.05,95.05,
Big 7 (Cayetano Gaming),Cayetano Gaming,96.63,96.63,
Castle Pillager,Cayetano Gaming,94.36,94.36,
Diamond Dice,Cayetano Gaming,95.03,95.03,
Disco Fruits (Cayetano Gaming),Cayetano Gaming,96.96,96.96,
Don's Millions,Cayetano Gaming,95.92,95.92,
Egyptian Wilds,Cayetano Gaming,95.32,95.32,
Froot Shoot,Cayetano Gaming,95.23,95.23,
Fun Fair,Cayetano Gaming,92.88,92.88,
Gold Bars Nudge,Cayetano Gaming,97.08,97.08,
Gypsy Luck,Cayetano Gaming,94.13,94.13,
HalloWin (Cayetano Gaming),Cayetano Gaming,94.92,94.92,
Leonidas,Incredible Technologies,94.25,94.25,
Magic Money,Cayetano Gaming,95.38,95.38,
Marines,Cayetano Gaming,93.92,93.92,
Nudging Gems,Cayetano Gaming,96.04,96.04,
Paddy Power Fan-atics,Cayetano Gaming,94.6,94.6,
Paddy Power Gold,Cayetano Gaming,94.19,94.19,
Paradise Treasures,Cayetano Gaming,94.87,94.87,
Pharaoh's Diamonds,Cayetano Gaming,95.0,95.0,
Pirates,Cayetano Gaming,90.15,90.15,
Red Emperor,Cayetano Gaming,93.54,93.54,
Russian Glory,Cayetano Gaming,94.13,94.13,
Solar Snap,Cayetano Gaming,94.6,94.6,
Time Warp,Cayetano Gaming,95.06,95.06,
Totem's Wild,Cayetano Gaming,97.57,97.57,
Wild Bugs,Cayetano Gaming,92.49,92.49,
Changing Fate 40,Novomatic,,,
Apollo God of The Sun (Green Tube),Greentube,96.02,96.02,
Mistress of Fortune,Blueprint,94.95,94.95,
Full Metal Dragon,Games Warehouse,95.49,95.49,
Jackpots of Goo,Games Warehouse,95.52,95.52,
Single Zero Roulette (NextGen) Game ᐈ Free demo game!,NextGen,,,
Spinner Takes All,Games Warehouse,95.5,95.5,
Robo Bucks Garage,Games Warehouse,95.5,95.5,
Dr Frantic and the Monster Spins,Games Warehouse,95.49,95.49,
Lucky's Empire,Games Warehouse,95.12,95.12,
The Buzz Slots,Games Warehouse,95.49,95.49,
Castles in the Clouds,Games Warehouse,95.7,95.7,
Ella Mental,Games Warehouse,95.72,95.72,
Project Pandora,Games Warehouse,95.46,95.46,
Frozen Fruits (Games Warehouse),Games Warehouse,96.0,96.0,
Notre Dame,Mazooma,92.9,92.9,
Odds of the Gods,Mazooma,95.0,95.0,
Ronnie O'Sullivan,Mazooma,94.97,94.97,
Egyptian Treasures (Mazooma),Mazooma,95.05,95.05,
Dragons Wildfire,Mazooma,95.0,95.0,
Count Yer Cash,Mazooma,95.02,95.02,
Legend of Triton,Inspired Gaming,95.0,95.0,
Colossus Fracpot,CORE Gaming,95.11,95.11,
Totem Treasures,Inspired Gaming,96.1,96.1,
Cashdrop,OpenBet,95.16,95.16,
Diamond Goddess,OpenBet,95.43,95.43,
Pixie Wings,Pragmatic Play,95.66,95.66,
Jungle Bucks,OpenBet,96.0,96.0,
Mega Pots Bar X Gold Demo & Slot Review,OpenBet,94.29,94.29,
Monster Cash,OpenBet,96.0,96.0,
Fortune Teller (Amaya),Amaya,96.0,96.0,
Astro Fruits,OpenBet,95.05,95.05,
Big Top Extravaganza,OpenBet,94.38,94.38,
Jade Idol,Amaya,94.5,94.5,
Cash Machine (OpenBet),OpenBet,96.48,96.48,
Battle of the Atlantic,OpenBet,94.05,95.4,95.4
Medusa 2 HQ,NextGen,97.07,97.07,
Day at the Races,OpenBet,93.25,93.25,
Dead Mans Chest,OpenBet,95.54,95.54,
Fortune of the Gods,Blueprint,95.6,95.6,
Cash Cow (Revolver Gaming),Revolver Gaming,,,
Festival of Lights,Blueprint,95.82,95.82,
Jackpot Gems,Blueprint,96.1,96.1,
The Penguins: World Tour,Blueprint,90.18,90.18,
Prospector,Blueprint,95.71,95.71,
Senor Burrito,Blueprint,92.02,92.02,
Evel Knievel,Blueprint,95.0,95.0,
Codex,Vibra Gaming,96.14,96.14,
Joker 10000,Betdigital,92.0,97.0,96.5
Wild Jewels,Betdigital,94.0,94.0,
Merlins Millions Superbet HQ,NextGen,95.076,95.631,95.631
Wolf Money Xtra Choice,High Flyer Games,95.0,95.0,
Jungle Queen (Greentube),Novomatic,95.0,95.0,
Neopolis,R. Franco,95.937,95.937,
Pets Payday,Revolver Gaming,95.02,95.02,
Fairground Fortunes Clowny's,Psiclone Games,,,
Rich Pickin's,Eyecon,95.25,95.25,
Rich and Famous,Ash Gaming,94.54,94.72,94.72
Macau Fortune,Red7,86.788,95.722,95.722
Mayfair Magic (Red7),Red7,95.622,95.641,95.641
Dinoworld,Red7,95.85,95.85,
Jelly Bear Athletics,Red7,95.08,95.08,
Monte Cristo Game ᐈ Game Info + Where to play,Amaya,95.0,95.0,
Native Treasure,Amaya,94.0,94.0,
Congo Bongo (Amaya),Amaya,94.5,94.5,
Enchanted Fairy,WMS,96.03,96.03,
Li'l Red Riches,WMS,95.94,95.94,
Reel Rich Devil,WMS,96.05,96.05,
Indian Dream,Amaya,95.61,95.61,
"The 50,000 Pyramid",IGT,95.01,95.01,
White Knight,Inspired Gaming,95.0,95.0,
Battleship (IGT),IGT,95.0,95.0,
Backyard Gold,Gameiom,94.13,94.13,
Dou Di Zhu,Aspect Gaming,93.98,93.98,
Dragon Gate (Aspect Gaming),Aspect Gaming,94.3,94.3,
Bull Stampede,KA Gaming,94.0,94.0,
The Magic Brush,Aspect Gaming,94.24,94.24,
"Ghost Pirates The 100,000 Quest",SkillOnNet,94.9,94.9,
Golden TV,SkillOnNet,95.2,95.2,
Happy 60s,SkillOnNet,94.6,94.6,
High Gear,SkillOnNet,,,
Hot Wheels (SkillOnNet),SkillOnNet,79.0,95.06,95.06
"Juke Box 10,000",SkillOnNet,93.3,93.3,
"Juke Box 50,000",SkillOnNet,93.88,95.79,95.79
Kiss The Sky Climbing Slot,SkillOnNet,95.8,95.8,
Cave Raiders HD,Nektan,96.3,96.3,
Lucky Bomber,GamePlay,96.0,96.0,
Limo Party,SkillOnNet,95.49,95.49,
Love Machine,SkillOnNet,90.0,95.9,90.0
Magic & Wonders,SkillOnNet,,,
Mars Odyssey,SkillOnNet,57.0,95.5,95.5
Motor Slot Speed Machine,SkillOnNet,91.9,91.9,
Ninja Master,SkillOnNet,95.9,95.9,
Olympic Winners,SkillOnNet,,,
Paradise Beach (SkillOnNet),SkillOnNet,96.0,96.0,
Pirates Treasure Hunt,SkillOnNet,95.2,95.2,
Planet Zodiac,SkillOnNet,95.04,95.04,
Professor Bubbles,SkillOnNet,97.7,97.7,
Safe Hackers,SkillOnNet,,,
Secret Agent The Reel Story,SkillOnNet,95.5,95.5,
Steam Punk Luck,SkillOnNet,93.9,93.9,
Sweets Insanity,SkillOnNet,92.8,92.8,
Tattoo Mania,SkillOnNet,96.8,96.8,
Full Moon Romance,Thunderkick,96.1,96.1,
Classic Thai Sunrise,NextGen,94.44,94.44,
Funny Money (NextGen),NextGen,,,
Voodoo Dollars,NextGen,,,
Alice in Bonusland,NextGen,,,
Dungeons and Dragons: Treasures of Icewind Dale,IGT,97.0,97.0,
Classic Platinum Pyramid,NextGen,94.45,94.45,
Lobstermania,IGT,94.9,94.9,
Aztec Rising,Eyecon,95.06,95.06,
Beez Kneez,Eyecon,95.0,95.0,
Doubleup Ducks,Eyecon,94.9,94.9,
A Girls Night Out,Playtech,,,
Around the World in 80 Plays,Psiclone Games,,,
Castle Cashalot,Playtech,94.4,94.4,
Choco Munch,Playtech,95.0,95.0,
Clover Rollover,Playtech,93.0,93.0,
Double Juicy,Playtech,95.35,95.35,
Money Back Special,Playtech,,,
Captain Black Bart's Treasure,Chance Interactive,95.56,95.56,
Cops 'n' Robbers Safecracker (Mazooma),Mazooma,95.02,95.02,
Lightning Gems,NextGen,96.48,96.48,
The Bees Buzz,SkillOnNet,95.7,95.7,
Wild Run,NextGen,96.19,96.19,
The Great White,SkillOnNet,95.63,95.63,
The Reel Deal,SkillOnNet,95.7,96.0,96.0
Tropical Juice,SkillOnNet,96.7,96.7,
Troy Super Spin,SkillOnNet,94.98,94.98,
Under Water Diving Slot,SkillOnNet,94.8,94.8,
Underwater Cowboy,SkillOnNet,91.6,91.6,
Vampires Feast Super Spin,SkillOnNet,,,
Vegas 6000,SkillOnNet,,,
Wild Crystal Arrows,SkillOnNet,93.6,93.6,
"Wizard Of Odds 100,000",SkillOnNet,95.5,95.5,
Zombie Bar Slots,SkillOnNet,95.4,95.4,
777 Diamonds,MrSlotty,94.0,94.0,
Aztec Pyramids,MrSlotty,94.0,94.0,
Classic 7 Fruits,MrSlotty,94.0,94.0,
Cleopatra 18+,MrSlotty,94.0,94.0,
Crazy Halloween,MrSlotty,94.0,94.0,
Dolphins Gold,MrSlotty,94.0,94.0,
Electric 7 Fruits,MrSlotty,94.0,94.0,
Emoji Slot,MrSlotty,94.0,94.0,
The Legend of Shangri-La: Cluster Pays,NetEnt,96.59,96.59,
Enchanted 7s,MrSlotty,94.0,94.0,
Fruit Cocktail 7,MrSlotty,94.0,94.0,
Gold Miners (MrSlotty),MrSlotty,94.0,94.0,
Golden Joker Dice,MrSlotty,94.0,94.0,
Golden 7 Fruits,MrSlotty,94.0,94.0,
Hot Honey 22,MrSlotty,94.0,94.0,
Hot Honey 22 VIP,MrSlotty,94.0,94.0,
Insects 18+,MrSlotty,94.0,94.0,
Joker Cards,MrSlotty,94.0,94.0,
Joker Dice,MrSlotty,94.0,94.0,
Lion The Lord,MrSlotty,94.0,94.0,
Mars Dinner,MrSlotty,94.0,94.0,
Meme Faces,MrSlotty,94.0,94.0,
Mermaid Gold,MrSlotty,94.0,94.0,
Monster Birds,MrSlotty,94.0,94.0,
Monsterinos,MrSlotty,94.0,94.0,
No More Fruits,MrSlotty,94.0,94.0,
PandaMEME,MrSlotty,94.0,94.0,
Royal 7 Fruits,MrSlotty,94.0,94.0,
She/He Beach,MrSlotty,94.0,94.0,
She/He Club,MrSlotty,94.0,94.0,
Super Dragons Fire,MrSlotty,94.0,94.0,
Leprechaun goes to Hell,Play'n Go,96.54,96.54,
Treasures of Egypt (MrSlotty),MrSlotty,94.0,94.0,
Trendy Skulls,MrSlotty,94.0,94.0,
Troll Faces,MrSlotty,94.0,94.0,
Tropical7Fruits,MrSlotty,94.0,94.0,
Unicorn Gems,MrSlotty,94.0,94.0,
Vegas AfterParty,MrSlotty,94.0,94.0,
Wild7Fruits,MrSlotty,94.0,94.0,
Zeus the Thunderer (MrSlotty),MrSlotty,94.0,94.0,
Zeus the Thunderer II,MrSlotty,94.0,94.0,
Super 6 (RTG),RTG,95.0,95.0,
108 Heroes Multiplier Fortunes,Triple Edge Studios,96.15,96.15,
All Ways Fruits,Amatic Industries,96.0,96.0,
Bells On Fire,Amatic Industries,96.0,96.0,
Devil's Heat,Booming Games,4.92,95.08,95.08
Bar Star,CORE Gaming,95.0,95.0,
Lucky Fruits (Vibra Gaming),Vibra Gaming,85.0,85.0,
Lucky Birds,Playson,,,
Goal! (Realistic),Realistic,95.15,95.15,
Top Reels,Realistic,95.55,95.55,
El Torero,Reel Time Gaming,96.08,96.08,
Casino Island,PAF,96.9,96.9,
Casino Island Deluxe,PAF,,,
Casino Island II,PAF,96.9,96.9,
Golden Koi Pull Tab Game ᐈ Game Info + Where to play,Realistic,95.0,95.0,
Sunken Treasure Pull Tab Game ᐈ Game Info + Where to play,Realistic,95.0,95.0,
Diamonds and Rubies Pull Tab,Realistic,95.0,95.0,
Pot Luck Pull Tab Game ᐈ Game Info + Where to play,Realistic,95.0,95.0,
Caishen's Gold,Pragmatic Play,95.5,95.5,
Dynamite Digger,Playtech,95.52,95.52,
George and the Dragon,Playtech,94.4,94.4,
Hollywood Boulevard,Playtech,93.0,93.0,
Jewel Mine,Playtech,95.0,95.0,
Jungle Madness,Playtech,93.0,93.0,
Lucky Ladies 88,Playtech,93.0,93.0,
Mafia Millions,Playtech,93.0,93.0,
Marine Mayhem Mini,Playtech,93.0,93.0,
Pet Luck,Playtech,93.0,93.0,
Rich Treats,Playtech,94.65,94.65,
Snow Queens Magic,Playtech,93.0,93.0,
Tarot Fortune,Playtech,93.0,93.0,
Thor's Thunder (Playtech),Playtech,93.0,93.0,
Zodiac Supernova,Playtech,95.0,95.0,
Paradise Suite,PAF,96.49,96.49,
Rooster,Spinmatic,96.66,96.66,
Fluffy Favourites Slot Review & Free Demo,Eyecon,95.39,95.39,
Fluffy Too,Eyecon,95.39,95.39,
Fireworks Frenzy,Eyecon,94.94,94.94,
Happy Mushroom,Eyecon,95.06,95.06,
Imperial Destiny,Eyecon,95.4,95.4,
Jewel Journey,Eyecon,95.211,95.211,
Kingdom of Cash,Eyecon,95.38,95.38,
Piggy Payout,Eyecon,95.0,95.0,
Shaman's Dream,Eyecon,95.44,95.44,
Sugar Train,Eyecon,95.06,95.06,
Temple of Iris,Eyecon,95.0,95.0,
White Wizard,Eyecon,94.94,94.94,
White Wizard Deluxe,Eyecon,96.0,96.0,
12 Zodiacs,Habanero,96.1,96.1,
Arcane Elements,Habanero,96.06,96.06,
Bombs Away,Habanero,96.0,96.0,
Fa Cai Shen (Habanero),Habanero,96.0,96.0,
Crazy Genie,Red Tiger,95.22,95.22,
Neon Jungle,Iron Dog Studio,96.13,96.13,
Coyote Crash,Habanero,96.02,96.02,
Dragon Castle,Habanero,94.03,94.03,
Paws of Fury,Blueprint,95.16,95.16,
Books and Bulls,Gamomat,96.11,96.11,
Fort Brave,Bally Wulff,96.0,96.0,
King of the Jungle (Gamomat),Gamomat,,,
Mighty Dragon,Bally Wulff,96.14,96.14,
Old Fisherman,Bally Wulff,96.11,96.11,
Black Gold Rush,SkillOnNet,,,
Cleopatra's Secrets,SkillOnNet,94.0,94.0,
Vampires Feast (SkillOnNet),SkillOnNet,94.1,94.1,
Wild West Bounty (SkillOnNet),SkillOnNet,95.7,95.7,
Phantom's Mirror,Bally Wulff,96.12,96.12,
Savanna Moon,Gamomat,96.13,96.13,
Dragon's Throne,Habanero,96.04,96.04,
Frontier Fortunes,Habanero,93.58,93.58,
Wild Gladiators,Pragmatic Play,94.07,94.07,
Gangsters,Habanero,96.0,96.0,
Indian Cash Catcher,Habanero,96.02,96.02,
8 Lucky Charms,Spinomenal,97.4,97.4,
9 Figures Club,Spinomenal,95.0,95.0,
Amigos Fiesta,Spinomenal,97.51,97.51,
Atlantic Treasures,Spinomenal,96.68,96.68,
Bikers Gang,Spinomenal,96.44,96.44,
Blazing Tires,Spinomenal,96.0,96.0,
Candy Slot Twins,Spinomenal,95.0,95.0,
Kane's Inferno,Habanero,94.04,94.04,
Cats Gone Wild,Spinomenal,95.0,95.0,
Code Name: Jackpot,Spinomenal,97.51,97.51,
Demi Gods,Spinomenal,97.4,97.4,
Roman Empire (Habanero Systems),Habanero,96.05,96.05,
Ruffled Up,Habanero,96.0,96.0,
Sparta (Habanero),Habanero,96.05,96.05,
Super Twister,Habanero,96.0,96.0,
Wicked Witch,Habanero,95.98,95.98,
The Dead Escape,Habanero,95.92,95.92,
Panda Panda,Habanero,96.24,96.24,
Bird of Thunder,Habanero,96.06,96.06,
Koi Gate,Habanero,96.26,96.26,
Fire Rooster,Habanero,96.14,96.14,
Fenghuang,Habanero,96.29,96.29,
Jugglenaut,Habanero,95.98,95.98,
Ocean's Call,Habanero,96.0,96.0,
Valley Of The Gods,Yggdrasil,96.2,96.2,
Zeus 2 (Habanero),Habanero,96.04,96.04,
Gold Rush (Habanero Systems),Habanero,96.0,96.0,
Galactic Cash (Habanero),Habanero,95.92,95.92,
Diner of Fortune,Spinomenal,97.2,97.2,
Eat Them All,Spinomenal,95.0,95.0,
Buggy Bonus,Habanero,96.1,96.1,
Treasure Tomb (Habanero),Habanero,96.0,96.0,
Treasure Diver (Habanero Systems),Habanero,96.0,96.0,
Carnival Cash,Habanero,95.96,95.96,
Monster Mash Cash,Habanero,96.0,96.0,
Egyptian Adventure,Spinomenal,96.44,96.44,
Egyptian Rebirth,Spinomenal,96.6,96.6,
Little Green Money,Habanero,96.0,96.0,
Viking's Plunder,Habanero,96.13,96.13,
Dr Feelgood,Habanero,96.02,96.02,
Blackbeard's Bounty (Habanero),Habanero,96.19,96.19,
Weird Science,Habanero,95.87,95.87,
Pool Shark,Habanero,95.84,95.84,
S.O.S!,Habanero,96.18,96.18,
Zeus (Habanero Systems),Habanero,96.03,96.03,
Pamper Me,Habanero,95.98,95.98,
Exploding Pirates,Spinomenal,96.8,96.8,
Farm of Fun,Spinomenal,96.2,96.2,
Dirty Dancing,Playtech,94.49,94.49,
Forbidden Slot,Spinomenal,95.0,95.0,
Leonardo's Code,Novomatic,95.0,95.0,
Forest Harmony,Spinomenal,97.4,97.4,
7 Oceans,Games Global,97.0,97.0,
Ant and Dec's Saturday Night Takeaway,Games Global,96.71,96.71,
Big 5,Games Global,92.26,92.26,
Cherry Red,Games Global,95.6,95.6,
Chief's Magic,Games Global,94.33,94.33,
Cracker Jack,Games Global,94.99,94.99,
Space Fortune,Habanero,95.65,95.65,
Crazy Crocs (Games Global),Games Global,94.5,94.5,
Cutesy Pie,Games Global,95.93,95.93,
Jungle Rumble (Habanero),Habanero,95.65,95.65,
Super Strike,Habanero,96.02,96.02,
Barnstormer Bucks,Habanero,96.03,96.03,
Bikini Island,Habanero,96.15,96.15,
Tower Of Pizza,Habanero,96.41,96.41,
Mystic Fortune Slot Review & Free Demo,Habanero,96.0,96.0,
Mr Bling,Habanero,96.0,96.0,
Flying High,Habanero,96.0,96.0,
Fortune Keepers,Spinomenal,97.27,97.27,
Giovanni's Gems,Betsoft,94.94,94.94,
Double Dose,Games Global,95.58,95.58,
Fairy Ring,Games Global,95.03,95.03,
Floridita Fandango,Games Global,95.93,95.93,
Fortuna (Microgaming),Games Global,94.95,94.95,
Gladiators Gold,Games Global,95.89,95.89,
I'm a Celebrity Get Me Out of Here,Games Global,95.23,95.23,
Cash Reef (Habanero),Habanero,96.16,96.16,
I'm a Celebrity... Original,Games Global,96.49,96.49,
Sir Blingalot,Habanero,96.06,96.06,
Thousand Islands,Games Global,95.58,95.58,
Twister (Games Global),Games Global,95.88,95.88,
Kung Fu Cash,Games Global,93.75,93.75,
Golden Chief,Barcrest,96.02,96.02,
Pucker Up Prince,Habanero,96.0,96.0,
Golden Unicorn,Habanero,96.11,96.11,
Grape Escape,Habanero,95.15,95.15,
Ride 'em Cowboy,Habanero,96.0,96.0,
Shogun's Land,Habanero,94.4,94.4,
The Big Deal (Habanero),Habanero,96.0,96.0,
Sky's the Limit,Habanero,96.08,96.08,
Rodeo Drive,Habanero,96.04,96.04,
Haunted House (Habanero Systems),Habanero,96.14,96.14,
Disco Funk,Habanero,96.09,96.09,
Cashosaurus,Habanero,95.96,95.96,
Arctic Wonders,Habanero,96.0,96.0,
All For One,Habanero,96.0,96.0,
Double O Dollars,Habanero,95.98,95.98,
Aztlan's Gold,Habanero,96.0,96.0,
Dragon's Realm,Habanero,96.0,96.0,
Egyptian Dreams,Habanero,96.08,96.08,
King Tut's Tomb,Habanero,96.0,96.0,
Mummy Money,Habanero,95.97,95.97,
Queen of Queens,Habanero,96.0,96.0,
Pirate's Plunder (Habanero Systems),Habanero,96.02,96.02,
Queen of Queens II,Habanero,96.03,96.03,
Shaolin Fortunes,Habanero,96.02,96.02,
Shaolin Fortunes 100,Habanero,96.3,96.3,
Jungle Books,Yggdrasil,96.1,96.1,
Greedy Servants,Spinomenal,97.2,97.2,
Hawaii Vacation,Spinomenal,92.71,92.71,
Irish Charms (Spinomenal),Spinomenal,96.6,96.6,
Iron Assassins,Spinomenal,97.2,97.2,
Jade Connection,Spinomenal,95.46,95.46,
Live Slot,Spinomenal,92.16,92.16,
Loot A Fruit,Spinomenal,96.44,96.44,
Lucky Miners,Spinomenal,96.01,96.01,
Master Panda,Spinomenal,96.23,96.23,
Nuts Commander,Spinomenal,96.43,96.43,
Santa's Wild Helpers,Spinomenal,96.6,96.6,
Scattered skies,Spinomenal,93.13,93.13,
Pond Of Koi,Spinomenal,97.19,97.19,
Power Pups Heroes,Spinomenal,97.4,97.4,
Precious Treasures,Spinomenal,96.0,96.0,
Reel Circus,Spinomenal,96.0,96.0,
Reel Fighters,Spinomenal,95.0,95.0,
Royal Win,Spinomenal,95.0,95.0,
Safari Samba,Spinomenal,95.0,95.0,
Samurais Path,Spinomenal,96.5,96.5,
Scattered to hell,Spinomenal,93.13,93.13,
Secret Potion,Spinomenal,96.8,96.8,
Shogun bots,Spinomenal,96.01,96.01,
Slot bound,Spinomenal,97.1,97.1,
Slotsaurus,Spinomenal,92.23,92.23,
Soccer Babes,Spinomenal,92.23,92.23,
Steaming Reels,Spinomenal,92.16,92.16,
Stinky socks,Spinomenal,97.4,97.4,
Strip to win,Spinomenal,97.248,97.248,
Surprising 7,Spinomenal,96.0,96.0,
Tennis Champions,Spinomenal,95.72,95.72,
Terracota Wilds,Spinomenal,92.75,92.75,
Toys of Joy,Spinomenal,96.0,96.0,
Undying Passion,Spinomenal,92.71,92.71,
Viking's Glory,Spinomenal,97.0,97.0,
Wacky monsters,Spinomenal,97.3,97.3,
Wealth of monkeys,Spinomenal,93.13,93.13,
Wild Wild Spin,Spinomenal,96.0,96.0,
Wish List,Spinomenal,96.47,96.47,
Year of Luck,Spinomenal,97.063,97.063,
Year of the monkey (Spinomenal),Spinomenal,92.23,92.23,
Zombie slot mania,Spinomenal,97.0,97.0,
Very Big Goats,Spinomenal,96.44,96.44,
Golden Dynasty (Spinomenal),Spinomenal,93.47,93.47,
Fire & Ice (Spinomenal),Spinomenal,97.4,97.4,
May Dance Festival,Spinomenal,96.12,96.12,
88 Lucky Charms,Spinomenal,93.47,93.47,
Peony Ladies,Spinomenal,96.47,96.47,
Super Mask Game ᐈ Game Info + Where to play,Spinomenal,91.83,91.83,
Empires Warlords,Spinomenal,97.063,97.063,
Gods Of Slots,Spinomenal,97.0,97.0,
Alice in Wonderland (BetConstruct),BetConstruct,,,
Cold As Ice,BF games,96.0,96.0,
Continent Africa,BF games,96.22,96.22,
Dark Carnivale,BF games,96.15,96.15,
Energy Fruits,BF games,96.01,96.01,
Energy Stars,BF games,96.01,96.01,
Fresh Fortune,BF games,98.05,98.05,
Fruitastic (BF games),BF games,96.18,96.18,
Golden Lamp,BF games,96.12,96.12,
Golden New World,BF games,96.17,96.17,
Jazz Spin,BF games,98.05,98.05,
Jewels World,BF games,96.24,96.24,
Joker Spin,BF games,96.22,96.22,
Mad Men and Nuclear War,BF games,96.07,96.07,
Magic Queens,BF games,96.14,96.14,
Ocean Reef,BF games,96.12,96.12,
Pharaohs and Aliens,BF games,96.21,96.21,
Arcade,Wazdan,96.62,96.62,
Back to the 70s,Wazdan,96.47,96.47,
Beach Party Hot,Wazdan,96.24,96.24,
Bell Wizard,Wazdan,96.5,96.5,
Black Hawk,Wazdan,96.23,96.23,
Black Horse,Wazdan,96.07,96.07,
Burning Stars (Wazdan),Wazdan,96.5,96.5,
Captain Shark,Wazdan,96.25,96.25,
Colin the Cat,Wazdan,96.1,96.1,
Crazy Cars,Wazdan,96.27,96.27,
Criss Cross 81,Wazdan,96.29,96.29,
Beach Party (Wazdan),Wazdan,96.37,96.37,
Pyramid Treasure,BF games,85.75,85.75,
Rich Castle,BF games,96.24,96.24,
Riches from the Deep,BF games,96.15,96.15,
Rome Warrior (BF games),BF games,,,
Royal Crown (BF games),BF games,,,
Star Fortune,BF games,98.01,98.01,
Steampunk Big City,BF games,96.15,96.15,
Stunning 27,BF games,96.05,96.05,
Stunning Hot,BF games,96.01,96.01,
Stunning Hot 20 Deluxe,BF games,96.01,96.01,
Tequila Fiesta,BF games,98.08,98.08,
Transylvanian Beauty,BF games,96.04,96.04,
Vintage Win,BF games,96.23,96.23,
Voodoo Candy Shop,BF games,96.15,96.15,
Wild Jack (BF Games),BF games,96.25,96.25,
Ancient Secrets,BF games,96.26,96.26,
Voodoo Candy Shop Deluxe,BF games,,,
Arising Phoenix,Amatic Industries,96.0,96.0,
Bells On Fire Rombo,Amatic Industries,94.78,94.78,
Big Panda,Amatic Industries,96.0,96.0,
Billyonaire,Amatic Industries,94.53,94.53,
Billys Game,Amatic Industries,96.0,96.0,
Book Of Aztec Demo & Slot Review,Amatic Industries,95.09,95.09,
Casanova,Amatic Industries,96.0,96.0,
Casinova,Amatic Industries,96.0,96.0,
Jumping Jaguar,Rival Gaming,94.58,94.58,
Diamond Cats,Amatic Industries,96.0,96.0,
Diamond Monkey,Amatic Industries,97.49,97.49,
Wild Bandits (Games Warehouse),Games Warehouse,92.61,92.61,
99 Time,Eyecon,95.39,95.39,
Beat The Bobbies,Eyecon,95.0,95.0,
Fae Legend Warrior,Eyecon,95.39,95.39,
Happy Birthday (Eyecon),Eyecon,95.4,95.4,
Rebets Splendour,Eyecon,97.0,97.073,97.073
Stampede (Betsoft),Betsoft,95.27,95.27,
Twinkle,Eyecon,95.0,95.0,
Unicorn Bliss,Eyecon,94.9,94.9,
Very Merry Christmas,Eyecon,95.05,95.05,
Xingyun Baozhu,Eyecon,94.91,94.91,
Diamonds On Fire,Amatic Industries,95.05,95.05,
Dragon's Kingdom,Amatic Industries,96.0,96.0,
Dragon's Pearl (Amatic),Amatic Industries,96.0,96.0,
Miami Beach,Wazdan,96.32,96.32,
Mystery Jack,Wazdan,96.79,96.79,
Night Club 81,Wazdan,95.91,95.91,
Super Hot (Wazdan),Wazdan,96.16,96.16,
Cube Mania,Wazdan,96.43,96.43,
Turbo Play,Wazdan,96.1,96.1,
Vegas Hot,Wazdan,96.05,96.05,
Vegas Hot 81,Wazdan,96.35,96.35,
Vegas Reels II,Wazdan,96.16,96.16,
Welcome To Hell 81,Wazdan,96.35,96.35,
Wild Girls,Wazdan,96.53,96.53,
Win And Replay,Wazdan,96.99,96.99,
Guardians of the Kingdom,Capecod Gaming,96.21,96.21,
Demon Jack 27,Wazdan,96.09,96.09,
Dino Reels 81,Wazdan,96.44,96.44,
Fenix Play,Wazdan,96.44,96.44,
Fenix Play 27,Wazdan,96.25,96.25,
Fire Bird (Wazdan),Wazdan,96.05,96.05,
Golden Sphinx,Wazdan,96.48,96.48,
Good Luck 40,Wazdan,96.62,96.62,
Haunted Hospital,Wazdan,96.49,96.49,
Highschool Manga,Wazdan,96.41,96.41,
Highway to Hell (Wazdan),Wazdan,96.18,96.18,
Hot 777,Wazdan,96.19,96.19,
Hot Party,Wazdan,96.48,96.48,
Hungry Shark (Wazdan),Wazdan,96.47,96.47,
In The Forest,Wazdan,96.63,96.63,
Jack On Hold,Wazdan,96.4,96.4,
Jackpot Builders,Wazdan,96.59,96.59,
Joker Explosion,Wazdan,96.5,96.5,
Lost Treasure (Wazdan),Wazdan,96.13,96.13,
Lucky Fortune (Wazdan),Wazdan,96.3,96.3,
Lucky Queen,Wazdan,96.17,96.17,
Magic Fruits,Wazdan,96.41,96.41,
Magic Fruits 4,Wazdan,96.1,96.1,
Magic Fruits 27,Wazdan,96.37,96.37,
Magic Fruits 81,Wazdan,96.42,96.42,
Magic Hot,Wazdan,96.35,96.35,
Magic Hot 4,Wazdan,96.1,96.1,
Magic Of The Ring,Wazdan,96.47,96.47,
Magic Stars,Wazdan,96.25,96.25,
Magic Target,Wazdan,96.63,96.63,
Wild Jack (Wazdan),Wazdan,96.34,96.34,
Wild Jack 81,Wazdan,96.73,96.73,
Rumpel Thrill Spins,Genesis,96.1,96.1,
Journey to the West (Genesis),Genesis,96.21,96.21,
Dragon's Hoard (Red7),Red7,,,
Railroad,Merkur,96.0,96.0,
CLUEDO Spinning Detectives,WMS,96.06,96.06,
The Cheshire Cat,WMS,95.94,95.94,
Glamour Puss,Bwin.Party,95.0,95.0,
Goanna Gold,Bwin.Party,96.2,96.2,
Gold of the Gods,Bwin.Party,93.31,93.31,
Intensive Scare,Bwin.Party,95.54,95.54,
Jail Break,Bwin.Party,95.01,95.01,
Joystick Generation,Bwin.Party,94.08,94.08,
Juicy Monsters,Bwin.Party,95.07,95.07,
Kung Food,Bwin.Party,95.02,95.02,
Larry In Egypt,Bwin.Party,94.5,94.5,
Casanova's Romance HD,Play Labs,95.6,95.6,
Circus Evolution HD,Play Labs,94.81,94.81,
The Pinguizz HD,Play Labs,91.8,91.8,
Legend of Zeus,Bwin.Party,93.31,93.31,
Loot'EnKhamun,Bwin.Party,93.69,93.69,
Lucky All-Stars 4 in 1,Bwin.Party,95.0,95.0,
Matador,Bwin.Party,93.8,93.8,
Moby Dick (Rabcat),Rabcat,96.15,96.15,
Monster Wheels (Microgaming),Games Global,96.04,96.04,
Need For Spin HD,Play Labs,94.38,94.38,
Scary Fruits HD,Play Labs,94.81,94.81,
Mr. Moneymaker HD,Play Labs,91.8,91.8,
Hercules HD,Play Labs,95.03,95.03,
Viking Legend HD,Play Labs,94.7,94.7,
SuperHeroes HD,Play Labs,96.12,96.12,
Octopus's Garden,Bwin.Party,,,
Arena de Toros HD,Play Labs,94.81,94.81,
Angeli e Demoni25 HD,Play Labs,94.43,94.43,
China Long HD,Play Labs,94.37,94.37,
Rainbow HD,Play Labs,95.16,95.16,
Fruits 4 Jackpot HD,Play Labs,,,
20000 Leagues,Wager Gaming,94.5,94.5,
Beat The Bank,Wager Gaming,,,
Birds Of Paradise (Wager Gaming),Wager Gaming,,,
Coral Cash (Wager Gaming),Wager Gaming,,,
Egyptian Wild HD,Play Labs,92.24,92.24,
Night Vampire HD,Play Labs,96.02,96.02,
Banana King HD,Play Labs,91.8,91.8,
Uga Age HD,Play Labs,91.62,91.62,
3D Farm HD,Play Labs,94.92,94.92,
Monte Carlo Jewels HD,Play Labs,96.2,96.2,
Fruits Evolution HD,Play Labs,98.1,98.1,
Aztec Moon HD,Play Labs,95.03,95.03,
Carnival Bonus HD,Play Labs,95.16,95.16,
Bandit's Bounty HD,Play Labs,95.65,95.65,
80 Day Adventure HD,Play Labs,96.03,96.03,
Magic Lamp HD,Play Labs,95.5,95.5,
Medusa's Lair HD,Play Labs,94.85,94.85,
Go Wild HD,Play Labs,96.16,96.16,
Dragon's Reels HD,Play Labs,94.43,94.43,
Golazo HD,Play Labs,94.09,94.09,
Riches of the Sea HD,Play Labs,95.1,95.1,
Fireworks Master,Playson,95.07,95.07,
Mandarin Fortune HD,Play Labs,95.1,95.1,
Stars Alliance HD,Play Labs,94.7,94.7,
Archibald Oriental Tales HD,Play Labs,95.16,95.16,
DoublePlay SuperBet HQ,NextGen,95.04,95.8,95.8
Fortunas Fruits,Amatic Industries,96.0,96.0,
Scruffy Scallywags,Habanero,96.18,96.18,
Fire And Ice (Amatic Industries),Amatic Industries,,,
Golden Book,Amatic Industries,94.96,94.96,
Grand Tiger,Amatic Industries,96.0,96.0,
Hot 81,Amatic Industries,96.0,96.0,
Hot Diamonds,Amatic Industries,96.0,96.0,
Hot Scatter,Amatic Industries,96.0,96.0,
Hot Star,Amatic Industries,96.0,96.0,
Hot Twenty,Amatic Industries,96.0,96.0,
Lady Joker,Amatic Industries,93.89,93.89,
Lovely Lady,Amatic Industries,96.0,96.0,
Lucky Bells,Amatic Industries,96.0,96.0,
Lucky Coin (Amatic Industries),Amatic Industries,96.0,96.0,
Magic Forest (Amatic Industries),Amatic Industries,,,
Archibald Discovering Africa HD,Play Labs,94.37,94.37,
Archibald Mayan Ruins HD,Play Labs,94.85,94.85,
Dante's Paradise HD,Play Labs,94.85,94.85,
Magic Idol (Amatic Industries),Amatic Industries,96.0,96.0,
Magic Owl,Amatic Industries,96.0,96.0,
Merry Fruits,Amatic Industries,96.0,96.0,
Party Time,Amatic Industries,96.0,96.0,
Royal Unicorn,Amatic Industries,96.0,96.0,
Dante's Purgatory HD,Play Labs,95.16,95.16,
Dante's Hell HD,Play Labs,94.37,94.37,
Tasty Street,Games Global,96.0,96.0,
Book of Pharaon HD,Play Labs,95.6,95.6,
Maracaibo HD,Play Labs,94.43,94.43,
Code Red HD,Play Labs,94.43,94.43,
Ace Adventure HD,Play Labs,96.57,96.57,
Robin Hood HD,Play Labs,94.11,94.11,
Secrets of Poseidon HD,Play Labs,96.57,96.57,
Jungle Mania HD,Play Labs,94.09,94.09,
Queen of Oceans HD,Play Labs,96.07,96.07,
Artic Adventure HD,Play Labs,94.39,94.39,
Tweety Birds,Amatic Industries,94.61,94.61,
Wild 7,Amatic Industries,96.0,96.0,
Wild Dragon Demo & Slot Review,Amatic Industries,96.85,96.85,
Wild Respin,Amatic Industries,96.0,96.0,
Wild Shark,Amatic Industries,96.0,96.0,
Just Hot HD,Play Labs,96.09,96.09,
Lady Glamour HD,Play Labs,97.55,97.55,
Return of the Phoenix HD,Play Labs,95.5,95.5,
Fantasy Island HD,Play Labs,91.97,91.97,
Air Force HD,Play Labs,97.49,97.49,
All Fruits HD,Play Labs,92.82,92.82,
Country Life HD,Play Labs,92.82,92.82,
50s PinUp HD,Play Labs,92.82,92.82,
Crime Records HD,Play Labs,94.19,94.19,
Angry Angels HD,Play Labs,96.57,96.57,
Rockabillions HD,Play Labs,96.57,96.57,
Striking Viking HD,Play Labs,91.83,91.83,
Fight Night HD,Play Labs,91.83,91.83,
The Forbidden City HD,Play Labs,91.97,91.97,
Mythos HD,Play Labs,94.19,94.19,
Golden Profits,Booming Games,2.89,97.11,97.11
The King Panda,Booming Games,3.9,96.1,96.1
Valley of Pharaohs,Booming Games,1.17,95.51,95.51
Vegas Wins,Booming Games,96.0,96.0,
Mega Glam Life JP,Betsoft,96.29,96.29,
Rhyming Reels - Hearts Tarts,Games Global,96.09,96.09,
Knockout Wins,Merkur,96.05,96.05,
Jackpot Bells,Playtech,96.03,96.03,
Freaky Fortune HD,Play Labs,97.49,97.49,
Bee Crazy HD,Play Labs,94.19,94.19,
Farm Adventures HD,Play Labs,98.11,98.11,
Fire Rescue HD,Play Labs,98.11,98.11,
B-boy's Street HD,Play Labs,98.11,98.11,
Space Monsters HD,Play Labs,98.11,98.11,
Sugarush HD,Play Labs,94.66,94.66,
Vampire Killer HD,Play Labs,97.01,97.01,
Insect World HD,Play Labs,97.01,97.01,
Xcalibur HD,Play Labs,95.03,95.03,
Mexican Cook HD,Play Labs,97.01,97.01,
Elite Commandos HD,Play Labs,98.11,98.11,
Into The Woods HD,Play Labs,94.43,94.43,
The Pirates Tavern HD,Play Labs,94.7,94.7,
Mondial,Game360,95.2,95.2,
Thundercats,Blueprint,95.5,95.5,
Burlesque HD,Play Labs,94.09,94.09,
Monkeys vs Sharks HD,Play Labs,94.95,94.95,
Hollywood Film HD,Play Labs,97.55,97.55,
Maximum HD,Play Labs,94.95,94.95,
NYC Real Estate HD,Play Labs,94.9,94.9,
Superbikes HD,Play Labs,,,
Ghosts' Night HD,Play Labs,94.11,94.11,
Zen Blade HD,Play Labs,94.43,94.43,
Touch Down HD,Play Labs,98.48,98.48,
Glamour Hills HD,Play Labs,94.09,94.09,
Cowboys Go West HD,Play Labs,97.84,97.84,
Magic Quest HD,Play Labs,94.95,94.95,
King Tut's Chamber HD,Play Labs,95.18,95.18,
Polar Adventure HD,Play Labs,95.18,95.18,
Circus HD,Play Labs,,,
Love Lab HD,Play Labs,94.11,94.11,
Sands of Fortune,OpenBet,93.76,93.76,
Dice High,Amusnet,94.16,94.16,
Bikini Beach HD,Play Labs,,,
Carry On Camping,CORE Gaming,95.63,95.63,
Contraption Game HD,Play Labs,,,
Gentleman Thief HD,Play Labs,94.43,94.43,
Diamond Croupier HD,Play Labs,94.09,94.09,
Shadow of the Panther,High 5 Games,96.0,96.0,
Fruits Dimension HD,Play Labs,94.43,94.43,
Aquarium HD,Play Labs,94.09,94.09,
The Mad Hatter HD,Play Labs,98.21,98.21,
Hero's War HD,Play Labs,97.76,97.76,
Horror Castle HD,Play Labs,94.9,94.9,
Glitter Gems,Ainsworth,94.25,94.25,
